solid 
 facet normal  6.138988e-02  9.963743e-01  5.890263e-02
   outer loop
     vertex -2.437449e-01 -3.161420e-01 -7.377661e-01
     vertex -4.902893e-01 -3.100188e-01 -5.843889e-01
     vertex -1.082605e-01 -3.553213e-01 -2.162295e-01
   endloop
 endfacet
 facet normal  7.669299e-02  9.955441e-01  5.486483e-02
   outer loop
     vertex -2.437449e-01 -3.161420e-01 -7.377661e-01
     vertex -1.082605e-01 -3.553213e-01 -2.162295e-01
     vertex -9.284127e-02 -3.561563e-01 -2.226320e-01
   endloop
 endfacet
 facet normal -6.191552e-02 -9.962913e-01 -5.975088e-02
   outer loop
     vertex -6.468868e-02 -3.575946e-01 -2.321258e-01
     vertex -4.902893e-01 -3.100188e-01 -5.843889e-01
     vertex -2.437449e-01 -3.161420e-01 -7.377661e-01
   endloop
 endfacet
 facet normal -7.327507e-02 -9.962494e-01 -4.602074e-02
   outer loop
     vertex -6.468868e-02 -3.575946e-01 -2.321258e-01
     vertex -1.360200e-01 -3.537241e-01 -2.023383e-01
     vertex -4.902893e-01 -3.100188e-01 -5.843889e-01
   endloop
 endfacet
 facet normal -3.781950e-02 -9.985163e-01  3.917814e-02
   outer loop
     vertex -5.210160e-02 -3.582042e-01 -2.355114e-01
     vertex -1.360200e-01 -3.537241e-01 -2.023383e-01
     vertex -6.468868e-02 -3.575946e-01 -2.321258e-01
   endloop
 endfacet
 facet normal -3.760654e-02 -9.985031e-01  3.971509e-02
   outer loop
     vertex -5.210160e-02 -3.582042e-01 -2.355114e-01
     vertex -1.484205e-01 -3.529676e-01 -1.950611e-01
     vertex -1.360200e-01 -3.537241e-01 -2.023383e-01
   endloop
 endfacet
 facet normal -3.785725e-02 -9.985171e-01  3.911992e-02
   outer loop
     vertex -3.935923e-02 -3.588015e-01 -2.384277e-01
     vertex -1.484205e-01 -3.529676e-01 -1.950611e-01
     vertex -5.210160e-02 -3.582042e-01 -2.355114e-01
   endloop
 endfacet
 facet normal -3.757250e-02 -9.984997e-01  3.983367e-02
   outer loop
     vertex -3.935923e-02 -3.588015e-01 -2.384277e-01
     vertex -1.626144e-01 -3.520656e-01 -1.858378e-01
     vertex -1.484205e-01 -3.529676e-01 -1.950611e-01
   endloop
 endfacet
 facet normal -3.789520e-02 -9.985173e-01  3.907962e-02
   outer loop
     vertex -2.647193e-02 -3.593863e-01 -2.408723e-01
     vertex -1.626144e-01 -3.520656e-01 -1.858378e-01
     vertex -3.935923e-02 -3.588015e-01 -2.384277e-01
   endloop
 endfacet
 facet normal  7.409530e-02  9.959559e-01  5.081161e-02
   outer loop
     vertex -2.647193e-02 -3.593863e-01 -2.408723e-01
     vertex -6.263322e-01 -3.070328e-01 -3.923131e-01
     vertex -1.626144e-01 -3.520656e-01 -1.858378e-01
   endloop
 endfacet
 facet normal  5.971668e-02  9.925099e-01  1.065743e-01
   outer loop
     vertex -1.345023e-02 -3.599581e-01 -2.428435e-01
     vertex -6.263322e-01 -3.070328e-01 -3.923131e-01
     vertex -2.647193e-02 -3.593863e-01 -2.408723e-01
   endloop
 endfacet
 facet normal -8.914646e-02 -9.959352e-01  1.288602e-02
   outer loop
     vertex -1.345023e-02 -3.599581e-01 -2.428435e-01
     vertex -1.811988e-01 -3.440266e-01 -1.720245e-01
     vertex -6.263322e-01 -3.070328e-01 -3.923131e-01
   endloop
 endfacet
 facet normal  1.378709e-01  9.848670e-01  1.050174e-01
   outer loop
     vertex  1.128658e-01 -3.229038e-01 -7.561769e-01
     vertex -1.811988e-01 -3.440266e-01 -1.720245e-01
     vertex -1.345023e-02 -3.599581e-01 -2.428435e-01
   endloop
 endfacet
 facet normal -6.557002e-01  6.906270e-01 -3.051092e-01
   outer loop
     vertex  1.128658e-01 -3.229038e-01 -7.561769e-01
     vertex -1.914044e-01 -3.501016e-01 -1.638432e-01
     vertex -1.811988e-01 -3.440266e-01 -1.720245e-01
   endloop
 endfacet
 facet normal  6.897290e-02  9.943178e-01  8.108558e-02
   outer loop
     vertex -6.968903e-01 -3.178774e-01 -1.290192e-01
     vertex -1.914044e-01 -3.501016e-01 -1.638432e-01
     vertex  1.128658e-01 -3.229038e-01 -7.561769e-01
   endloop
 endfacet
 facet normal  6.649789e-02  9.971275e-01 -3.626031e-02
   outer loop
     vertex -6.968903e-01 -3.178774e-01 -1.290192e-01
     vertex -3.305600e-01 -3.346999e-01  8.019077e-02
     vertex -3.267241e-01 -3.355464e-01  6.394886e-02
   endloop
 endfacet
 facet normal  6.595000e-02  9.972018e-01 -3.520249e-02
   outer loop
     vertex -6.968903e-01 -3.178774e-01 -1.290192e-01
     vertex -3.267241e-01 -3.355464e-01  6.394886e-02
     vertex -3.224156e-01 -3.363959e-01  4.795409e-02
   endloop
 endfacet
 facet normal  6.545510e-02  9.972710e-01 -3.414804e-02
   outer loop
     vertex -6.968903e-01 -3.178774e-01 -1.290192e-01
     vertex -3.224156e-01 -3.363959e-01  4.795409e-02
     vertex -3.176409e-01 -3.372479e-01  3.222556e-02
   endloop
 endfacet
 facet normal  6.500852e-02  9.973359e-01 -3.308989e-02
   outer loop
     vertex -6.968903e-01 -3.178774e-01 -1.290192e-01
     vertex -3.176409e-01 -3.372479e-01  3.222556e-02
     vertex -3.124068e-01 -3.381015e-01  1.678183e-02
   endloop
 endfacet
 facet normal  6.460638e-02  9.973969e-01 -3.202095e-02
   outer loop
     vertex -6.968903e-01 -3.178774e-01 -1.290192e-01
     vertex -3.124068e-01 -3.381015e-01  1.678183e-02
     vertex -3.067203e-01 -3.389559e-01  1.640856e-03
   endloop
 endfacet
 facet normal  6.424548e-02  9.974546e-01 -3.093397e-02
   outer loop
     vertex -6.968903e-01 -3.178774e-01 -1.290192e-01
     vertex -3.067203e-01 -3.389559e-01  1.640856e-03
     vertex -3.005887e-01 -3.398105e-01 -1.317995e-02
   endloop
 endfacet
 facet normal  6.392326e-02  9.975092e-01 -2.982129e-02
   outer loop
     vertex -6.968903e-01 -3.178774e-01 -1.290192e-01
     vertex -3.005887e-01 -3.398105e-01 -1.317995e-02
     vertex -2.940195e-01 -3.406644e-01 -2.766376e-02
   endloop
 endfacet
 facet normal  6.363773e-02  9.975610e-01 -2.867467e-02
   outer loop
     vertex -6.968903e-01 -3.178774e-01 -1.290192e-01
     vertex -2.940195e-01 -3.406644e-01 -2.766376e-02
     vertex -2.870205e-01 -3.415171e-01 -4.179430e-02
   endloop
 endfacet
 facet normal  6.338742e-02  9.976104e-01 -2.748508e-02
   outer loop
     vertex -6.968903e-01 -3.178774e-01 -1.290192e-01
     vertex -2.870205e-01 -3.415171e-01 -4.179430e-02
     vertex -2.795997e-01 -3.423678e-01 -5.555588e-02
   endloop
 endfacet
 facet normal  6.317141e-02  9.976576e-01 -2.624235e-02
   outer loop
     vertex -6.968903e-01 -3.178774e-01 -1.290192e-01
     vertex -2.795997e-01 -3.423678e-01 -5.555588e-02
     vertex -2.717656e-01 -3.432157e-01 -6.893338e-02
   endloop
 endfacet
 facet normal  6.298930e-02  9.977027e-01 -2.493489e-02
   outer loop
     vertex -6.968903e-01 -3.178774e-01 -1.290192e-01
     vertex -2.717656e-01 -3.432157e-01 -6.893338e-02
     vertex -2.635265e-01 -3.440602e-01 -8.191223e-02
   endloop
 endfacet
 facet normal  6.287665e-02  9.977356e-01 -2.388029e-02
   outer loop
     vertex -6.968903e-01 -3.178774e-01 -1.290192e-01
     vertex -2.635265e-01 -3.440602e-01 -8.191223e-02
     vertex -2.590060e-01 -3.445055e-01 -8.861393e-02
   endloop
 endfacet
 facet normal  0.000000e+00  0.000000e+00  0.000000e+00
   outer loop
     vertex -6.968903e-01 -3.178774e-01 -1.290192e-01
     vertex -2.590060e-01 -3.445055e-01 -8.861393e-02
     vertex -6.968903e-01 -3.178774e-01 -1.290192e-01
   endloop
 endfacet
 facet normal  0.000000e+00  0.000000e+00  0.000000e+00
   outer loop
     vertex -6.968903e-01 -3.178774e-01 -1.290192e-01
     vertex -6.968903e-01 -3.178774e-01 -1.290192e-01
     vertex -2.455278e-01 -3.457673e-01 -1.070601e-01
   endloop
 endfacet
 facet normal  6.265012e-02  9.978264e-01 -2.043227e-02
   outer loop
     vertex -6.968903e-01 -3.178774e-01 -1.290192e-01
     vertex -2.455278e-01 -3.457673e-01 -1.070601e-01
     vertex -2.363182e-01 -3.465798e-01 -1.185012e-01
   endloop
 endfacet
 facet normal  6.189368e-02  9.979961e-01  1.315433e-02
   outer loop
     vertex -6.968903e-01 -3.178774e-01 -1.290192e-01
     vertex -2.363182e-01 -3.465798e-01 -1.185012e-01
     vertex -6.830970e-01 -3.173741e-01 -2.321037e-01
   endloop
 endfacet
 facet normal -6.317143e-02 -9.979137e-01 -1.332490e-02
   outer loop
     vertex -6.968903e-01 -3.178774e-01 -1.290192e-01
     vertex -6.830970e-01 -3.173741e-01 -2.321037e-01
     vertex -2.191451e-01 -3.480045e-01 -1.376997e-01
   endloop
 endfacet
 facet normal  6.362055e-02  9.971432e-01  4.071724e-02
   outer loop
     vertex -6.968903e-01 -3.178774e-01 -1.290192e-01
     vertex -2.191451e-01 -3.480045e-01 -1.376997e-01
     vertex -6.688954e-01 -3.133268e-01 -2.842043e-01
   endloop
 endfacet
 facet normal -6.551756e-02 -9.970065e-01 -4.105544e-02
   outer loop
     vertex -6.968903e-01 -3.178774e-01 -1.290192e-01
     vertex -6.688954e-01 -3.133268e-01 -2.842043e-01
     vertex -2.015114e-01 -3.493635e-01 -1.549407e-01
   endloop
 endfacet
 facet normal  6.283264e-02  9.979588e-01 -1.141241e-02
   outer loop
     vertex -6.968903e-01 -3.178774e-01 -1.290192e-01
     vertex -2.015114e-01 -3.493635e-01 -1.549407e-01
     vertex -1.914044e-01 -3.501016e-01 -1.638432e-01
   endloop
 endfacet
 facet normal -9.570228e-03 -9.992404e-01  3.777538e-02
   outer loop
     vertex -8.112707e-02 -3.133910e-01  6.361633e-01
     vertex -9.281342e-02 -3.134202e-01  6.324301e-01
     vertex -9.950585e-02 -3.134463e-01  6.300430e-01
   endloop
 endfacet
 facet normal  6.732699e-02  9.751651e-01 -2.109977e-01
   outer loop
     vertex -8.112707e-02 -3.133910e-01  6.361633e-01
     vertex -9.950585e-02 -3.134463e-01  6.300430e-01
     vertex -1.069503e-01 -3.120437e-01  6.341499e-01
   endloop
 endfacet
 facet normal -6.072655e-02 -9.806817e-01  1.859452e-01
   outer loop
     vertex -6.918396e-02 -3.133819e-01  6.394262e-01
     vertex -1.069503e-01 -3.120437e-01  6.341499e-01
     vertex -1.167094e-01 -3.135466e-01  6.230362e-01
   endloop
 endfacet
 facet normal  7.057881e-02  9.627519e-01 -2.610123e-01
   outer loop
     vertex -6.918396e-02 -3.133819e-01  6.394262e-01
     vertex -8.112707e-02 -3.133910e-01  6.361633e-01
     vertex -1.069503e-01 -3.120437e-01  6.341499e-01
   endloop
 endfacet
 facet normal -9.628350e-03 -9.992316e-01  3.799299e-02
   outer loop
     vertex -5.698540e-02 -3.133933e-01  6.422046e-01
     vertex -1.167094e-01 -3.135466e-01  6.230362e-01
     vertex -1.270722e-01 -3.136313e-01  6.181824e-01
   endloop
 endfacet
 facet normal -9.495932e-03 -9.992485e-01  3.758054e-02
   outer loop
     vertex -5.698540e-02 -3.133933e-01  6.422046e-01
     vertex -6.918396e-02 -3.133819e-01  6.394262e-01
     vertex -1.167094e-01 -3.135466e-01  6.230362e-01
   endloop
 endfacet
 facet normal -9.641710e-03 -9.992285e-01  3.807219e-02
   outer loop
     vertex -4.453278e-02 -3.134257e-01  6.444838e-01
     vertex -1.270722e-01 -3.136313e-01  6.181824e-01
     vertex -1.371980e-01 -3.137328e-01  6.129542e-01
   endloop
 endfacet
 facet normal -9.459485e-03 -9.992518e-01  3.750051e-02
   outer loop
     vertex -4.453278e-02 -3.134257e-01  6.444838e-01
     vertex -5.698540e-02 -3.133933e-01  6.422046e-01
     vertex -1.270722e-01 -3.136313e-01  6.181824e-01
   endloop
 endfacet
 facet normal -9.651563e-03 -9.992253e-01  3.815338e-02
   outer loop
     vertex -3.182758e-02 -3.134793e-01  6.462490e-01
     vertex -1.371980e-01 -3.137328e-01  6.129542e-01
     vertex -1.470858e-01 -3.138508e-01  6.073636e-01
   endloop
 endfacet
 facet normal -9.420390e-03 -9.992551e-01  3.742200e-02
   outer loop
     vertex -3.182758e-02 -3.134793e-01  6.462490e-01
     vertex -4.453278e-02 -3.134257e-01  6.444838e-01
     vertex -1.371980e-01 -3.137328e-01  6.129542e-01
   endloop
 endfacet
 facet normal -9.657829e-03 -9.992220e-01  3.823664e-02
   outer loop
     vertex -1.887129e-02 -3.135547e-01  6.474856e-01
     vertex -1.470858e-01 -3.138508e-01  6.073636e-01
     vertex -1.567348e-01 -3.139849e-01  6.014223e-01
   endloop
 endfacet
 facet normal -9.712372e-03 -9.992153e-01  3.839982e-02
   outer loop
     vertex -1.887129e-02 -3.135547e-01  6.474856e-01
     vertex -1.567348e-01 -3.139849e-01  6.014223e-01
     vertex -1.661442e-01 -3.141348e-01  5.951420e-01
   endloop
 endfacet
 facet normal -9.378701e-03 -9.992584e-01  3.734492e-02
   outer loop
     vertex -1.887129e-02 -3.135547e-01  6.474856e-01
     vertex -3.182758e-02 -3.134793e-01  6.462490e-01
     vertex -1.470858e-01 -3.138508e-01  6.073636e-01
   endloop
 endfacet
 facet normal -9.714932e-03 -9.992119e-01  3.848694e-02
   outer loop
     vertex -5.665500e-03 -3.136522e-01  6.481784e-01
     vertex -1.661442e-01 -3.141348e-01  5.951420e-01
     vertex -1.753133e-01 -3.143002e-01  5.885341e-01
   endloop
 endfacet
 facet normal -9.338618e-03 -9.992587e-01  3.734871e-02
   outer loop
     vertex -5.665500e-03 -3.136522e-01  6.481784e-01
     vertex -1.887129e-02 -3.135547e-01  6.474856e-01
     vertex -1.661442e-01 -3.141348e-01  5.951420e-01
   endloop
 endfacet
 facet normal -9.713677e-03 -9.992084e-01  3.857642e-02
   outer loop
     vertex  7.788151e-03 -3.137723e-01  6.483124e-01
     vertex -1.753133e-01 -3.143002e-01  5.885341e-01
     vertex -1.842414e-01 -3.144807e-01  5.816101e-01
   endloop
 endfacet
 facet normal -9.288513e-03 -9.992619e-01  3.727461e-02
   outer loop
     vertex  7.788151e-03 -3.137723e-01  6.483124e-01
     vertex -5.665500e-03 -3.136522e-01  6.481784e-01
     vertex -1.753133e-01 -3.143002e-01  5.885341e-01
   endloop
 endfacet
 facet normal -9.708509e-03 -9.992049e-01  3.866836e-02
   outer loop
     vertex  2.148796e-02 -3.139153e-01  6.478724e-01
     vertex -1.842414e-01 -3.144807e-01  5.816101e-01
     vertex -1.929280e-01 -3.146760e-01  5.743813e-01
   endloop
 endfacet
 facet normal -9.766897e-03 -9.991978e-01  3.883864e-02
   outer loop
     vertex  2.148796e-02 -3.139153e-01  6.478724e-01
     vertex -1.929280e-01 -3.146760e-01  5.743813e-01
     vertex -2.013724e-01 -3.148859e-01  5.668588e-01
   endloop
 endfacet
 facet normal -9.235972e-03 -9.992651e-01  3.720175e-02
   outer loop
     vertex  2.148796e-02 -3.139153e-01  6.478724e-01
     vertex  7.788151e-03 -3.137723e-01  6.483124e-01
     vertex -1.842414e-01 -3.144807e-01  5.816101e-01
   endloop
 endfacet
 facet normal -9.757539e-03 -9.991941e-01  3.893517e-02
   outer loop
     vertex  3.543217e-02 -3.140817e-01  6.468429e-01
     vertex -2.013724e-01 -3.148859e-01  5.668588e-01
     vertex -2.095740e-01 -3.151099e-01  5.590537e-01
   endloop
 endfacet
 facet normal -9.175013e-03 -9.992653e-01  3.721123e-02
   outer loop
     vertex  3.543217e-02 -3.140817e-01  6.468429e-01
     vertex  2.148796e-02 -3.139153e-01  6.478724e-01
     vertex -2.013724e-01 -3.148859e-01  5.668588e-01
   endloop
 endfacet
 facet normal -9.111330e-03 -9.992688e-01  3.713257e-02
   outer loop
     vertex  5.121015e-02 -3.142944e-01  6.449889e-01
     vertex  3.543217e-02 -3.140817e-01  6.468429e-01
     vertex -2.095740e-01 -3.151099e-01  5.590537e-01
   endloop
 endfacet
 facet normal -9.735581e-03 -9.991908e-01  3.902623e-02
   outer loop
     vertex  5.121015e-02 -3.142944e-01  6.449889e-01
     vertex -2.095740e-01 -3.151099e-01  5.590537e-01
     vertex -2.175326e-01 -3.153478e-01  5.509769e-01
   endloop
 endfacet
 facet normal -9.797274e-03 -9.991833e-01  3.920250e-02
   outer loop
     vertex  5.121015e-02 -3.142944e-01  6.449889e-01
     vertex -2.175326e-01 -3.153478e-01  5.509769e-01
     vertex -2.252475e-01 -3.155993e-01  5.426394e-01
   endloop
 endfacet
 facet normal -9.758917e-03 -9.991802e-01  3.928996e-02
   outer loop
     vertex  6.908931e-02 -3.145660e-01  6.420267e-01
     vertex -2.252475e-01 -3.155993e-01  5.426394e-01
     vertex -2.327185e-01 -3.158640e-01  5.340518e-01
   endloop
 endfacet
 facet normal -9.025830e-03 -9.992701e-01  3.711985e-02
   outer loop
     vertex  6.908931e-02 -3.145660e-01  6.420267e-01
     vertex  5.121015e-02 -3.142944e-01  6.449889e-01
     vertex -2.252475e-01 -3.155993e-01  5.426394e-01
   endloop
 endfacet
 facet normal -9.714076e-03 -9.991770e-01  3.938103e-02
   outer loop
     vertex  8.733128e-02 -3.148752e-01  6.380861e-01
     vertex -2.327185e-01 -3.158640e-01  5.340518e-01
     vertex -2.399452e-01 -3.161417e-01  5.252248e-01
   endloop
 endfacet
 facet normal -9.777271e-03 -9.991692e-01  3.956420e-02
   outer loop
     vertex  8.733128e-02 -3.148752e-01  6.380861e-01
     vertex -2.399452e-01 -3.161417e-01  5.252248e-01
     vertex -2.469274e-01 -3.164319e-01  5.161689e-01
   endloop
 endfacet
 facet normal -8.945276e-03 -9.992746e-01  3.701683e-02
   outer loop
     vertex  8.733128e-02 -3.148752e-01  6.380861e-01
     vertex  6.908931e-02 -3.145660e-01  6.420267e-01
     vertex -2.327185e-01 -3.158640e-01  5.340518e-01
   endloop
 endfacet
 facet normal -9.724207e-03 -9.991658e-01  3.966183e-02
   outer loop
     vertex  1.059322e-01 -3.152230e-01  6.331371e-01
     vertex -2.469274e-01 -3.164319e-01  5.161689e-01
     vertex -2.536648e-01 -3.167345e-01  5.068944e-01
   endloop
 endfacet
 facet normal -9.790233e-03 -9.991577e-01  3.984981e-02
   outer loop
     vertex  1.059322e-01 -3.152230e-01  6.331371e-01
     vertex -2.536648e-01 -3.167345e-01  5.068944e-01
     vertex -2.601573e-01 -3.170491e-01  4.974116e-01
   endloop
 endfacet
 facet normal -8.841037e-03 -9.992762e-01  3.699870e-02
   outer loop
     vertex  1.059322e-01 -3.152230e-01  6.331371e-01
     vertex  8.733128e-02 -3.148752e-01  6.380861e-01
     vertex -2.469274e-01 -3.164319e-01  5.161689e-01
   endloop
 endfacet
 facet normal -9.739353e-03 -9.991527e-01  3.998680e-02
   outer loop
     vertex  1.248882e-01 -3.156102e-01  6.271492e-01
     vertex -2.601573e-01 -3.170491e-01  4.974116e-01
     vertex -2.684329e-01 -3.174867e-01  4.844615e-01
   endloop
 endfacet
 facet normal -9.839097e-03 -9.991407e-01  4.026159e-02
   outer loop
     vertex  1.248882e-01 -3.156102e-01  6.271492e-01
     vertex -2.684329e-01 -3.174867e-01  4.844615e-01
     vertex -2.772220e-01 -3.180030e-01  4.695014e-01
   endloop
 endfacet
 facet normal -8.726766e-03 -9.992778e-01  3.698296e-02
   outer loop
     vertex  1.248882e-01 -3.156102e-01  6.271492e-01
     vertex  1.059322e-01 -3.152230e-01  6.331371e-01
     vertex -2.601573e-01 -3.170491e-01  4.974116e-01
   endloop
 endfacet
 facet normal -8.575944e-03 -9.992769e-01  3.704175e-02
   outer loop
     vertex  1.441949e-01 -3.160375e-01  6.200916e-01
     vertex  1.248882e-01 -3.156102e-01  6.271492e-01
     vertex -2.772220e-01 -3.180030e-01  4.695014e-01
   endloop
 endfacet
 facet normal -9.803817e-03 -9.991324e-01  4.047599e-02
   outer loop
     vertex  1.441949e-01 -3.160375e-01  6.200916e-01
     vertex -2.772220e-01 -3.180030e-01  4.695014e-01
     vertex -2.854597e-01 -3.185437e-01  4.541589e-01
   endloop
 endfacet
 facet normal -9.759974e-03 -9.991238e-01  4.069977e-02
   outer loop
     vertex  1.638483e-01 -3.165058e-01  6.119333e-01
     vertex -2.854597e-01 -3.185437e-01  4.541589e-01
     vertex -2.931463e-01 -3.191078e-01  4.384670e-01
   endloop
 endfacet
 facet normal -9.877623e-03 -9.991099e-01  4.100951e-02
   outer loop
     vertex  1.638483e-01 -3.165058e-01  6.119333e-01
     vertex -2.931463e-01 -3.191078e-01  4.384670e-01
     vertex -3.002823e-01 -3.196944e-01  4.224577e-01
   endloop
 endfacet
 facet normal -8.455714e-03 -9.992800e-01  3.698753e-02
   outer loop
     vertex  1.638483e-01 -3.165058e-01  6.119333e-01
     vertex  1.441949e-01 -3.160375e-01  6.200916e-01
     vertex -2.854597e-01 -3.185437e-01  4.541589e-01
   endloop
 endfacet
 facet normal -8.263371e-03 -9.992789e-01  3.705816e-02
   outer loop
     vertex  1.860866e-01 -3.170751e-01  6.015395e-01
     vertex  1.638483e-01 -3.165058e-01  6.119333e-01
     vertex -3.002823e-01 -3.196944e-01  4.224577e-01
   endloop
 endfacet
 facet normal -9.805295e-03 -9.991010e-01  4.124327e-02
   outer loop
     vertex  1.860866e-01 -3.170751e-01  6.015395e-01
     vertex -3.002823e-01 -3.196944e-01  4.224577e-01
     vertex -3.068687e-01 -3.203024e-01  4.061628e-01
   endloop
 endfacet
 facet normal -9.933567e-03 -9.990864e-01  4.156667e-02
   outer loop
     vertex  1.860866e-01 -3.170751e-01  6.015395e-01
     vertex -3.068687e-01 -3.203024e-01  4.061628e-01
     vertex -3.129065e-01 -3.209309e-01  3.896133e-01
   endloop
 endfacet
 facet normal -8.040357e-03 -9.992787e-01  3.711249e-02
   outer loop
     vertex  2.112835e-01 -3.177696e-01  5.882988e-01
     vertex  1.860866e-01 -3.170751e-01  6.015395e-01
     vertex -3.129065e-01 -3.209309e-01  3.896133e-01
   endloop
 endfacet
 facet normal -9.823535e-03 -9.990771e-01  4.181383e-02
   outer loop
     vertex  2.112835e-01 -3.177696e-01  5.882988e-01
     vertex -3.129065e-01 -3.209309e-01  3.896133e-01
     vertex -3.183970e-01 -3.215790e-01  3.728397e-01
   endloop
 endfacet
 facet normal -9.961495e-03 -9.990615e-01  4.215271e-02
   outer loop
     vertex  2.112835e-01 -3.177696e-01  5.882988e-01
     vertex -3.183970e-01 -3.215790e-01  3.728397e-01
     vertex -3.233419e-01 -3.222456e-01  3.558719e-01
   endloop
 endfacet
 facet normal -1.011140e-02 -9.990454e-01  4.249721e-02
   outer loop
     vertex  2.112835e-01 -3.177696e-01  5.882988e-01
     vertex -3.233419e-01 -3.222456e-01  3.558719e-01
     vertex -3.277430e-01 -3.229298e-01  3.387392e-01
   endloop
 endfacet
 facet normal -1.027361e-02 -9.990288e-01  4.284722e-02
   outer loop
     vertex  2.112835e-01 -3.177696e-01  5.882988e-01
     vertex -3.277430e-01 -3.229298e-01  3.387392e-01
     vertex -3.316024e-01 -3.236308e-01  3.214705e-01
   endloop
 endfacet
 facet normal -1.044848e-02 -9.990117e-01  4.320263e-02
   outer loop
     vertex  2.112835e-01 -3.177696e-01  5.882988e-01
     vertex -3.316024e-01 -3.236308e-01  3.214705e-01
     vertex -3.349225e-01 -3.243475e-01  3.040940e-01
   endloop
 endfacet
 facet normal -1.063637e-02 -9.989940e-01  4.356332e-02
   outer loop
     vertex  2.112835e-01 -3.177696e-01  5.882988e-01
     vertex -3.349225e-01 -3.243475e-01  3.040940e-01
     vertex -3.377059e-01 -3.250791e-01  2.866374e-01
   endloop
 endfacet
 facet normal -1.083762e-02 -9.989759e-01  4.392915e-02
   outer loop
     vertex  2.112835e-01 -3.177696e-01  5.882988e-01
     vertex -3.377059e-01 -3.250791e-01  2.866374e-01
     vertex -3.399557e-01 -3.258247e-01  2.691276e-01
   endloop
 endfacet
 facet normal -1.105259e-02 -9.989571e-01  4.429994e-02
   outer loop
     vertex  2.112835e-01 -3.177696e-01  5.882988e-01
     vertex -3.399557e-01 -3.258247e-01  2.691276e-01
     vertex -3.416747e-01 -3.265833e-01  2.515912e-01
   endloop
 endfacet
 facet normal -1.128160e-02 -9.989378e-01  4.467553e-02
   outer loop
     vertex  2.112835e-01 -3.177696e-01  5.882988e-01
     vertex -3.416747e-01 -3.265833e-01  2.515912e-01
     vertex -3.428666e-01 -3.273542e-01  2.340542e-01
   endloop
 endfacet
 facet normal -1.152499e-02 -9.989180e-01  4.505572e-02
   outer loop
     vertex  2.112835e-01 -3.177696e-01  5.882988e-01
     vertex -3.428666e-01 -3.273542e-01  2.340542e-01
     vertex -3.435350e-01 -3.281363e-01  2.165420e-01
   endloop
 endfacet
 facet normal -1.178306e-02 -9.988976e-01  4.544031e-02
   outer loop
     vertex  2.112835e-01 -3.177696e-01  5.882988e-01
     vertex -3.435350e-01 -3.281363e-01  2.165420e-01
     vertex -3.436838e-01 -3.289290e-01  1.990792e-01
   endloop
 endfacet
 facet normal -1.205613e-02 -9.988765e-01  4.582907e-02
   outer loop
     vertex  2.112835e-01 -3.177696e-01  5.882988e-01
     vertex -3.436838e-01 -3.289290e-01  1.990792e-01
     vertex -3.433171e-01 -3.297312e-01  1.816903e-01
   endloop
 endfacet
 facet normal -1.234450e-02 -9.988549e-01  4.622175e-02
   outer loop
     vertex  2.112835e-01 -3.177696e-01  5.882988e-01
     vertex -3.433171e-01 -3.297312e-01  1.816903e-01
     vertex -3.424395e-01 -3.305422e-01  1.643987e-01
   endloop
 endfacet
 facet normal -1.264843e-02 -9.988327e-01  4.661809e-02
   outer loop
     vertex  2.112835e-01 -3.177696e-01  5.882988e-01
     vertex -3.424395e-01 -3.305422e-01  1.643987e-01
     vertex -3.410555e-01 -3.313612e-01  1.472277e-01
   endloop
 endfacet
 facet normal  1.604528e-01  9.658821e-01 -2.032894e-01
   outer loop
     vertex  2.112835e-01 -3.177696e-01  5.882988e-01
     vertex -3.305600e-01 -3.346999e-01  8.019077e-02
     vertex -6.968903e-01 -3.178774e-01 -1.290192e-01
   endloop
 endfacet
 facet normal -1.296819e-02 -9.988099e-01  4.701782e-02
   outer loop
     vertex  2.112835e-01 -3.177696e-01  5.882988e-01
     vertex -3.410555e-01 -3.313612e-01  1.472277e-01
     vertex -3.391703e-01 -3.321872e-01  1.301997e-01
   endloop
 endfacet
 facet normal -1.330404e-02 -9.987864e-01  4.742064e-02
   outer loop
     vertex  2.112835e-01 -3.177696e-01  5.882988e-01
     vertex -3.391703e-01 -3.321872e-01  1.301997e-01
     vertex -3.367889e-01 -3.330195e-01  1.133367e-01
   endloop
 endfacet
 facet normal -1.365620e-02 -9.987623e-01  4.782623e-02
   outer loop
     vertex  2.112835e-01 -3.177696e-01  5.882988e-01
     vertex -3.367889e-01 -3.330195e-01  1.133367e-01
     vertex -3.339169e-01 -3.338574e-01  9.666015e-02
   endloop
 endfacet
 facet normal -1.402488e-02 -9.987376e-01  4.823426e-02
   outer loop
     vertex  2.112835e-01 -3.177696e-01  5.882988e-01
     vertex -3.339169e-01 -3.338574e-01  9.666015e-02
     vertex -3.305600e-01 -3.346999e-01  8.019077e-02
   endloop
 endfacet
 facet normal -2.091243e-01 -9.413242e-01  2.649072e-01
   outer loop
     vertex  3.005535e-01 -3.478929e-01  5.517303e-01
     vertex  2.112835e-01 -3.177696e-01  5.882988e-01
     vertex -6.968903e-01 -3.178774e-01 -1.290192e-01
   endloop
 endfacet
 facet normal  7.437515e-02  9.951032e-01 -6.509961e-02
   outer loop
     vertex -1.069503e-01 -3.120437e-01  6.341499e-01
     vertex  3.005535e-01 -3.478929e-01  5.517303e-01
     vertex -6.968903e-01 -3.178774e-01 -1.290192e-01
   endloop
 endfacet
 facet normal -7.278342e-02 -9.953005e-01  6.387069e-02
   outer loop
     vertex  3.139210e-01 -3.485002e-01  5.456475e-01
     vertex -1.069503e-01 -3.120437e-01  6.341499e-01
     vertex -6.968903e-01 -3.178774e-01 -1.290192e-01
   endloop
 endfacet
 facet normal -3.958943e-02 -9.991184e-01  1.396492e-02
   outer loop
     vertex  3.268213e-01 -3.490993e-01  5.393549e-01
     vertex  3.139210e-01 -3.485002e-01  5.456475e-01
     vertex -6.968903e-01 -3.178774e-01 -1.290192e-01
   endloop
 endfacet
 facet normal -2.497138e-01 -9.523870e-01  1.749341e-01
   outer loop
     vertex  3.041634e-01 -3.462782e-01  5.656742e-01
     vertex  2.112835e-01 -3.177696e-01  5.882988e-01
     vertex  3.005535e-01 -3.478929e-01  5.517303e-01
   endloop
 endfacet
 facet normal -3.097768e-01 -9.476350e-01 -7.762890e-02
   outer loop
     vertex  3.041634e-01 -3.462782e-01  5.656742e-01
     vertex  2.159374e-01 -3.201718e-01  5.990516e-01
     vertex  2.112835e-01 -3.177696e-01  5.882988e-01
   endloop
 endfacet
 facet normal -3.996234e-02 -9.990954e-01  1.453715e-02
   outer loop
     vertex  3.431756e-01 -3.498791e-01  5.307218e-01
     vertex  3.268213e-01 -3.490993e-01  5.393549e-01
     vertex -6.968903e-01 -3.178774e-01 -1.290192e-01
   endloop
 endfacet
 facet normal -4.037629e-02 -9.990691e-01  1.519101e-02
   outer loop
     vertex  3.587366e-01 -3.506444e-01  5.217494e-01
     vertex  3.431756e-01 -3.498791e-01  5.307218e-01
     vertex -6.968903e-01 -3.178774e-01 -1.290192e-01
   endloop
 endfacet
 facet normal -4.077871e-02 -9.990426e-01  1.584513e-02
   outer loop
     vertex  3.735179e-01 -3.513952e-01  5.124530e-01
     vertex  3.587366e-01 -3.506444e-01  5.217494e-01
     vertex -6.968903e-01 -3.178774e-01 -1.290192e-01
   endloop
 endfacet
 facet normal -4.116952e-02 -9.990159e-01  1.649865e-02
   outer loop
     vertex  3.875328e-01 -3.521314e-01  5.028480e-01
     vertex  3.735179e-01 -3.513952e-01  5.124530e-01
     vertex -6.968903e-01 -3.178774e-01 -1.290192e-01
   endloop
 endfacet
 facet normal -4.154866e-02 -9.989893e-01  1.715078e-02
   outer loop
     vertex  4.007947e-01 -3.528529e-01  4.929495e-01
     vertex  3.875328e-01 -3.521314e-01  5.028480e-01
     vertex -6.968903e-01 -3.178774e-01 -1.290192e-01
   endloop
 endfacet
 facet normal -4.191612e-02 -9.989625e-01  1.780080e-02
   outer loop
     vertex  4.133166e-01 -3.535596e-01  4.827724e-01
     vertex  4.007947e-01 -3.528529e-01  4.929495e-01
     vertex -6.968903e-01 -3.178774e-01 -1.290192e-01
   endloop
 endfacet
 facet normal -4.227196e-02 -9.989358e-01  1.844808e-02
   outer loop
     vertex  4.251119e-01 -3.542516e-01  4.723315e-01
     vertex  4.133166e-01 -3.535596e-01  4.827724e-01
     vertex -6.968903e-01 -3.178774e-01 -1.290192e-01
   endloop
 endfacet
 facet normal -4.261622e-02 -9.989091e-01  1.909204e-02
   outer loop
     vertex  4.361934e-01 -3.549287e-01  4.616413e-01
     vertex  4.251119e-01 -3.542516e-01  4.723315e-01
     vertex -6.968903e-01 -3.178774e-01 -1.290192e-01
   endloop
 endfacet
 facet normal -4.294903e-02 -9.988824e-01  1.973215e-02
   outer loop
     vertex  4.465742e-01 -3.555908e-01  4.507163e-01
     vertex  4.361934e-01 -3.549287e-01  4.616413e-01
     vertex -6.968903e-01 -3.178774e-01 -1.290192e-01
   endloop
 endfacet
 facet normal -4.327051e-02 -9.988557e-01  2.036796e-02
   outer loop
     vertex  4.562671e-01 -3.562380e-01  4.395706e-01
     vertex  4.465742e-01 -3.555908e-01  4.507163e-01
     vertex -6.968903e-01 -3.178774e-01 -1.290192e-01
   endloop
 endfacet
 facet normal -4.358083e-02 -9.988292e-01  2.099911e-02
   outer loop
     vertex  4.652849e-01 -3.568701e-01  4.282183e-01
     vertex  4.562671e-01 -3.562380e-01  4.395706e-01
     vertex -6.968903e-01 -3.178774e-01 -1.290192e-01
   endloop
 endfacet
 facet normal -4.388016e-02 -9.988027e-01  2.162524e-02
   outer loop
     vertex  4.736404e-01 -3.574872e-01  4.166732e-01
     vertex  4.652849e-01 -3.568701e-01  4.282183e-01
     vertex -6.968903e-01 -3.178774e-01 -1.290192e-01
   endloop
 endfacet
 facet normal -4.416870e-02 -9.987764e-01  2.224609e-02
   outer loop
     vertex  4.813462e-01 -3.580891e-01  4.049489e-01
     vertex  4.736404e-01 -3.574872e-01  4.166732e-01
     vertex -6.968903e-01 -3.178774e-01 -1.290192e-01
   endloop
 endfacet
 facet normal -4.444668e-02 -9.987501e-01  2.286145e-02
   outer loop
     vertex  4.884148e-01 -3.586758e-01  3.930590e-01
     vertex  4.813462e-01 -3.580891e-01  4.049489e-01
     vertex -6.968903e-01 -3.178774e-01 -1.290192e-01
   endloop
 endfacet
 facet normal -4.471433e-02 -9.987241e-01  2.347114e-02
   outer loop
     vertex  4.948587e-01 -3.592473e-01  3.810166e-01
     vertex  4.884148e-01 -3.586758e-01  3.930590e-01
     vertex -6.968903e-01 -3.178774e-01 -1.290192e-01
   endloop
 endfacet
 facet normal -4.497188e-02 -9.986981e-01  2.407504e-02
   outer loop
     vertex  5.006903e-01 -3.598036e-01  3.688351e-01
     vertex  4.948587e-01 -3.592473e-01  3.810166e-01
     vertex -6.968903e-01 -3.178774e-01 -1.290192e-01
   endloop
 endfacet
 facet normal -4.521960e-02 -9.986723e-01  2.467309e-02
   outer loop
     vertex  5.059218e-01 -3.603445e-01  3.565272e-01
     vertex  5.006903e-01 -3.598036e-01  3.688351e-01
     vertex -6.968903e-01 -3.178774e-01 -1.290192e-01
   endloop
 endfacet
 facet normal -4.545773e-02 -9.986467e-01  2.526524e-02
   outer loop
     vertex  5.105655e-01 -3.608702e-01  3.441057e-01
     vertex  5.059218e-01 -3.603445e-01  3.565272e-01
     vertex -6.968903e-01 -3.178774e-01 -1.290192e-01
   endloop
 endfacet
 facet normal -4.568655e-02 -9.986213e-01  2.585152e-02
   outer loop
     vertex  5.146336e-01 -3.613805e-01  3.315832e-01
     vertex  5.105655e-01 -3.608702e-01  3.441057e-01
     vertex -6.968903e-01 -3.178774e-01 -1.290192e-01
   endloop
 endfacet
 facet normal -4.590631e-02 -9.985960e-01  2.643196e-02
   outer loop
     vertex  5.181381e-01 -3.618754e-01  3.189720e-01
     vertex  5.146336e-01 -3.613805e-01  3.315832e-01
     vertex -6.968903e-01 -3.178774e-01 -1.290192e-01
   endloop
 endfacet
 facet normal -4.611730e-02 -9.985709e-01  2.700665e-02
   outer loop
     vertex  5.210909e-01 -3.623549e-01  3.062844e-01
     vertex  5.181381e-01 -3.618754e-01  3.189720e-01
     vertex -6.968903e-01 -3.178774e-01 -1.290192e-01
   endloop
 endfacet
 facet normal -4.633089e-02 -9.985446e-01  2.760697e-02
   outer loop
     vertex  5.237393e-01 -3.628696e-01  2.921121e-01
     vertex  5.210909e-01 -3.623549e-01  3.062844e-01
     vertex -6.968903e-01 -3.178774e-01 -1.290192e-01
   endloop
 endfacet
 facet normal -4.655748e-02 -9.985156e-01  2.826684e-02
   outer loop
     vertex  5.259200e-01 -3.634191e-01  2.762915e-01
     vertex  5.237393e-01 -3.628696e-01  2.921121e-01
     vertex -6.968903e-01 -3.178774e-01 -1.290192e-01
   endloop
 endfacet
 facet normal -4.678409e-02 -9.984853e-01  2.895390e-02
   outer loop
     vertex  5.273202e-01 -3.639451e-01  2.604147e-01
     vertex  5.259200e-01 -3.634191e-01  2.762915e-01
     vertex -6.968903e-01 -3.178774e-01 -1.290192e-01
   endloop
 endfacet
 facet normal -4.699910e-02 -9.984553e-01  2.963335e-02
   outer loop
     vertex  5.279615e-01 -3.644476e-01  2.445029e-01
     vertex  5.273202e-01 -3.639451e-01  2.604147e-01
     vertex -6.968903e-01 -3.178774e-01 -1.290192e-01
   endloop
 endfacet
 facet normal -2.251966e-01 -9.616026e-01  1.568657e-01
   outer loop
     vertex  3.070707e-01 -3.446712e-01  5.796990e-01
     vertex  2.159374e-01 -3.201718e-01  5.990516e-01
     vertex  3.041634e-01 -3.462782e-01  5.656742e-01
   endloop
 endfacet
 facet normal -2.753321e-01 -9.576523e-01 -8.422727e-02
   outer loop
     vertex  3.070707e-01 -3.446712e-01  5.796990e-01
     vertex  2.210520e-01 -3.225611e-01  6.094988e-01
     vertex  2.159374e-01 -3.201718e-01  5.990516e-01
   endloop
 endfacet
 facet normal -2.725243e-01 -9.592247e-01 -7.495588e-02
   outer loop
     vertex  3.070707e-01 -3.446712e-01  5.796990e-01
     vertex  2.266272e-01 -3.249376e-01  6.196402e-01
     vertex  2.210520e-01 -3.225611e-01  6.094988e-01
   endloop
 endfacet
 facet normal -4.720299e-02 -9.984255e-01  3.030566e-02
   outer loop
     vertex  5.278656e-01 -3.649264e-01  2.285774e-01
     vertex  5.279615e-01 -3.644476e-01  2.445029e-01
     vertex -6.968903e-01 -3.178774e-01 -1.290192e-01
   endloop
 endfacet
 facet normal -4.739622e-02 -9.983959e-01  3.097137e-02
   outer loop
     vertex  5.270540e-01 -3.653817e-01  2.126585e-01
     vertex  5.278656e-01 -3.649264e-01  2.285774e-01
     vertex -6.968903e-01 -3.178774e-01 -1.290192e-01
   endloop
 endfacet
 facet normal -4.757924e-02 -9.983665e-01  3.163104e-02
   outer loop
     vertex  5.255479e-01 -3.658135e-01  1.967666e-01
     vertex  5.270540e-01 -3.653817e-01  2.126585e-01
     vertex -6.968903e-01 -3.178774e-01 -1.290192e-01
   endloop
 endfacet
 facet normal -4.776200e-02 -9.983357e-01  3.232134e-02
   outer loop
     vertex  5.230856e-01 -3.662655e-01  1.791644e-01
     vertex  5.255479e-01 -3.658135e-01  1.967666e-01
     vertex -6.968903e-01 -3.178774e-01 -1.290192e-01
   endloop
 endfacet
 facet normal -4.795287e-02 -9.983016e-01  3.308230e-02
   outer loop
     vertex  5.194095e-01 -3.667338e-01  1.597061e-01
     vertex  5.230856e-01 -3.662655e-01  1.791644e-01
     vertex -6.968903e-01 -3.178774e-01 -1.290192e-01
   endloop
 endfacet
 facet normal -4.814031e-02 -9.982659e-01  3.387795e-02
   outer loop
     vertex  5.147812e-01 -3.671662e-01  1.403869e-01
     vertex  5.194095e-01 -3.667338e-01  1.597061e-01
     vertex -6.968903e-01 -3.178774e-01 -1.290192e-01
   endloop
 endfacet
 facet normal -4.831483e-02 -9.982303e-01  3.466936e-02
   outer loop
     vertex  5.092390e-01 -3.675629e-01  1.212412e-01
     vertex  5.147812e-01 -3.671662e-01  1.403869e-01
     vertex -6.968903e-01 -3.178774e-01 -1.290192e-01
   endloop
 endfacet
 facet normal -4.847703e-02 -9.981947e-01  3.545817e-02
   outer loop
     vertex  5.028210e-01 -3.679240e-01  1.023025e-01
     vertex  5.092390e-01 -3.675629e-01  1.212412e-01
     vertex -6.968903e-01 -3.178774e-01 -1.290192e-01
   endloop
 endfacet
 facet normal -4.862749e-02 -9.981591e-01  3.624618e-02
   outer loop
     vertex  4.955647e-01 -3.682495e-01  8.360303e-02
     vertex  5.028210e-01 -3.679240e-01  1.023025e-01
     vertex -6.968903e-01 -3.178774e-01 -1.290192e-01
   endloop
 endfacet
 facet normal -4.876668e-02 -9.981233e-01  3.703532e-02
   outer loop
     vertex  4.875070e-01 -3.685396e-01  6.517439e-02
     vertex  4.955647e-01 -3.682495e-01  8.360303e-02
     vertex -6.968903e-01 -3.178774e-01 -1.290192e-01
   endloop
 endfacet
 facet normal -4.889506e-02 -9.980873e-01  3.782769e-02
   outer loop
     vertex  4.786848e-01 -3.687944e-01  4.704700e-02
     vertex  4.875070e-01 -3.685396e-01  6.517439e-02
     vertex -6.968903e-01 -3.178774e-01 -1.290192e-01
   endloop
 endfacet
 facet normal -4.901298e-02 -9.980510e-01  3.862556e-02
   outer loop
     vertex  4.691340e-01 -3.690142e-01  2.925035e-02
     vertex  4.786848e-01 -3.687944e-01  4.704700e-02
     vertex -6.968903e-01 -3.178774e-01 -1.290192e-01
   endloop
 endfacet
 facet normal -4.912075e-02 -9.980142e-01  3.943141e-02
   outer loop
     vertex  4.588904e-01 -3.691989e-01  1.181293e-02
     vertex  4.691340e-01 -3.690142e-01  2.925035e-02
     vertex -6.968903e-01 -3.178774e-01 -1.290192e-01
   endloop
 endfacet
 facet normal -4.921859e-02 -9.979768e-01  4.024798e-02
   outer loop
     vertex  4.479894e-01 -3.693490e-01 -5.237739e-03
     vertex  4.588904e-01 -3.691989e-01  1.181293e-02
     vertex -6.968903e-01 -3.178774e-01 -1.290192e-01
   endloop
 endfacet
 facet normal -4.930664e-02 -9.979386e-01  4.107825e-02
   outer loop
     vertex  4.364658e-01 -3.694644e-01 -2.187512e-02
     vertex  4.479894e-01 -3.693490e-01 -5.237739e-03
     vertex -6.968903e-01 -3.178774e-01 -1.290192e-01
   endloop
 endfacet
 facet normal -4.938496e-02 -9.978995e-01  4.192556e-02
   outer loop
     vertex  4.243539e-01 -3.695456e-01 -3.807366e-02
     vertex  4.364658e-01 -3.694644e-01 -2.187512e-02
     vertex -6.968903e-01 -3.178774e-01 -1.290192e-01
   endloop
 endfacet
 facet normal -4.945352e-02 -9.978592e-01  4.279362e-02
   outer loop
     vertex  4.116877e-01 -3.695927e-01 -5.380878e-02
     vertex  4.243539e-01 -3.695456e-01 -3.807366e-02
     vertex -6.968903e-01 -3.178774e-01 -1.290192e-01
   endloop
 endfacet
 facet normal -4.951216e-02 -9.978176e-01  4.368661e-02
   outer loop
     vertex  3.985007e-01 -3.696059e-01 -6.905690e-02
     vertex  4.116877e-01 -3.695927e-01 -5.380878e-02
     vertex -6.968903e-01 -3.178774e-01 -1.290192e-01
   endloop
 endfacet
 facet normal -2.390270e-01 -9.672198e-01 -8.574353e-02
   outer loop
     vertex  3.092752e-01 -3.430719e-01  5.938045e-01
     vertex  2.326631e-01 -3.273011e-01  6.294760e-01
     vertex  2.266272e-01 -3.249376e-01  6.196402e-01
   endloop
 endfacet
 facet normal -1.711283e-01 -9.756261e-01  1.373635e-01
   outer loop
     vertex  3.092752e-01 -3.430719e-01  5.938045e-01
     vertex  2.266272e-01 -3.249376e-01  6.196402e-01
     vertex  3.070707e-01 -3.446712e-01  5.796990e-01
   endloop
 endfacet
 facet normal -4.956062e-02 -9.977744e-01  4.460924e-02
   outer loop
     vertex  3.848259e-01 -3.695856e-01 -8.379541e-02
     vertex  3.985007e-01 -3.696059e-01 -6.905690e-02
     vertex -6.968903e-01 -3.178774e-01 -1.290192e-01
   endloop
 endfacet
 facet normal -4.959850e-02 -9.977292e-01  4.556693e-02
   outer loop
     vertex  3.706961e-01 -3.695321e-01 -9.800268e-02
     vertex  3.848259e-01 -3.695856e-01 -8.379541e-02
     vertex -6.968903e-01 -3.178774e-01 -1.290192e-01
   endloop
 endfacet
 facet normal -4.962523e-02 -9.976818e-01  4.656589e-02
   outer loop
     vertex  3.561433e-01 -3.694456e-01 -1.116581e-01
     vertex  3.706961e-01 -3.695321e-01 -9.800268e-02
     vertex -6.968903e-01 -3.178774e-01 -1.290192e-01
   endloop
 endfacet
 facet normal -4.964004e-02 -9.976316e-01  4.761331e-02
   outer loop
     vertex  3.411993e-01 -3.693264e-01 -1.247419e-01
     vertex  3.561433e-01 -3.694456e-01 -1.116581e-01
     vertex -6.968903e-01 -3.178774e-01 -1.290192e-01
   endloop
 endfacet
 facet normal -4.964194e-02 -9.975782e-01  4.871767e-02
   outer loop
     vertex  3.258953e-01 -3.691750e-01 -1.372356e-01
     vertex  3.411993e-01 -3.693264e-01 -1.247419e-01
     vertex -6.968903e-01 -3.178774e-01 -1.290192e-01
   endloop
 endfacet
 facet normal -4.962966e-02 -9.975209e-01  4.988895e-02
   outer loop
     vertex  3.102623e-01 -3.689916e-01 -1.491213e-01
     vertex  3.258953e-01 -3.691750e-01 -1.372356e-01
     vertex -6.968903e-01 -3.178774e-01 -1.290192e-01
   endloop
 endfacet
 facet normal -4.960157e-02 -9.974590e-01  5.113909e-02
   outer loop
     vertex  2.943305e-01 -3.687767e-01 -1.603823e-01
     vertex  3.102623e-01 -3.689916e-01 -1.491213e-01
     vertex -6.968903e-01 -3.178774e-01 -1.290192e-01
   endloop
 endfacet
 facet normal -4.955559e-02 -9.973915e-01  5.248253e-02
   outer loop
     vertex  2.781299e-01 -3.685307e-01 -1.710031e-01
     vertex  2.943305e-01 -3.687767e-01 -1.603823e-01
     vertex -6.968903e-01 -3.178774e-01 -1.290192e-01
   endloop
 endfacet
 facet normal -4.948911e-02 -9.973172e-01  5.393690e-02
   outer loop
     vertex  2.616901e-01 -3.682538e-01 -1.809686e-01
     vertex  2.781299e-01 -3.685307e-01 -1.710031e-01
     vertex -6.968903e-01 -3.178774e-01 -1.290192e-01
   endloop
 endfacet
 facet normal -4.939876e-02 -9.972346e-01  5.552401e-02
   outer loop
     vertex  2.450401e-01 -3.679467e-01 -1.902653e-01
     vertex  2.616901e-01 -3.682538e-01 -1.809686e-01
     vertex -6.968903e-01 -3.178774e-01 -1.290192e-01
   endloop
 endfacet
 facet normal -4.928021e-02 -9.971416e-01  5.727122e-02
   outer loop
     vertex  2.282085e-01 -3.676097e-01 -1.988804e-01
     vertex  2.450401e-01 -3.679467e-01 -1.902653e-01
     vertex -6.968903e-01 -3.178774e-01 -1.290192e-01
   endloop
 endfacet
 facet normal -4.912785e-02 -9.970357e-01  5.921338e-02
   outer loop
     vertex  2.112234e-01 -3.672432e-01 -2.068019e-01
     vertex  2.282085e-01 -3.676097e-01 -1.988804e-01
     vertex -6.968903e-01 -3.178774e-01 -1.290192e-01
   endloop
 endfacet
 facet normal -4.893427e-02 -9.969132e-01  6.139563e-02
   outer loop
     vertex  1.941126e-01 -3.668478e-01 -2.140192e-01
     vertex  2.112234e-01 -3.672432e-01 -2.068019e-01
     vertex -6.968903e-01 -3.178774e-01 -1.290192e-01
   endloop
 endfacet
 facet normal -4.868959e-02 -9.967693e-01  6.387754e-02
   outer loop
     vertex  1.769034e-01 -3.664239e-01 -2.205223e-01
     vertex  1.941126e-01 -3.668478e-01 -2.140192e-01
     vertex -6.968903e-01 -3.178774e-01 -1.290192e-01
   endloop
 endfacet
 facet normal -4.838031e-02 -9.965968e-01  6.673950e-02
   outer loop
     vertex  1.596226e-01 -3.659721e-01 -2.263024e-01
     vertex  1.769034e-01 -3.664239e-01 -2.205223e-01
     vertex -6.968903e-01 -3.178774e-01 -1.290192e-01
   endloop
 endfacet
 facet normal -4.798759e-02 -9.963856e-01  7.009270e-02
   outer loop
     vertex  1.422966e-01 -3.654928e-01 -2.313516e-01
     vertex  1.596226e-01 -3.659721e-01 -2.263024e-01
     vertex -6.968903e-01 -3.178774e-01 -1.290192e-01
   endloop
 endfacet
 facet normal -4.748440e-02 -9.961200e-01  7.409560e-02
   outer loop
     vertex  1.249513e-01 -3.649867e-01 -2.356631e-01
     vertex  1.422966e-01 -3.654928e-01 -2.313516e-01
     vertex -6.968903e-01 -3.178774e-01 -1.290192e-01
   endloop
 endfacet
 facet normal -4.683057e-02 -9.957754e-01  7.898207e-02
   outer loop
     vertex  1.076122e-01 -3.644542e-01 -2.392308e-01
     vertex  1.249513e-01 -3.649867e-01 -2.356631e-01
     vertex -6.968903e-01 -3.178774e-01 -1.290192e-01
   endloop
 endfacet
 facet normal -1.437105e-01 -9.816492e-01  1.253483e-01
   outer loop
     vertex  3.107771e-01 -3.414803e-01  6.079909e-01
     vertex  2.326631e-01 -3.273011e-01  6.294760e-01
     vertex  3.092752e-01 -3.430719e-01  5.938045e-01
   endloop
 endfacet
 facet normal -2.044609e-01 -9.736722e-01 -1.007878e-01
   outer loop
     vertex  3.107771e-01 -3.414803e-01  6.079909e-01
     vertex  2.391595e-01 -3.296518e-01  6.390061e-01
     vertex  2.326631e-01 -3.273011e-01  6.294760e-01
   endloop
 endfacet
 facet normal -4.596383e-02 -9.953106e-01  8.511244e-02
   outer loop
     vertex  9.030446e-02 -3.638960e-01 -2.420500e-01
     vertex  1.076122e-01 -3.644542e-01 -2.392308e-01
     vertex -6.968903e-01 -3.178774e-01 -1.290192e-01
   endloop
 endfacet
 facet normal -4.478238e-02 -9.946517e-01  9.307232e-02
   outer loop
     vertex  7.305257e-02 -3.633127e-01 -2.441166e-01
     vertex  9.030446e-02 -3.638960e-01 -2.420500e-01
     vertex -6.968903e-01 -3.178774e-01 -1.290192e-01
   endloop
 endfacet
 facet normal -4.310778e-02 -9.936551e-01  1.038811e-01
   outer loop
     vertex  5.588073e-02 -3.627048e-01 -2.454276e-01
     vertex  7.305257e-02 -3.633127e-01 -2.441166e-01
     vertex -6.968903e-01 -3.178774e-01 -1.290192e-01
   endloop
 endfacet
 facet normal -4.059680e-02 -9.920058e-01  1.194836e-01
   outer loop
     vertex  3.881266e-02 -3.620729e-01 -2.459812e-01
     vertex  5.588073e-02 -3.627048e-01 -2.454276e-01
     vertex -6.968903e-01 -3.178774e-01 -1.290192e-01
   endloop
 endfacet
 facet normal -3.649602e-02 -9.888898e-01  1.441006e-01
   outer loop
     vertex  2.187164e-02 -3.614179e-01 -2.457762e-01
     vertex  3.881266e-02 -3.620729e-01 -2.459812e-01
     vertex -6.968903e-01 -3.178774e-01 -1.290192e-01
   endloop
 endfacet
 facet normal -1.666839e-01 -9.784026e-01 -1.222487e-01
   outer loop
     vertex  3.115763e-01 -3.398964e-01  6.222581e-01
     vertex  2.461167e-01 -3.319896e-01  6.482305e-01
     vertex  2.391595e-01 -3.296518e-01  6.390061e-01
   endloop
 endfacet
 facet normal -1.128055e-01 -9.868373e-01  1.158754e-01
   outer loop
     vertex  3.115763e-01 -3.398964e-01  6.222581e-01
     vertex  2.391595e-01 -3.296518e-01  6.390061e-01
     vertex  3.107771e-01 -3.414803e-01  6.079909e-01
   endloop
 endfacet
 facet normal -7.614380e-02 -9.910340e-01  1.097897e-01
   outer loop
     vertex  3.117056e-01 -3.385823e-01  6.342091e-01
     vertex  2.461167e-01 -3.319896e-01  6.482305e-01
     vertex  3.115763e-01 -3.398964e-01  6.222581e-01
   endloop
 endfacet
 facet normal -1.300675e-01 -9.804854e-01 -1.474138e-01
   outer loop
     vertex  3.117056e-01 -3.385823e-01  6.342091e-01
     vertex  2.535344e-01 -3.343145e-01  6.571492e-01
     vertex  2.461167e-01 -3.319896e-01  6.482305e-01
   endloop
 endfacet
 facet normal -1.293705e-01 -9.808518e-01 -1.455783e-01
   outer loop
     vertex  3.117056e-01 -3.385823e-01  6.342091e-01
     vertex  2.583269e-01 -3.357385e-01  6.624843e-01
     vertex  2.535344e-01 -3.343145e-01  6.571492e-01
   endloop
 endfacet
 facet normal  4.503022e-03 -9.940881e-01  1.084831e-01
   outer loop
     vertex  3.113468e-01 -3.372736e-01  6.462163e-01
     vertex  2.583269e-01 -3.357385e-01  6.624843e-01
     vertex  3.117056e-01 -3.385823e-01  6.342091e-01
   endloop
 endfacet
 facet normal -8.515384e-02 -9.790149e-01 -1.851450e-01
   outer loop
     vertex  3.113468e-01 -3.372736e-01  6.462163e-01
     vertex  2.632937e-01 -3.371576e-01  6.677038e-01
     vertex  2.583269e-01 -3.357385e-01  6.624843e-01
   endloop
 endfacet
 facet normal -1.034495e-02 -9.998273e-01  1.543545e-02
   outer loop
     vertex  3.034906e-01 -3.370461e-01  7.018625e-01
     vertex  2.982955e-01 -3.369503e-01  7.045891e-01
     vertex  2.632937e-01 -3.371576e-01  6.677038e-01
   endloop
 endfacet
 facet normal -1.078922e-02 -9.998144e-01  1.595821e-02
   outer loop
     vertex  3.088027e-01 -3.371429e-01  6.993896e-01
     vertex  3.034906e-01 -3.370461e-01  7.018625e-01
     vertex  2.632937e-01 -3.371576e-01  6.677038e-01
   endloop
 endfacet
 facet normal -1.344760e-03 -9.999962e-01  2.393611e-03
   outer loop
     vertex  3.088027e-01 -3.371429e-01  6.993896e-01
     vertex  2.632937e-01 -3.371576e-01  6.677038e-01
     vertex  3.113468e-01 -3.372736e-01  6.462163e-01
   endloop
 endfacet
 facet normal -1.733520e-02 -9.998484e-01  1.628178e-03
   outer loop
     vertex  3.142318e-01 -3.372407e-01  6.971705e-01
     vertex  3.088027e-01 -3.371429e-01  6.993896e-01
     vertex  3.113468e-01 -3.372736e-01  6.462163e-01
   endloop
 endfacet
 facet normal -3.052158e-03 -9.999900e-01 -3.253978e-03
   outer loop
     vertex -1.271029e-01 -3.372243e-01 -2.231720e-01
     vertex -1.388832e-01 -3.372131e-01 -2.155866e-01
     vertex -1.330993e-01 -3.372180e-01 -2.194910e-01
   endloop
 endfacet
 facet normal -3.013794e-03 -9.999904e-01 -3.194397e-03
   outer loop
     vertex -1.271029e-01 -3.372243e-01 -2.231720e-01
     vertex -1.444546e-01 -3.372094e-01 -2.114670e-01
     vertex -1.388832e-01 -3.372131e-01 -2.155866e-01
   endloop
 endfacet
 facet normal -3.072580e-03 -9.999899e-01 -3.281541e-03
   outer loop
     vertex -1.208942e-01 -3.372321e-01 -2.266216e-01
     vertex -1.444546e-01 -3.372094e-01 -2.114670e-01
     vertex -1.271029e-01 -3.372243e-01 -2.231720e-01
   endloop
 endfacet
 facet normal -2.995857e-03 -9.999905e-01 -3.162262e-03
   outer loop
     vertex -1.208942e-01 -3.372321e-01 -2.266216e-01
     vertex -1.498137e-01 -3.372071e-01 -2.071401e-01
     vertex -1.444546e-01 -3.372094e-01 -2.114670e-01
   endloop
 endfacet
 facet normal -3.093825e-03 -9.999897e-01 -3.307693e-03
   outer loop
     vertex -1.144731e-01 -3.372413e-01 -2.298317e-01
     vertex -1.498137e-01 -3.372071e-01 -2.071401e-01
     vertex -1.208942e-01 -3.372321e-01 -2.266216e-01
   endloop
 endfacet
 facet normal -2.978756e-03 -9.999907e-01 -3.128480e-03
   outer loop
     vertex -1.144731e-01 -3.372413e-01 -2.298317e-01
     vertex -1.549602e-01 -3.372059e-01 -2.026141e-01
     vertex -1.498137e-01 -3.372071e-01 -2.071401e-01
   endloop
 endfacet
 facet normal -3.115895e-03 -9.999896e-01 -3.332480e-03
   outer loop
     vertex -1.078396e-01 -3.372521e-01 -2.327942e-01
     vertex -1.549602e-01 -3.372059e-01 -2.026141e-01
     vertex -1.144731e-01 -3.372413e-01 -2.298317e-01
   endloop
 endfacet
 facet normal -2.962499e-03 -9.999908e-01 -3.092978e-03
   outer loop
     vertex -1.078396e-01 -3.372521e-01 -2.327942e-01
     vertex -1.598942e-01 -3.372059e-01 -1.978970e-01
     vertex -1.549602e-01 -3.372059e-01 -2.026141e-01
   endloop
 endfacet
 facet normal -3.138792e-03 -9.999894e-01 -3.355949e-03
   outer loop
     vertex -1.009938e-01 -3.372645e-01 -2.355010e-01
     vertex -1.598942e-01 -3.372059e-01 -1.978970e-01
     vertex -1.078396e-01 -3.372521e-01 -2.327942e-01
   endloop
 endfacet
 facet normal -2.947093e-03 -9.999910e-01 -3.055683e-03
   outer loop
     vertex -1.009938e-01 -3.372645e-01 -2.355010e-01
     vertex -1.646158e-01 -3.372069e-01 -1.929969e-01
     vertex -1.598942e-01 -3.372059e-01 -1.978970e-01
   endloop
 endfacet
 facet normal -3.162518e-03 -9.999893e-01 -3.378142e-03
   outer loop
     vertex -9.393573e-02 -3.372786e-01 -2.379441e-01
     vertex -1.646158e-01 -3.372069e-01 -1.929969e-01
     vertex -1.009938e-01 -3.372645e-01 -2.355010e-01
   endloop
 endfacet
 facet normal -2.932550e-03 -9.999912e-01 -3.016511e-03
   outer loop
     vertex -9.393573e-02 -3.372786e-01 -2.379441e-01
     vertex -1.691247e-01 -3.372090e-01 -1.879220e-01
     vertex -1.646158e-01 -3.372069e-01 -1.929969e-01
   endloop
 endfacet
 facet normal -2.888757e-03 -9.999915e-01 -2.950685e-03
   outer loop
     vertex -9.393573e-02 -3.372786e-01 -2.379441e-01
     vertex -1.734212e-01 -3.372121e-01 -1.826801e-01
     vertex -1.691247e-01 -3.372090e-01 -1.879220e-01
   endloop
 endfacet
 facet normal -3.176953e-03 -9.999893e-01 -3.365196e-03
   outer loop
     vertex -8.666533e-02 -3.372944e-01 -2.401154e-01
     vertex -1.734212e-01 -3.372121e-01 -1.826801e-01
     vertex -9.393573e-02 -3.372786e-01 -2.379441e-01
   endloop
 endfacet
 facet normal -2.874431e-03 -9.999916e-01 -2.908233e-03
   outer loop
     vertex -8.666533e-02 -3.372944e-01 -2.401154e-01
     vertex -1.775050e-01 -3.372160e-01 -1.772795e-01
     vertex -1.734212e-01 -3.372121e-01 -1.826801e-01
   endloop
 endfacet
 facet normal -3.203747e-03 -9.999891e-01 -3.384317e-03
   outer loop
     vertex -7.918266e-02 -3.373120e-01 -2.420068e-01
     vertex -1.775050e-01 -3.372160e-01 -1.772795e-01
     vertex -8.666533e-02 -3.372944e-01 -2.401154e-01
   endloop
 endfacet
 facet normal -5.198584e-01 -3.269896e-01 -7.891927e-01
   outer loop
     vertex -7.918266e-02 -3.373120e-01 -2.420068e-01
     vertex -1.811988e-01 -3.440266e-01 -1.720245e-01
     vertex -1.775050e-01 -3.372160e-01 -1.772795e-01
   endloop
 endfacet
 facet normal  5.057404e-01 -4.557710e-01  7.324612e-01
   outer loop
     vertex -7.148774e-02 -3.373314e-01 -2.436103e-01
     vertex -1.859706e-01 -3.372281e-01 -1.644994e-01
     vertex -1.811988e-01 -3.440266e-01 -1.720245e-01
   endloop
 endfacet
 facet normal -3.199749e-02 -9.894103e-01 -1.415751e-01
   outer loop
     vertex -7.148774e-02 -3.373314e-01 -2.436103e-01
     vertex -1.811988e-01 -3.440266e-01 -1.720245e-01
     vertex -7.918266e-02 -3.373120e-01 -2.420068e-01
   endloop
 endfacet
 facet normal -3.258305e-03 -9.999889e-01 -3.409454e-03
   outer loop
     vertex -6.358060e-02 -3.373527e-01 -2.449178e-01
     vertex -1.859706e-01 -3.372281e-01 -1.644994e-01
     vertex -7.148774e-02 -3.373314e-01 -2.436103e-01
   endloop
 endfacet
 facet normal -2.817579e-03 -9.999923e-01 -2.738702e-03
   outer loop
     vertex -6.358060e-02 -3.373527e-01 -2.449178e-01
     vertex -1.902245e-01 -3.372365e-01 -1.570584e-01
     vertex -1.859706e-01 -3.372281e-01 -1.644994e-01
   endloop
 endfacet
 facet normal -3.286844e-03 -9.999888e-01 -3.415122e-03
   outer loop
     vertex -5.546124e-02 -3.373760e-01 -2.459212e-01
     vertex -1.902245e-01 -3.372365e-01 -1.570584e-01
     vertex -6.358060e-02 -3.373527e-01 -2.449178e-01
   endloop
 endfacet
 facet normal -2.793260e-03 -9.999925e-01 -2.666581e-03
   outer loop
     vertex -5.546124e-02 -3.373760e-01 -2.459212e-01
     vertex -1.941377e-01 -3.372459e-01 -1.494218e-01
     vertex -1.902245e-01 -3.372365e-01 -1.570584e-01
   endloop
 endfacet
 facet normal -2.727060e-03 -9.999930e-01 -2.571447e-03
   outer loop
     vertex -5.546124e-02 -3.373760e-01 -2.459212e-01
     vertex -1.977102e-01 -3.372563e-01 -1.416058e-01
     vertex -1.941377e-01 -3.372459e-01 -1.494218e-01
   endloop
 endfacet
 facet normal -3.312983e-03 -9.999888e-01 -3.370441e-03
   outer loop
     vertex -4.712970e-02 -3.374012e-01 -2.466124e-01
     vertex -1.977102e-01 -3.372563e-01 -1.416058e-01
     vertex -5.546124e-02 -3.373760e-01 -2.459212e-01
   endloop
 endfacet
 facet normal -2.701007e-03 -9.999932e-01 -2.492855e-03
   outer loop
     vertex -4.712970e-02 -3.374012e-01 -2.466124e-01
     vertex -2.009420e-01 -3.372674e-01 -1.336269e-01
     vertex -1.977102e-01 -3.372563e-01 -1.416058e-01
   endloop
 endfacet
 facet normal -3.346737e-03 -9.999887e-01 -3.371921e-03
   outer loop
     vertex -3.858599e-02 -3.374286e-01 -2.469833e-01
     vertex -2.009420e-01 -3.372674e-01 -1.336269e-01
     vertex -4.712970e-02 -3.374012e-01 -2.466124e-01
   endloop
 endfacet
 facet normal -2.675192e-03 -9.999935e-01 -2.410087e-03
   outer loop
     vertex -3.858599e-02 -3.374286e-01 -2.469833e-01
     vertex -2.038331e-01 -3.372793e-01 -1.255014e-01
     vertex -2.009420e-01 -3.372674e-01 -1.336269e-01
   endloop
 endfacet
 facet normal -2.649603e-03 -9.999938e-01 -2.322841e-03
   outer loop
     vertex -2.983013e-02 -3.374580e-01 -2.470259e-01
     vertex -2.063833e-01 -3.372917e-01 -1.172456e-01
     vertex -2.038331e-01 -3.372793e-01 -1.255014e-01
   endloop
 endfacet
 facet normal -2.571751e-03 -9.999942e-01 -2.216929e-03
   outer loop
     vertex -2.983013e-02 -3.374580e-01 -2.470259e-01
     vertex -2.085927e-01 -3.373046e-01 -1.088760e-01
     vertex -2.063833e-01 -3.372917e-01 -1.172456e-01
   endloop
 endfacet
 facet normal -2.488446e-03 -9.999947e-01 -2.109135e-03
   outer loop
     vertex -2.983013e-02 -3.374580e-01 -2.470259e-01
     vertex -2.104613e-01 -3.373178e-01 -1.004088e-01
     vertex -2.085927e-01 -3.373046e-01 -1.088760e-01
   endloop
 endfacet
 facet normal -3.382250e-03 -9.999886e-01 -3.371877e-03
   outer loop
     vertex -2.983013e-02 -3.374580e-01 -2.470259e-01
     vertex -2.038331e-01 -3.372793e-01 -1.255014e-01
     vertex -3.858599e-02 -3.374286e-01 -2.469833e-01
   endloop
 endfacet
 facet normal  5.108125e-03 -9.999820e-01 -3.145944e-03
   outer loop
     vertex -1.336984e-01 -3.373780e-01  1.041162e-01
     vertex -1.396128e-01 -3.373955e-01  1.000946e-01
     vertex -1.453028e-01 -3.374112e-01  9.584758e-02
   endloop
 endfacet
 facet normal  5.088207e-03 -9.999822e-01 -3.113733e-03
   outer loop
     vertex -1.275596e-01 -3.373585e-01  1.079038e-01
     vertex -1.453028e-01 -3.374112e-01  9.584758e-02
     vertex -1.507685e-01 -3.374251e-01  9.138385e-02
   endloop
 endfacet
 facet normal  5.150524e-03 -9.999816e-01 -3.205449e-03
   outer loop
     vertex -1.275596e-01 -3.373585e-01  1.079038e-01
     vertex -1.336984e-01 -3.373780e-01  1.041162e-01
     vertex -1.453028e-01 -3.374112e-01  9.584758e-02
   endloop
 endfacet
 facet normal  5.069146e-03 -9.999824e-01 -3.079794e-03
   outer loop
     vertex -1.211964e-01 -3.373370e-01  1.114486e-01
     vertex -1.507685e-01 -3.374251e-01  9.138385e-02
     vertex -1.560097e-01 -3.374373e-01  8.671213e-02
   endloop
 endfacet
 facet normal  5.173004e-03 -9.999814e-01 -3.232868e-03
   outer loop
     vertex -1.211964e-01 -3.373370e-01  1.114486e-01
     vertex -1.275596e-01 -3.373585e-01  1.079038e-01
     vertex -1.507685e-01 -3.374251e-01  9.138385e-02
   endloop
 endfacet
 facet normal  5.050949e-03 -9.999826e-01 -3.044053e-03
   outer loop
     vertex -1.146086e-01 -3.373135e-01  1.147418e-01
     vertex -1.560097e-01 -3.374373e-01  8.671213e-02
     vertex -1.610266e-01 -3.374478e-01  8.184111e-02
   endloop
 endfacet
 facet normal  5.196337e-03 -9.999812e-01 -3.258805e-03
   outer loop
     vertex -1.146086e-01 -3.373135e-01  1.147418e-01
     vertex -1.211964e-01 -3.373370e-01  1.114486e-01
     vertex -1.560097e-01 -3.374373e-01  8.671213e-02
   endloop
 endfacet
 facet normal  5.033620e-03 -9.999828e-01 -3.006428e-03
   outer loop
     vertex -1.077964e-01 -3.372879e-01  1.177749e-01
     vertex -1.610266e-01 -3.374478e-01  8.184111e-02
     vertex -1.658192e-01 -3.374567e-01  7.677949e-02
   endloop
 endfacet
 facet normal  5.220528e-03 -9.999810e-01 -3.283311e-03
   outer loop
     vertex -1.077964e-01 -3.372879e-01  1.177749e-01
     vertex -1.146086e-01 -3.373135e-01  1.147418e-01
     vertex -1.610266e-01 -3.374478e-01  8.184111e-02
   endloop
 endfacet
 facet normal  5.014656e-03 -9.999830e-01 -2.963098e-03
   outer loop
     vertex -1.007597e-01 -3.372602e-01  1.205392e-01
     vertex -1.658192e-01 -3.374567e-01  7.677949e-02
     vertex -1.708813e-01 -3.374648e-01  7.094249e-02
   endloop
 endfacet
 facet normal  5.245581e-03 -9.999808e-01 -3.306435e-03
   outer loop
     vertex -1.007597e-01 -3.372602e-01  1.205392e-01
     vertex -1.077964e-01 -3.372879e-01  1.177749e-01
     vertex -1.658192e-01 -3.374567e-01  7.677949e-02
   endloop
 endfacet
 facet normal  4.990994e-03 -9.999833e-01 -2.909564e-03
   outer loop
     vertex -9.349839e-02 -3.372302e-01  1.230258e-01
     vertex -1.708813e-01 -3.374648e-01  7.094249e-02
     vertex -1.761811e-01 -3.374717e-01  6.420806e-02
   endloop
 endfacet
 facet normal  5.270188e-03 -9.999806e-01 -3.324389e-03
   outer loop
     vertex -9.349839e-02 -3.372302e-01  1.230258e-01
     vertex -1.007597e-01 -3.372602e-01  1.205392e-01
     vertex -1.708813e-01 -3.374648e-01  7.094249e-02
   endloop
 endfacet
 facet normal  4.964866e-03 -9.999836e-01 -2.849086e-03
   outer loop
     vertex -8.601255e-02 -3.371979e-01  1.252262e-01
     vertex -1.761811e-01 -3.374717e-01  6.420806e-02
     vertex -1.811391e-01 -3.374764e-01  5.722746e-02
   endloop
 endfacet
 facet normal  5.294713e-03 -9.999804e-01 -3.336526e-03
   outer loop
     vertex -8.601255e-02 -3.371979e-01  1.252262e-01
     vertex -9.349839e-02 -3.372302e-01  1.230258e-01
     vertex -1.761811e-01 -3.374717e-01  6.420806e-02
   endloop
 endfacet
 facet normal  4.939140e-03 -9.999839e-01 -2.785550e-03
   outer loop
     vertex -7.830214e-02 -3.371632e-01  1.271316e-01
     vertex -1.811391e-01 -3.374764e-01  5.722746e-02
     vertex -1.857554e-01 -3.374791e-01  5.001707e-02
   endloop
 endfacet
 facet normal  5.320805e-03 -9.999802e-01 -3.347039e-03
   outer loop
     vertex -7.830214e-02 -3.371632e-01  1.271316e-01
     vertex -8.601255e-02 -3.371979e-01  1.252262e-01
     vertex -1.811391e-01 -3.374764e-01  5.722746e-02
   endloop
 endfacet
 facet normal  4.913812e-03 -9.999842e-01 -2.718761e-03
   outer loop
     vertex -7.036712e-02 -3.371261e-01  1.287333e-01
     vertex -1.857554e-01 -3.374791e-01  5.001707e-02
     vertex -1.900301e-01 -3.374800e-01  4.259325e-02
   endloop
 endfacet
 facet normal  5.348482e-03 -9.999801e-01 -3.355952e-03
   outer loop
     vertex -7.036712e-02 -3.371261e-01  1.287333e-01
     vertex -7.830214e-02 -3.371632e-01  1.271316e-01
     vertex -1.857554e-01 -3.374791e-01  5.001707e-02
   endloop
 endfacet
 facet normal  4.821203e-03 -9.999851e-01 -2.554698e-03
   outer loop
     vertex -6.220747e-02 -3.370866e-01  1.300227e-01
     vertex -1.939630e-01 -3.374790e-01  3.497237e-02
     vertex -1.975544e-01 -3.374764e-01  2.717078e-02
   endloop
 endfacet
 facet normal  4.888875e-03 -9.999845e-01 -2.648505e-03
   outer loop
     vertex -6.220747e-02 -3.370866e-01  1.300227e-01
     vertex -1.900301e-01 -3.374800e-01  4.259325e-02
     vertex -1.939630e-01 -3.374790e-01  3.497237e-02
   endloop
 endfacet
 facet normal  5.377766e-03 -9.999799e-01 -3.363290e-03
   outer loop
     vertex -6.220747e-02 -3.370866e-01  1.300227e-01
     vertex -7.036712e-02 -3.371261e-01  1.287333e-01
     vertex -1.900301e-01 -3.374800e-01  4.259325e-02
   endloop
 endfacet
 facet normal  5.403067e-03 -9.999799e-01 -3.320416e-03
   outer loop
     vertex -5.382317e-02 -3.370445e-01  1.309910e-01
     vertex -6.220747e-02 -3.370866e-01  1.300227e-01
     vertex -1.975544e-01 -3.374764e-01  2.717078e-02
   endloop
 endfacet
 facet normal  4.794634e-03 -9.999854e-01 -2.478064e-03
   outer loop
     vertex -5.382317e-02 -3.370445e-01  1.309910e-01
     vertex -1.975544e-01 -3.374764e-01  2.717078e-02
     vertex -2.008042e-01 -3.374722e-01  1.920486e-02
   endloop
 endfacet
 facet normal  5.437570e-03 -9.999797e-01 -3.323444e-03
   outer loop
     vertex -4.521421e-02 -3.369998e-01  1.316296e-01
     vertex -5.382317e-02 -3.370445e-01  1.309910e-01
     vertex -2.008042e-01 -3.374722e-01  1.920486e-02
   endloop
 endfacet
 facet normal  4.768370e-03 -9.999858e-01 -2.397282e-03
   outer loop
     vertex -4.521421e-02 -3.369998e-01  1.316296e-01
     vertex -2.008042e-01 -3.374722e-01  1.920486e-02
     vertex -2.037125e-01 -3.374666e-01  1.109097e-02
   endloop
 endfacet
 facet normal  5.470626e-03 -9.999795e-01 -3.320713e-03
   outer loop
     vertex -3.781915e-02 -3.369603e-01  1.319046e-01
     vertex -4.521421e-02 -3.369998e-01  1.316296e-01
     vertex -2.037125e-01 -3.374666e-01  1.109097e-02
   endloop
 endfacet
 facet normal  4.734223e-03 -9.999861e-01 -2.309505e-03
   outer loop
     vertex -3.781915e-02 -3.369603e-01  1.319046e-01
     vertex -2.037125e-01 -3.374666e-01  1.109097e-02
     vertex -2.062793e-01 -3.374598e-01  2.845476e-03
   endloop
 endfacet
 facet normal  5.502379e-03 -9.999794e-01 -3.312201e-03
   outer loop
     vertex -3.026596e-02 -3.369188e-01  1.319363e-01
     vertex -3.781915e-02 -3.369603e-01  1.319046e-01
     vertex -2.062793e-01 -3.374598e-01  2.845476e-03
   endloop
 endfacet
 facet normal  4.434497e-03 -9.999884e-01 -1.890655e-03
   outer loop
     vertex -3.026596e-02 -3.369188e-01  1.319363e-01
     vertex -2.119313e-01 -3.374324e-01 -2.251699e-02
     vertex -2.131326e-01 -3.374215e-01 -3.112526e-02
   endloop
 endfacet
 facet normal  4.528617e-03 -9.999877e-01 -2.001360e-03
   outer loop
     vertex -3.026596e-02 -3.369188e-01  1.319363e-01
     vertex -2.103886e-01 -3.374425e-01 -1.397487e-02
     vertex -2.119313e-01 -3.374324e-01 -2.251699e-02
   endloop
 endfacet
 facet normal  4.616879e-03 -9.999871e-01 -2.110318e-03
   outer loop
     vertex -3.026596e-02 -3.369188e-01  1.319363e-01
     vertex -2.085047e-01 -3.374517e-01 -5.515261e-03
     vertex -2.103886e-01 -3.374425e-01 -1.397487e-02
   endloop
 endfacet
 facet normal  4.699502e-03 -9.999865e-01 -2.217461e-03
   outer loop
     vertex -3.026596e-02 -3.369188e-01  1.319363e-01
     vertex -2.062793e-01 -3.374598e-01  2.845476e-03
     vertex -2.085047e-01 -3.374517e-01 -5.515261e-03
   endloop
 endfacet
 facet normal -1.614166e-03 -9.999894e-01  4.308776e-03
   outer loop
     vertex  8.199129e-02 -3.375101e-01 -2.150427e-01
     vertex  6.899117e-02 -3.375256e-01 -2.234962e-01
     vertex  7.562269e-02 -3.375187e-01 -2.194074e-01
   endloop
 endfacet
 facet normal -1.628227e-03 -9.999893e-01  4.327276e-03
   outer loop
     vertex  8.809701e-02 -3.375001e-01 -2.104131e-01
     vertex  6.209669e-02 -3.375308e-01 -2.272979e-01
     vertex  6.899117e-02 -3.375256e-01 -2.234962e-01
   endloop
 endfacet
 facet normal -1.587916e-03 -9.999896e-01  4.268409e-03
   outer loop
     vertex  8.809701e-02 -3.375001e-01 -2.104131e-01
     vertex  6.899117e-02 -3.375256e-01 -2.234962e-01
     vertex  8.199129e-02 -3.375101e-01 -2.150427e-01
   endloop
 endfacet
 facet normal -1.575732e-03 -9.999897e-01  4.246442e-03
   outer loop
     vertex  9.393990e-02 -3.374885e-01 -2.055297e-01
     vertex  6.209669e-02 -3.375308e-01 -2.272979e-01
     vertex  8.809701e-02 -3.375001e-01 -2.104131e-01
   endloop
 endfacet
 facet normal -1.642911e-03 -9.999892e-01  4.344713e-03
   outer loop
     vertex  9.393990e-02 -3.374885e-01 -2.055297e-01
     vertex  5.493920e-02 -3.375343e-01 -2.308013e-01
     vertex  6.209669e-02 -3.375308e-01 -2.272979e-01
   endloop
 endfacet
 facet normal -1.658220e-03 -9.999891e-01  4.361127e-03
   outer loop
     vertex  9.952001e-02 -3.374756e-01 -2.004036e-01
     vertex  4.751866e-02 -3.375359e-01 -2.339955e-01
     vertex  5.493920e-02 -3.375343e-01 -2.308013e-01
   endloop
 endfacet
 facet normal -1.564182e-03 -9.999899e-01  4.223214e-03
   outer loop
     vertex  9.952001e-02 -3.374756e-01 -2.004036e-01
     vertex  5.493920e-02 -3.375343e-01 -2.308013e-01
     vertex  9.393990e-02 -3.374885e-01 -2.055297e-01
   endloop
 endfacet
 facet normal -1.553271e-03 -9.999900e-01  4.198664e-03
   outer loop
     vertex  1.048374e-01 -3.374614e-01 -1.950460e-01
     vertex  4.751866e-02 -3.375359e-01 -2.339955e-01
     vertex  9.952001e-02 -3.374756e-01 -2.004036e-01
   endloop
 endfacet
 facet normal -1.674154e-03 -9.999890e-01  4.376556e-03
   outer loop
     vertex  1.048374e-01 -3.374614e-01 -1.950460e-01
     vertex  3.983502e-02 -3.375356e-01 -2.368692e-01
     vertex  4.751866e-02 -3.375359e-01 -2.339955e-01
   endloop
 endfacet
 facet normal -1.543006e-03 -9.999901e-01  4.172726e-03
   outer loop
     vertex  1.098920e-01 -3.374459e-01 -1.894679e-01
     vertex  3.983502e-02 -3.375356e-01 -2.368692e-01
     vertex  1.048374e-01 -3.374614e-01 -1.950460e-01
   endloop
 endfacet
 facet normal -1.683408e-03 -9.999890e-01  4.368187e-03
   outer loop
     vertex  1.146841e-01 -3.374293e-01 -1.836805e-01
     vertex  3.188824e-02 -3.375333e-01 -2.394114e-01
     vertex  3.983502e-02 -3.375356e-01 -2.368692e-01
   endloop
 endfacet
 facet normal -1.513094e-03 -9.999903e-01  4.128517e-03
   outer loop
     vertex  1.146841e-01 -3.374293e-01 -1.836805e-01
     vertex  3.983502e-02 -3.375356e-01 -2.368692e-01
     vertex  1.098920e-01 -3.374459e-01 -1.894679e-01
   endloop
 endfacet
 facet normal -1.701662e-03 -9.999890e-01  4.381259e-03
   outer loop
     vertex  1.192135e-01 -3.374115e-01 -1.776949e-01
     vertex  2.367828e-02 -3.375290e-01 -2.416109e-01
     vertex  3.188824e-02 -3.375333e-01 -2.394114e-01
   endloop
 endfacet
 facet normal -1.502986e-03 -9.999905e-01  4.100148e-03
   outer loop
     vertex  1.192135e-01 -3.374115e-01 -1.776949e-01
     vertex  3.188824e-02 -3.375333e-01 -2.394114e-01
     vertex  1.146841e-01 -3.374293e-01 -1.836805e-01
   endloop
 endfacet
 facet normal -1.720558e-03 -9.999889e-01  4.393439e-03
   outer loop
     vertex  1.234803e-01 -3.373928e-01 -1.715221e-01
     vertex  1.520509e-02 -3.375225e-01 -2.434568e-01
     vertex  2.367828e-02 -3.375290e-01 -2.416109e-01
   endloop
 endfacet
 facet normal -1.493536e-03 -9.999906e-01  4.070177e-03
   outer loop
     vertex  1.234803e-01 -3.373928e-01 -1.715221e-01
     vertex  2.367828e-02 -3.375290e-01 -2.416109e-01
     vertex  1.192135e-01 -3.374115e-01 -1.776949e-01
   endloop
 endfacet
 facet normal -1.484754e-03 -9.999907e-01  4.038513e-03
   outer loop
     vertex  1.274846e-01 -3.373731e-01 -1.651733e-01
     vertex  1.520509e-02 -3.375225e-01 -2.434568e-01
     vertex  1.234803e-01 -3.373928e-01 -1.715221e-01
   endloop
 endfacet
 facet normal -5.861708e-02 -9.948909e-01  8.219581e-02
   outer loop
     vertex  1.312265e-01 -3.373525e-01 -1.586596e-01
     vertex  6.456891e-03 -3.371297e-01 -2.449411e-01
     vertex  1.520509e-02 -3.375225e-01 -2.434568e-01
   endloop
 endfacet
 facet normal -1.451256e-03 -9.999910e-01  3.990468e-03
   outer loop
     vertex  1.312265e-01 -3.373525e-01 -1.586596e-01
     vertex  1.520509e-02 -3.375225e-01 -2.434568e-01
     vertex  1.274846e-01 -3.373731e-01 -1.651733e-01
   endloop
 endfacet
 facet normal  6.090736e-02 -9.944149e-01 -8.619371e-02
   outer loop
     vertex  1.347059e-01 -3.373312e-01 -1.519921e-01
     vertex -1.002604e-03 -3.375049e-01 -2.458840e-01
     vertex  6.456891e-03 -3.371297e-01 -2.449411e-01
   endloop
 endfacet
 facet normal -6.259175e-03 -9.999595e-01  6.469204e-03
   outer loop
     vertex  1.347059e-01 -3.373312e-01 -1.519921e-01
     vertex  6.456891e-03 -3.371297e-01 -2.449411e-01
     vertex  1.312265e-01 -3.373525e-01 -1.586596e-01
   endloop
 endfacet
 facet normal -1.772967e-03 -9.999888e-01  4.390214e-03
   outer loop
     vertex  1.379229e-01 -3.373091e-01 -1.451819e-01
     vertex -8.656220e-03 -3.374943e-01 -2.465636e-01
     vertex -1.002604e-03 -3.375049e-01 -2.458840e-01
   endloop
 endfacet
 facet normal -1.429870e-03 -9.999913e-01  3.916894e-03
   outer loop
     vertex  1.379229e-01 -3.373091e-01 -1.451819e-01
     vertex -1.002604e-03 -3.375049e-01 -2.458840e-01
     vertex  1.347059e-01 -3.373312e-01 -1.519921e-01
   endloop
 endfacet
 facet normal -1.417402e-03 -9.999915e-01  3.876139e-03
   outer loop
     vertex  1.408776e-01 -3.372864e-01 -1.382401e-01
     vertex -8.656220e-03 -3.374943e-01 -2.465636e-01
     vertex  1.379229e-01 -3.373091e-01 -1.451819e-01
   endloop
 endfacet
 facet normal -1.793024e-03 -9.999888e-01  4.369354e-03
   outer loop
     vertex  1.435700e-01 -3.372631e-01 -1.311778e-01
     vertex -1.852612e-02 -3.374786e-01 -2.470292e-01
     vertex -8.656220e-03 -3.374943e-01 -2.465636e-01
   endloop
 endfacet
 facet normal -1.379301e-03 -9.999917e-01  3.823543e-03
   outer loop
     vertex  1.435700e-01 -3.372631e-01 -1.311778e-01
     vertex -8.656220e-03 -3.374943e-01 -2.465636e-01
     vertex  1.408776e-01 -3.372864e-01 -1.382401e-01
   endloop
 endfacet
 facet normal -1.373053e-03 -9.999919e-01  3.781748e-03
   outer loop
     vertex  1.460001e-01 -3.372393e-01 -1.240062e-01
     vertex -1.852612e-02 -3.374786e-01 -2.470292e-01
     vertex  1.435700e-01 -3.372631e-01 -1.311778e-01
   endloop
 endfacet
 facet normal -1.820332e-03 -9.999889e-01  4.351595e-03
   outer loop
     vertex  1.481680e-01 -3.372151e-01 -1.167363e-01
     vertex -2.983013e-02 -3.374580e-01 -2.470259e-01
     vertex -1.852612e-02 -3.374786e-01 -2.470292e-01
   endloop
 endfacet
 facet normal -1.331910e-03 -9.999922e-01  3.726725e-03
   outer loop
     vertex  1.481680e-01 -3.372151e-01 -1.167363e-01
     vertex -1.852612e-02 -3.374786e-01 -2.470292e-01
     vertex  1.460001e-01 -3.372393e-01 -1.240062e-01
   endloop
 endfacet
 facet normal  3.454612e-03 -9.999846e-01  4.341975e-03
   outer loop
     vertex  7.935893e-02 -3.366644e-01  1.013163e-01
     vertex  7.289873e-02 -3.366681e-01  1.055976e-01
     vertex  6.617782e-02 -3.366740e-01  1.095994e-01
   endloop
 endfacet
 facet normal -1.329965e-03 -9.999923e-01  3.681676e-03
   outer loop
     vertex  1.500737e-01 -3.371905e-01 -1.093792e-01
     vertex -2.983013e-02 -3.374580e-01 -2.470259e-01
     vertex  1.481680e-01 -3.372151e-01 -1.167363e-01
   endloop
 endfacet
 facet normal  3.429170e-03 -9.999849e-01  4.301487e-03
   outer loop
     vertex  8.555838e-02 -3.366627e-01  9.676680e-02
     vertex  7.935893e-02 -3.366644e-01  1.013163e-01
     vertex  6.617782e-02 -3.366740e-01  1.095994e-01
   endloop
 endfacet
 facet normal  3.468281e-03 -9.999845e-01  4.360555e-03
   outer loop
     vertex  8.555838e-02 -3.366627e-01  9.676680e-02
     vertex  6.617782e-02 -3.366740e-01  1.095994e-01
     vertex  5.919625e-02 -3.366820e-01  1.133107e-01
   endloop
 endfacet
 facet normal -1.285750e-03 -9.999926e-01  3.623888e-03
   outer loop
     vertex  1.517174e-01 -3.371657e-01 -1.019461e-01
     vertex -2.983013e-02 -3.374580e-01 -2.470259e-01
     vertex  1.500737e-01 -3.371905e-01 -1.093792e-01
   endloop
 endfacet
 facet normal  3.482578e-03 -9.999844e-01  4.378084e-03
   outer loop
     vertex  9.149704e-02 -3.366630e-01  9.196010e-02
     vertex  5.919625e-02 -3.366820e-01  1.133107e-01
     vertex  5.195407e-02 -3.366923e-01  1.167204e-01
   endloop
 endfacet
 facet normal  3.417402e-03 -9.999850e-01  4.279480e-03
   outer loop
     vertex  9.149704e-02 -3.366630e-01  9.196010e-02
     vertex  8.555838e-02 -3.366627e-01  9.676680e-02
     vertex  5.919625e-02 -3.366820e-01  1.133107e-01
   endloop
 endfacet
 facet normal -1.238866e-03 -9.999929e-01  3.565220e-03
   outer loop
     vertex  1.530989e-01 -3.371407e-01 -9.444801e-02
     vertex -2.983013e-02 -3.374580e-01 -2.470259e-01
     vertex  1.517174e-01 -3.371657e-01 -1.019461e-01
   endloop
 endfacet
 facet normal  3.406276e-03 -9.999851e-01  4.256226e-03
   outer loop
     vertex  9.717486e-02 -3.366652e-01  8.690732e-02
     vertex  9.149704e-02 -3.366630e-01  9.196010e-02
     vertex  5.195407e-02 -3.366923e-01  1.167204e-01
   endloop
 endfacet
 facet normal  4.964554e-04 -9.999986e-01  1.568244e-03
   outer loop
     vertex  1.542184e-01 -3.371155e-01 -8.689611e-02
     vertex -2.104613e-01 -3.373178e-01 -1.004088e-01
     vertex -2.983013e-02 -3.374580e-01 -2.470259e-01
   endloop
 endfacet
 facet normal -1.189220e-03 -9.999931e-01  3.505698e-03
   outer loop
     vertex  1.542184e-01 -3.371155e-01 -8.689611e-02
     vertex -2.983013e-02 -3.374580e-01 -2.470259e-01
     vertex  1.530989e-01 -3.371407e-01 -9.444801e-02
   endloop
 endfacet
 facet normal  3.488474e-03 -9.999844e-01  4.372726e-03
   outer loop
     vertex  1.025918e-01 -3.366691e-01  8.161958e-02
     vertex  5.195407e-02 -3.366923e-01  1.167204e-01
     vertex  4.445131e-02 -3.367049e-01  1.198174e-01
   endloop
 endfacet
 facet normal  3.378191e-03 -9.999854e-01  4.213628e-03
   outer loop
     vertex  1.025918e-01 -3.366691e-01  8.161958e-02
     vertex  9.717486e-02 -3.366652e-01  8.690732e-02
     vertex  5.195407e-02 -3.366923e-01  1.167204e-01
   endloop
 endfacet
 facet normal  4.334686e-04 -9.999946e-01  3.268066e-03
   outer loop
     vertex  1.550760e-01 -3.370904e-01 -7.930149e-02
     vertex -2.104613e-01 -3.373178e-01 -1.004088e-01
     vertex  1.542184e-01 -3.371155e-01 -8.689611e-02
   endloop
 endfacet
 facet normal  7.055981e-04 -9.999987e-01 -1.444638e-03
   outer loop
     vertex  1.550760e-01 -3.370904e-01 -7.930149e-02
     vertex -2.119889e-01 -3.373312e-01 -9.186052e-02
     vertex -2.104613e-01 -3.373178e-01 -1.004088e-01
   endloop
 endfacet
 facet normal  3.505080e-03 -9.999842e-01  4.387807e-03
   outer loop
     vertex  1.077478e-01 -3.366749e-01  7.610798e-02
     vertex  4.445131e-02 -3.367049e-01  1.198174e-01
     vertex  3.668803e-02 -3.367200e-01  1.225906e-01
   endloop
 endfacet
 facet normal  3.367248e-03 -9.999856e-01  4.188209e-03
   outer loop
     vertex  1.077478e-01 -3.366749e-01  7.610798e-02
     vertex  1.025918e-01 -3.366691e-01  8.161958e-02
     vertex  4.445131e-02 -3.367049e-01  1.198174e-01
   endloop
 endfacet
 facet normal  5.447216e-04 -9.999945e-01  3.257246e-03
   outer loop
     vertex  1.556715e-01 -3.370652e-01 -7.167525e-02
     vertex -2.119889e-01 -3.373312e-01 -9.186052e-02
     vertex  1.550760e-01 -3.370904e-01 -7.930149e-02
   endloop
 endfacet
 facet normal  8.037059e-04 -9.999986e-01 -1.459915e-03
   outer loop
     vertex  1.556715e-01 -3.370652e-01 -7.167525e-02
     vertex -2.131755e-01 -3.373447e-01 -8.324746e-02
     vertex -2.119889e-01 -3.373312e-01 -9.186052e-02
   endloop
 endfacet
 facet normal  3.522320e-03 -9.999841e-01  4.401948e-03
   outer loop
     vertex  1.126428e-01 -3.366823e-01  7.038362e-02
     vertex  3.668803e-02 -3.367200e-01  1.225906e-01
     vertex  2.866426e-02 -3.367375e-01  1.250288e-01
   endloop
 endfacet
 facet normal  3.356954e-03 -9.999857e-01  4.161360e-03
   outer loop
     vertex  1.126428e-01 -3.366823e-01  7.038362e-02
     vertex  1.077478e-01 -3.366749e-01  7.610798e-02
     vertex  3.668803e-02 -3.367200e-01  1.225906e-01
   endloop
 endfacet
 facet normal  6.559620e-04 -9.999945e-01  3.249101e-03
   outer loop
     vertex  1.560052e-01 -3.370401e-01 -6.402850e-02
     vertex -2.131755e-01 -3.373447e-01 -8.324746e-02
     vertex  1.556715e-01 -3.370652e-01 -7.167525e-02
   endloop
 endfacet
 facet normal  9.017350e-04 -9.999985e-01 -1.471934e-03
   outer loop
     vertex  1.560052e-01 -3.370401e-01 -6.402850e-02
     vertex -2.140211e-01 -3.373583e-01 -7.458599e-02
     vertex -2.131755e-01 -3.373447e-01 -8.324746e-02
   endloop
 endfacet
 facet normal  3.540200e-03 -9.999840e-01  4.415181e-03
   outer loop
     vertex  1.172769e-01 -3.366912e-01  6.445763e-02
     vertex  2.866426e-02 -3.367375e-01  1.250288e-01
     vertex  2.038005e-02 -3.367576e-01  1.271210e-01
   endloop
 endfacet
 facet normal  3.347319e-03 -9.999859e-01  4.133005e-03
   outer loop
     vertex  1.172769e-01 -3.366912e-01  6.445763e-02
     vertex  1.126428e-01 -3.366823e-01  7.038362e-02
     vertex  2.866426e-02 -3.367375e-01  1.250288e-01
   endloop
 endfacet
 facet normal  7.671899e-04 -9.999944e-01  3.243572e-03
   outer loop
     vertex  1.560770e-01 -3.370152e-01 -5.637234e-02
     vertex -2.140211e-01 -3.373583e-01 -7.458599e-02
     vertex  1.560052e-01 -3.370401e-01 -6.402850e-02
   endloop
 endfacet
 facet normal  9.996947e-04 -9.999984e-01 -1.480810e-03
   outer loop
     vertex  1.560770e-01 -3.370152e-01 -5.637234e-02
     vertex -2.145257e-01 -3.373716e-01 -6.589248e-02
     vertex -2.140211e-01 -3.373583e-01 -7.458599e-02
   endloop
 endfacet
 facet normal  3.338355e-03 -9.999860e-01  4.103064e-03
   outer loop
     vertex  1.216498e-01 -3.367017e-01  5.834110e-02
     vertex  1.172769e-01 -3.366912e-01  6.445763e-02
     vertex  2.038005e-02 -3.367576e-01  1.271210e-01
   endloop
 endfacet
 facet normal  8.784056e-04 -9.999944e-01  3.240620e-03
   outer loop
     vertex  1.558870e-01 -3.369906e-01 -4.871789e-02
     vertex -2.145257e-01 -3.373716e-01 -6.589248e-02
     vertex  1.560770e-01 -3.370152e-01 -5.637234e-02
   endloop
 endfacet
 facet normal  1.097593e-03 -9.999983e-01 -1.486618e-03
   outer loop
     vertex  1.558870e-01 -3.369906e-01 -4.871789e-02
     vertex -2.146892e-01 -3.373848e-01 -5.718328e-02
     vertex -2.145257e-01 -3.373716e-01 -6.589248e-02
   endloop
 endfacet
 facet normal  3.306366e-03 -9.999863e-01  4.055965e-03
   outer loop
     vertex  1.257617e-01 -3.367137e-01  5.204514e-02
     vertex  1.216498e-01 -3.367017e-01  5.834110e-02
     vertex  2.038005e-02 -3.367576e-01  1.271210e-01
   endloop
 endfacet
 facet normal  3.553800e-03 -9.999840e-01  4.403282e-03
   outer loop
     vertex  1.257617e-01 -3.367137e-01  5.204514e-02
     vertex  2.038005e-02 -3.367576e-01  1.271210e-01
     vertex  1.183544e-02 -3.367803e-01  1.288560e-01
   endloop
 endfacet
 facet normal  9.896093e-04 -9.999943e-01  3.240232e-03
   outer loop
     vertex  1.554353e-01 -3.369663e-01 -4.107626e-02
     vertex -2.146892e-01 -3.373848e-01 -5.718328e-02
     vertex  1.558870e-01 -3.369906e-01 -4.871789e-02
   endloop
 endfacet
 facet normal  3.297543e-03 -9.999865e-01  4.023198e-03
   outer loop
     vertex  1.296124e-01 -3.367270e-01  4.558086e-02
     vertex  1.257617e-01 -3.367137e-01  5.204514e-02
     vertex  1.183544e-02 -3.367803e-01  1.288560e-01
   endloop
 endfacet
 facet normal  3.574060e-03 -9.999839e-01  4.414281e-03
   outer loop
     vertex  1.296124e-01 -3.367270e-01  4.558086e-02
     vertex  1.183544e-02 -3.367803e-01  1.288560e-01
     vertex  3.030486e-03 -3.368058e-01  1.302228e-01
   endloop
 endfacet
 facet normal  9.899660e-04 -9.999943e-01  3.232036e-03
   outer loop
     vertex  1.547218e-01 -3.369424e-01 -3.345854e-02
     vertex -2.146892e-01 -3.373848e-01 -5.718328e-02
     vertex  1.554353e-01 -3.369663e-01 -4.107626e-02
   endloop
 endfacet
 facet normal  1.293325e-03 -9.999981e-01 -1.491402e-03
   outer loop
     vertex  1.547218e-01 -3.369424e-01 -3.345854e-02
     vertex -2.145115e-01 -3.373975e-01 -4.847477e-02
     vertex -2.146892e-01 -3.373848e-01 -5.718328e-02
   endloop
 endfacet
 facet normal  3.289406e-03 -9.999866e-01  3.988578e-03
   outer loop
     vertex  1.332019e-01 -3.367416e-01  3.895937e-02
     vertex  1.296124e-01 -3.367270e-01  4.558086e-02
     vertex  3.030486e-03 -3.368058e-01  1.302228e-01
   endloop
 endfacet
 facet normal  3.594991e-03 -9.999838e-01  4.424444e-03
   outer loop
     vertex  1.332019e-01 -3.367416e-01  3.895937e-02
     vertex  3.030486e-03 -3.368058e-01  1.302228e-01
     vertex -6.034777e-03 -3.368340e-01  1.312102e-01
   endloop
 endfacet
 facet normal  1.101187e-03 -9.999942e-01  3.232955e-03
   outer loop
     vertex  1.537466e-01 -3.369189e-01 -2.587585e-02
     vertex -2.145115e-01 -3.373975e-01 -4.847477e-02
     vertex  1.547218e-01 -3.369424e-01 -3.345854e-02
   endloop
 endfacet
 facet normal  1.391334e-03 -9.999979e-01 -1.495035e-03
   outer loop
     vertex  1.537466e-01 -3.369189e-01 -2.587585e-02
     vertex -2.139927e-01 -3.374098e-01 -3.978331e-02
     vertex -2.145115e-01 -3.373975e-01 -4.847477e-02
   endloop
 endfacet
 facet normal  1.212389e-03 -9.999940e-01  3.236471e-03
   outer loop
     vertex  1.525099e-01 -3.368960e-01 -1.833929e-02
     vertex -2.139927e-01 -3.374098e-01 -3.978331e-02
     vertex  1.537466e-01 -3.369189e-01 -2.587585e-02
   endloop
 endfacet
 facet normal  1.489272e-03 -9.999978e-01 -1.495682e-03
   outer loop
     vertex  1.525099e-01 -3.368960e-01 -1.833929e-02
     vertex -2.131326e-01 -3.374215e-01 -3.112526e-02
     vertex -2.139927e-01 -3.374098e-01 -3.978331e-02
   endloop
 endfacet
 facet normal  3.281972e-03 -9.999868e-01  3.951994e-03
   outer loop
     vertex  1.365302e-01 -3.367574e-01  3.219177e-02
     vertex  1.332019e-01 -3.367416e-01  3.895937e-02
     vertex -6.034777e-03 -3.368340e-01  1.312102e-01
   endloop
 endfacet
 facet normal  1.421192e-03 -9.999979e-01  1.488668e-03
   outer loop
     vertex  1.510115e-01 -3.368738e-01 -1.085998e-02
     vertex -3.026596e-02 -3.369188e-01  1.319363e-01
     vertex -2.131326e-01 -3.374215e-01 -3.112526e-02
   endloop
 endfacet
 facet normal  1.323574e-03 -9.999939e-01  3.242643e-03
   outer loop
     vertex  1.510115e-01 -3.368738e-01 -1.085998e-02
     vertex -2.131326e-01 -3.374215e-01 -3.112526e-02
     vertex  1.525099e-01 -3.368960e-01 -1.833929e-02
   endloop
 endfacet
 facet normal  3.246120e-03 -9.999871e-01  3.900374e-03
   outer loop
     vertex  1.395972e-01 -3.367744e-01  2.528918e-02
     vertex  1.365302e-01 -3.367574e-01  3.219177e-02
     vertex -6.034777e-03 -3.368340e-01  1.312102e-01
   endloop
 endfacet
 facet normal  3.614915e-03 -9.999838e-01  4.407437e-03
   outer loop
     vertex  1.395972e-01 -3.367744e-01  2.528918e-02
     vertex -6.034777e-03 -3.368340e-01  1.312102e-01
     vertex -1.536030e-02 -3.368651e-01  1.318072e-01
   endloop
 endfacet
 facet normal  3.126273e-03 -9.999884e-01  3.653242e-03
   outer loop
     vertex  1.492515e-01 -3.368522e-01 -3.449013e-03
     vertex -3.026596e-02 -3.369188e-01  1.319363e-01
     vertex  1.510115e-01 -3.368738e-01 -1.085998e-02
   endloop
 endfacet
 facet normal  3.238775e-03 -9.999873e-01  3.860242e-03
   outer loop
     vertex  1.424029e-01 -3.367924e-01  1.826269e-02
     vertex  1.395972e-01 -3.367744e-01  2.528918e-02
     vertex -1.536030e-02 -3.368651e-01  1.318072e-01
   endloop
 endfacet
 facet normal  3.635525e-03 -9.999837e-01  4.411505e-03
   outer loop
     vertex  1.424029e-01 -3.367924e-01  1.826269e-02
     vertex -1.536030e-02 -3.368651e-01  1.318072e-01
     vertex -2.273564e-02 -3.368911e-01  1.319939e-01
   endloop
 endfacet
 facet normal  3.169892e-03 -9.999881e-01  3.711080e-03
   outer loop
     vertex  1.472301e-01 -3.368314e-01  3.882491e-03
     vertex -3.026596e-02 -3.369188e-01  1.319363e-01
     vertex  1.492515e-01 -3.368522e-01 -3.449013e-03
   endloop
 endfacet
 facet normal  3.654415e-03 -9.999837e-01  4.382683e-03
   outer loop
     vertex  1.472301e-01 -3.368314e-01  3.882491e-03
     vertex -2.273564e-02 -3.368911e-01  1.319939e-01
     vertex -3.026596e-02 -3.369188e-01  1.319363e-01
   endloop
 endfacet
 facet normal  3.224831e-03 -9.999875e-01  3.815170e-03
   outer loop
     vertex  1.449472e-01 -3.368114e-01  1.112343e-02
     vertex  1.424029e-01 -3.367924e-01  1.826269e-02
     vertex -2.273564e-02 -3.368911e-01  1.319939e-01
   endloop
 endfacet
 facet normal  3.184910e-03 -9.999879e-01  3.759788e-03
   outer loop
     vertex  1.449472e-01 -3.368114e-01  1.112343e-02
     vertex -2.273564e-02 -3.368911e-01  1.319939e-01
     vertex  1.472301e-01 -3.368314e-01  3.882491e-03
   endloop
 endfacet
 facet normal  2.844208e-02 -7.064865e-01  7.071547e-01
   outer loop
     vertex -3.907359e-02 -3.099498e-01 -2.195109e-01
     vertex -4.712970e-02 -3.374012e-01 -2.466124e-01
     vertex -3.858599e-02 -3.374286e-01 -2.469833e-01
   endloop
 endfacet
 facet normal  5.636833e-02 -7.066703e-01  7.052941e-01
   outer loop
     vertex -4.777624e-02 -3.099244e-01 -2.190302e-01
     vertex -5.546124e-02 -3.373760e-01 -2.459212e-01
     vertex -4.712970e-02 -3.374012e-01 -2.466124e-01
   endloop
 endfacet
 facet normal  3.691092e-02 -7.075421e-01  7.057065e-01
   outer loop
     vertex -4.777624e-02 -3.099244e-01 -2.190302e-01
     vertex -4.712970e-02 -3.374012e-01 -2.466124e-01
     vertex -3.907359e-02 -3.099498e-01 -2.195109e-01
   endloop
 endfacet
 facet normal  8.473259e-02 -7.070601e-01  7.020587e-01
   outer loop
     vertex -5.621772e-02 -3.099015e-01 -2.181597e-01
     vertex -6.358060e-02 -3.373527e-01 -2.449178e-01
     vertex -5.546124e-02 -3.373760e-01 -2.459212e-01
   endloop
 endfacet
 facet normal  7.054188e-02 -7.080392e-01  7.026410e-01
   outer loop
     vertex -5.621772e-02 -3.099015e-01 -2.181597e-01
     vertex -5.546124e-02 -3.373760e-01 -2.459212e-01
     vertex -4.777624e-02 -3.099244e-01 -2.190302e-01
   endloop
 endfacet
 facet normal  1.134133e-01 -7.076298e-01  6.974221e-01
   outer loop
     vertex -6.439801e-02 -3.098810e-01 -2.169111e-01
     vertex -7.148774e-02 -3.373314e-01 -2.436103e-01
     vertex -6.358060e-02 -3.373527e-01 -2.449178e-01
   endloop
 endfacet
 facet normal  1.047568e-01 -7.084345e-01  6.979588e-01
   outer loop
     vertex -6.439801e-02 -3.098810e-01 -2.169111e-01
     vertex -6.358060e-02 -3.373527e-01 -2.449178e-01
     vertex -5.621772e-02 -3.099015e-01 -2.181597e-01
   endloop
 endfacet
 facet normal  1.423223e-01 -7.081603e-01  6.915587e-01
   outer loop
     vertex -7.153693e-02 -3.098646e-01 -2.154741e-01
     vertex -7.918266e-02 -3.373120e-01 -2.420068e-01
     vertex -7.148774e-02 -3.373314e-01 -2.436103e-01
   endloop
 endfacet
 facet normal  1.376717e-01 -7.086349e-01  6.920138e-01
   outer loop
     vertex -7.153693e-02 -3.098646e-01 -2.154741e-01
     vertex -7.148774e-02 -3.373314e-01 -2.436103e-01
     vertex -6.439801e-02 -3.098810e-01 -2.169111e-01
   endloop
 endfacet
 facet normal  1.713715e-01 -7.085435e-01  6.845421e-01
   outer loop
     vertex -7.778104e-02 -3.098514e-01 -2.139344e-01
     vertex -8.666533e-02 -3.372944e-01 -2.401154e-01
     vertex -7.918266e-02 -3.373120e-01 -2.420068e-01
   endloop
 endfacet
 facet normal  1.674414e-01 -7.089289e-01  6.851154e-01
   outer loop
     vertex -7.778104e-02 -3.098514e-01 -2.139344e-01
     vertex -7.918266e-02 -3.373120e-01 -2.420068e-01
     vertex -7.153693e-02 -3.098646e-01 -2.154741e-01
   endloop
 endfacet
 facet normal  2.515528e-01 -7.100413e-01  6.576949e-01
   outer loop
     vertex -9.548483e-02 -3.098203e-01 -2.079795e-01
     vertex -1.009938e-01 -3.372645e-01 -2.355010e-01
     vertex -8.975500e-02 -3.098293e-01 -2.101807e-01
   endloop
 endfacet
 facet normal  3.939302e-01 -7.093797e-01  5.844650e-01
   outer loop
     vertex -1.215619e-01 -3.097937e-01 -1.939816e-01
     vertex -1.388832e-01 -3.372131e-01 -2.155866e-01
     vertex -1.330993e-01 -3.372180e-01 -2.194910e-01
   endloop
 endfacet
 facet normal  4.553613e-01 -7.092309e-01  5.381800e-01
   outer loop
     vertex -1.351501e-01 -3.097911e-01 -1.834175e-01
     vertex -1.498137e-01 -3.372071e-01 -2.071401e-01
     vertex -1.307923e-01 -3.097910e-01 -1.871045e-01
   endloop
 endfacet
 facet normal  4.661713e-01 -7.081667e-01  5.302682e-01
   outer loop
     vertex -1.351501e-01 -3.097911e-01 -1.834175e-01
     vertex -1.549602e-01 -3.372059e-01 -2.026141e-01
     vertex -1.498137e-01 -3.372071e-01 -2.071401e-01
   endloop
 endfacet
 facet normal  4.772929e-01 -7.087003e-01  5.195532e-01
   outer loop
     vertex -1.393364e-01 -3.097922e-01 -1.795731e-01
     vertex -1.549602e-01 -3.372059e-01 -2.026141e-01
     vertex -1.351501e-01 -3.097911e-01 -1.834175e-01
   endloop
 endfacet
 facet normal  4.883012e-01 -7.075880e-01  5.107652e-01
   outer loop
     vertex -1.393364e-01 -3.097922e-01 -1.795731e-01
     vertex -1.598942e-01 -3.372059e-01 -1.978970e-01
     vertex -1.549602e-01 -3.372059e-01 -2.026141e-01
   endloop
 endfacet
 facet normal  4.982622e-01 -7.080908e-01  5.003420e-01
   outer loop
     vertex -1.433511e-01 -3.097941e-01 -1.755779e-01
     vertex -1.598942e-01 -3.372059e-01 -1.978970e-01
     vertex -1.393364e-01 -3.097922e-01 -1.795731e-01
   endloop
 endfacet
 facet normal  5.093897e-01 -7.069363e-01  4.906763e-01
   outer loop
     vertex -1.433511e-01 -3.097941e-01 -1.755779e-01
     vertex -1.646158e-01 -3.372069e-01 -1.929969e-01
     vertex -1.598942e-01 -3.372059e-01 -1.978970e-01
   endloop
 endfacet
 facet normal  5.662104e-01 -7.046485e-01  4.276404e-01
   outer loop
     vertex -1.543657e-01 -3.098049e-01 -1.627498e-01
     vertex -1.775050e-01 -3.372160e-01 -1.772795e-01
     vertex -1.734212e-01 -3.372121e-01 -1.826801e-01
   endloop
 endfacet
 facet normal  8.388063e-01 -5.345619e-01 -1.031874e-01
   outer loop
     vertex -1.576940e-01 -3.098100e-01 -1.582140e-01
     vertex -1.811988e-01 -3.440266e-01 -1.720245e-01
     vertex -1.775050e-01 -3.372160e-01 -1.772795e-01
   endloop
 endfacet
 facet normal  5.721099e-01 -7.050605e-01  4.190226e-01
   outer loop
     vertex -1.576940e-01 -3.098100e-01 -1.582140e-01
     vertex -1.775050e-01 -3.372160e-01 -1.772795e-01
     vertex -1.543657e-01 -3.098049e-01 -1.627498e-01
   endloop
 endfacet
 facet normal  6.481827e-01 -6.223618e-01  4.387767e-01
   outer loop
     vertex -1.608507e-01 -3.098157e-01 -1.535590e-01
     vertex -1.811988e-01 -3.440266e-01 -1.720245e-01
     vertex -1.576940e-01 -3.098100e-01 -1.582140e-01
   endloop
 endfacet
 facet normal  3.232121e-01 -5.911183e-01  7.389947e-01
   outer loop
     vertex -1.608507e-01 -3.098157e-01 -1.535590e-01
     vertex -1.859706e-01 -3.372281e-01 -1.644994e-01
     vertex -1.811988e-01 -3.440266e-01 -1.720245e-01
   endloop
 endfacet
 facet normal  6.031719e-01 -7.030634e-01  3.766769e-01
   outer loop
     vertex -1.638357e-01 -3.098221e-01 -1.487910e-01
     vertex -1.859706e-01 -3.372281e-01 -1.644994e-01
     vertex -1.608507e-01 -3.098157e-01 -1.535590e-01
   endloop
 endfacet
 facet normal  6.355872e-01 -7.003695e-01  3.248253e-01
   outer loop
     vertex -1.692908e-01 -3.098366e-01 -1.389414e-01
     vertex -1.941377e-01 -3.372459e-01 -1.494218e-01
     vertex -1.902245e-01 -3.372365e-01 -1.570584e-01
   endloop
 endfacet
 facet normal  6.416841e-01 -7.008299e-01  3.115749e-01
   outer loop
     vertex -1.717608e-01 -3.098445e-01 -1.338724e-01
     vertex -1.941377e-01 -3.372459e-01 -1.494218e-01
     vertex -1.692908e-01 -3.098366e-01 -1.389414e-01
   endloop
 endfacet
 facet normal  6.504367e-01 -6.993524e-01  2.963754e-01
   outer loop
     vertex -1.717608e-01 -3.098445e-01 -1.338724e-01
     vertex -1.977102e-01 -3.372563e-01 -1.416058e-01
     vertex -1.941377e-01 -3.372459e-01 -1.494218e-01
   endloop
 endfacet
 facet normal  6.528760e-01 -6.998180e-01  2.898409e-01
   outer loop
     vertex -1.740591e-01 -3.098530e-01 -1.287157e-01
     vertex -1.977102e-01 -3.372563e-01 -1.416058e-01
     vertex -1.717608e-01 -3.098445e-01 -1.338724e-01
   endloop
 endfacet
 facet normal  6.633361e-01 -6.986345e-01  2.681323e-01
   outer loop
     vertex -1.761856e-01 -3.098618e-01 -1.234777e-01
     vertex -1.977102e-01 -3.372563e-01 -1.416058e-01
     vertex -1.740591e-01 -3.098530e-01 -1.287157e-01
   endloop
 endfacet
 facet normal  6.635442e-01 -6.985694e-01  2.677869e-01
   outer loop
     vertex -1.761856e-01 -3.098618e-01 -1.234777e-01
     vertex -2.009420e-01 -3.372674e-01 -1.336269e-01
     vertex -1.977102e-01 -3.372563e-01 -1.416058e-01
   endloop
 endfacet
 facet normal  6.879291e-01 -6.969940e-01  2.023683e-01
   outer loop
     vertex -1.815349e-01 -3.098902e-01 -1.073390e-01
     vertex -2.063833e-01 -3.372917e-01 -1.172456e-01
     vertex -1.799236e-01 -3.098804e-01 -1.127830e-01
   endloop
 endfacet
 facet normal  6.946644e-01 -6.958488e-01  1.823070e-01
   outer loop
     vertex -1.815349e-01 -3.098902e-01 -1.073390e-01
     vertex -2.085927e-01 -3.373046e-01 -1.088760e-01
     vertex -2.063833e-01 -3.372917e-01 -1.172456e-01
   endloop
 endfacet
 facet normal  6.949320e-01 -6.960190e-01  1.806296e-01
   outer loop
     vertex -1.829745e-01 -3.099001e-01 -1.018389e-01
     vertex -2.085927e-01 -3.373046e-01 -1.088760e-01
     vertex -1.815349e-01 -3.098902e-01 -1.073390e-01
   endloop
 endfacet
 facet normal  7.005803e-01 -6.956860e-01  1.587710e-01
   outer loop
     vertex -1.842423e-01 -3.099103e-01 -9.628904e-02
     vertex -2.085927e-01 -3.373046e-01 -1.088760e-01
     vertex -1.829745e-01 -3.099001e-01 -1.018389e-01
   endloop
 endfacet
 facet normal  7.023342e-01 -6.950103e-01  1.539070e-01
   outer loop
     vertex -1.842423e-01 -3.099103e-01 -9.628904e-02
     vertex -2.104613e-01 -3.373178e-01 -1.004088e-01
     vertex -2.085927e-01 -3.373046e-01 -1.088760e-01
   endloop
 endfacet
 facet normal  7.163945e-01 -6.939821e-01  7.188688e-02
   outer loop
     vertex -1.875955e-01 -3.099516e-01 -7.371913e-02
     vertex -2.131755e-01 -3.373447e-01 -8.324746e-02
     vertex -1.870149e-01 -3.099412e-01 -7.940454e-02
   endloop
 endfacet
 facet normal  7.170709e-01 -6.935839e-01  6.892609e-02
   outer loop
     vertex -1.875955e-01 -3.099516e-01 -7.371913e-02
     vertex -2.140211e-01 -3.373583e-01 -7.458599e-02
     vertex -2.131755e-01 -3.373447e-01 -8.324746e-02
   endloop
 endfacet
 facet normal  7.181712e-01 -6.940528e-01  5.020769e-02
   outer loop
     vertex -1.880042e-01 -3.099619e-01 -6.801562e-02
     vertex -2.140211e-01 -3.373583e-01 -7.458599e-02
     vertex -1.875955e-01 -3.099516e-01 -7.371913e-02
   endloop
 endfacet
 facet normal  7.196329e-01 -6.931609e-01  4.070082e-02
   outer loop
     vertex -1.880042e-01 -3.099619e-01 -6.801562e-02
     vertex -2.145257e-01 -3.373716e-01 -6.589248e-02
     vertex -2.140211e-01 -3.373583e-01 -7.458599e-02
   endloop
 endfacet
 facet normal  7.194665e-01 -6.939391e-01  2.857463e-02
   outer loop
     vertex -1.882410e-01 -3.099721e-01 -6.230036e-02
     vertex -2.145257e-01 -3.373716e-01 -6.589248e-02
     vertex -1.880042e-01 -3.099619e-01 -6.801562e-02
   endloop
 endfacet
 facet normal  7.195333e-01 -6.930669e-01 -4.393153e-02
   outer loop
     vertex -1.879202e-01 -3.100017e-01 -4.514730e-02
     vertex -2.139927e-01 -3.374098e-01 -3.978331e-02
     vertex -2.145115e-01 -3.373975e-01 -4.847477e-02
   endloop
 endfacet
 facet normal  7.192909e-01 -6.937611e-01 -3.627836e-02
   outer loop
     vertex -1.879202e-01 -3.100017e-01 -4.514730e-02
     vertex -2.145115e-01 -3.373975e-01 -4.847477e-02
     vertex -1.881991e-01 -3.099921e-01 -5.085988e-02
   endloop
 endfacet
 facet normal  7.170612e-01 -6.932644e-01 -7.216500e-02
   outer loop
     vertex -1.874695e-01 -3.100111e-01 -3.944827e-02
     vertex -2.131326e-01 -3.374215e-01 -3.112526e-02
     vertex -2.139927e-01 -3.374098e-01 -3.978331e-02
   endloop
 endfacet
 facet normal  7.176421e-01 -6.940012e-01 -5.789812e-02
   outer loop
     vertex -1.874695e-01 -3.100111e-01 -3.944827e-02
     vertex -2.139927e-01 -3.374098e-01 -3.978331e-02
     vertex -1.879202e-01 -3.100017e-01 -4.514730e-02
   endloop
 endfacet
 facet normal  7.155114e-01 -6.940567e-01 -7.955276e-02
   outer loop
     vertex -1.868468e-01 -3.100201e-01 -3.376912e-02
     vertex -2.131326e-01 -3.374215e-01 -3.112526e-02
     vertex -1.874695e-01 -3.100111e-01 -3.944827e-02
   endloop
 endfacet
 facet normal  7.021386e-01 -6.944888e-01 -1.571202e-01
   outer loop
     vertex -1.839472e-01 -3.100448e-01 -1.691414e-02
     vertex -2.085047e-01 -3.374517e-01 -5.515261e-03
     vertex -2.103886e-01 -3.374425e-01 -1.397487e-02
   endloop
 endfacet
 facet normal  7.041914e-01 -6.951277e-01 -1.446094e-01
   outer loop
     vertex -1.839472e-01 -3.100448e-01 -1.691414e-02
     vertex -2.103886e-01 -3.374425e-01 -1.397487e-02
     vertex -1.850857e-01 -3.100370e-01 -2.249573e-02
   endloop
 endfacet
 facet normal  6.943972e-01 -6.952715e-01 -1.854996e-01
   outer loop
     vertex -1.826367e-01 -3.100521e-01 -1.137774e-02
     vertex -2.062793e-01 -3.374598e-01  2.845476e-03
     vertex -2.085047e-01 -3.374517e-01 -5.515261e-03
   endloop
 endfacet
 facet normal  6.989878e-01 -6.955123e-01 -1.663692e-01
   outer loop
     vertex -1.826367e-01 -3.100521e-01 -1.137774e-02
     vertex -2.085047e-01 -3.374517e-01 -5.515261e-03
     vertex -1.839472e-01 -3.100448e-01 -1.691414e-02
   endloop
 endfacet
 facet normal  6.932423e-01 -6.956908e-01 -1.882272e-01
   outer loop
     vertex -1.811542e-01 -3.100588e-01 -5.892839e-03
     vertex -2.062793e-01 -3.374598e-01  2.845476e-03
     vertex -1.826367e-01 -3.100521e-01 -1.137774e-02
   endloop
 endfacet
 facet normal  6.633026e-01 -6.975717e-01 -2.709673e-01
   outer loop
     vertex -1.756747e-01 -3.100753e-01  1.018958e-02
     vertex -1.975544e-01 -3.374764e-01  2.717078e-02
     vertex -2.008042e-01 -3.374722e-01  1.920486e-02
   endloop
 endfacet
 facet normal  6.606787e-01 -6.982859e-01 -2.755004e-01
   outer loop
     vertex -1.735041e-01 -3.100794e-01  1.540521e-02
     vertex -1.975544e-01 -3.374764e-01  2.717078e-02
     vertex -1.756747e-01 -3.100753e-01  1.018958e-02
   endloop
 endfacet
 facet normal  6.498562e-01 -6.986086e-01 -2.993875e-01
   outer loop
     vertex -1.711614e-01 -3.100827e-01  2.053770e-02
     vertex -1.939630e-01 -3.374790e-01  3.497237e-02
     vertex -1.975544e-01 -3.374764e-01  2.717078e-02
   endloop
 endfacet
 facet normal  6.505626e-01 -6.988051e-01 -2.973882e-01
   outer loop
     vertex -1.711614e-01 -3.100827e-01  2.053770e-02
     vertex -1.975544e-01 -3.374764e-01  2.717078e-02
     vertex -1.735041e-01 -3.100794e-01  1.540521e-02
   endloop
 endfacet
 facet normal  6.390234e-01 -6.999229e-01 -3.189938e-01
   outer loop
     vertex -1.686467e-01 -3.100851e-01  2.558073e-02
     vertex -1.939630e-01 -3.374790e-01  3.497237e-02
     vertex -1.711614e-01 -3.100827e-01  2.053770e-02
   endloop
 endfacet
 facet normal  6.001781e-01 -7.016696e-01 -3.839870e-01
   outer loop
     vertex -1.600700e-01 -3.100872e-01  4.010981e-02
     vertex -1.811391e-01 -3.374764e-01  5.722746e-02
     vertex -1.857554e-01 -3.374791e-01  5.001707e-02
   endloop
 endfacet
 facet normal  6.001675e-01 -7.016672e-01 -3.840080e-01
   outer loop
     vertex -1.600700e-01 -3.100872e-01  4.010981e-02
     vertex -1.857554e-01 -3.374791e-01  5.001707e-02
     vertex -1.631010e-01 -3.100875e-01  3.537312e-02
   endloop
 endfacet
 facet normal  5.805582e-01 -7.023636e-01 -4.118709e-01
   outer loop
     vertex -1.568669e-01 -3.100859e-01  4.473175e-02
     vertex -1.761811e-01 -3.374717e-01  6.420806e-02
     vertex -1.811391e-01 -3.374764e-01  5.722746e-02
   endloop
 endfacet
 facet normal  5.847006e-01 -7.029099e-01 -4.050220e-01
   outer loop
     vertex -1.568669e-01 -3.100859e-01  4.473175e-02
     vertex -1.811391e-01 -3.374764e-01  5.722746e-02
     vertex -1.600700e-01 -3.100872e-01  4.010981e-02
   endloop
 endfacet
 facet normal  5.684732e-01 -7.038515e-01 -4.259474e-01
   outer loop
     vertex -1.534916e-01 -3.100836e-01  4.923259e-02
     vertex -1.761811e-01 -3.374717e-01  6.420806e-02
     vertex -1.568669e-01 -3.100859e-01  4.473175e-02
   endloop
 endfacet
 facet normal  5.152639e-01 -7.054694e-01 -4.866375e-01
   outer loop
     vertex -1.423329e-01 -3.100700e-01  6.194531e-02
     vertex -1.610266e-01 -3.374478e-01  8.184111e-02
     vertex -1.658192e-01 -3.374567e-01  7.677949e-02
   endloop
 endfacet
 facet normal  4.941026e-01 -7.059953e-01 -5.073788e-01
   outer loop
     vertex -1.382689e-01 -3.100630e-01  6.589853e-02
     vertex -1.560097e-01 -3.374373e-01  8.671213e-02
     vertex -1.610266e-01 -3.374478e-01  8.184111e-02
   endloop
 endfacet
 facet normal  4.944106e-01 -7.060402e-01 -5.070162e-01
   outer loop
     vertex -1.382689e-01 -3.100630e-01  6.589853e-02
     vertex -1.610266e-01 -3.374478e-01  8.184111e-02
     vertex -1.423329e-01 -3.100700e-01  6.194531e-02
   endloop
 endfacet
 facet normal  4.732706e-01 -7.066459e-01 -5.259910e-01
   outer loop
     vertex -1.340328e-01 -3.100548e-01  6.969903e-02
     vertex -1.560097e-01 -3.374373e-01  8.671213e-02
     vertex -1.382689e-01 -3.100630e-01  6.589853e-02
   endloop
 endfacet
 facet normal  4.718447e-01 -7.064552e-01 -5.275260e-01
   outer loop
     vertex -1.340328e-01 -3.100548e-01  6.969903e-02
     vertex -1.507685e-01 -3.374251e-01  9.138385e-02
     vertex -1.560097e-01 -3.374373e-01  8.671213e-02
   endloop
 endfacet
 facet normal  3.988958e-01 -7.073594e-01 -5.835450e-01
   outer loop
     vertex -1.202910e-01 -3.100220e-01  8.012094e-02
     vertex -1.336984e-01 -3.373780e-01  1.041162e-01
     vertex -1.396128e-01 -3.373955e-01  1.000946e-01
   endloop
 endfacet
 facet normal  2.884953e-02 -7.050591e-01 -7.085615e-01
   outer loop
     vertex -3.666855e-02 -3.096814e-01  1.047941e-01
     vertex -4.521421e-02 -3.369998e-01  1.316296e-01
     vertex -4.282411e-02 -3.097129e-01  1.045749e-01
   endloop
 endfacet
 facet normal  3.011091e-02 -7.052325e-01 -7.083364e-01
   outer loop
     vertex -3.666855e-02 -3.096814e-01  1.047941e-01
     vertex -3.781915e-02 -3.369603e-01  1.319046e-01
     vertex -4.521421e-02 -3.369998e-01  1.316296e-01
   endloop
 endfacet
 facet normal  6.844763e-03 -7.051109e-01 -7.090640e-01
   outer loop
     vertex -3.038530e-02 -3.096483e-01  1.048166e-01
     vertex -3.026596e-02 -3.369188e-01  1.319363e-01
     vertex -3.781915e-02 -3.369603e-01  1.319046e-01
   endloop
 endfacet
 facet normal  6.251757e-03 -7.050324e-01 -7.091476e-01
   outer loop
     vertex -3.038530e-02 -3.096483e-01  1.048166e-01
     vertex -3.781915e-02 -3.369603e-01  1.319046e-01
     vertex -3.666855e-02 -3.096814e-01  1.047941e-01
   endloop
 endfacet
 facet normal  9.676751e-01 -1.731893e-01  1.833311e-01
   outer loop
     vertex -3.031038e-02 -3.116136e-01 -2.200763e-01
     vertex -2.983013e-02 -3.374580e-01 -2.470259e-01
     vertex -3.010980e-02 -3.099777e-01 -2.195897e-01
   endloop
 endfacet
 facet normal  7.532782e-03 -2.859782e-01  9.582065e-01
   outer loop
     vertex -3.031038e-02 -3.116136e-01 -2.200763e-01
     vertex -3.010980e-02 -3.099777e-01 -2.195897e-01
     vertex -3.907359e-02 -3.099498e-01 -2.195109e-01
   endloop
 endfacet
 facet normal  9.407066e-04 -7.217425e-01  6.921611e-01
   outer loop
     vertex -3.031038e-02 -3.116136e-01 -2.200763e-01
     vertex -3.858599e-02 -3.374286e-01 -2.469833e-01
     vertex -2.983013e-02 -3.374580e-01 -2.470259e-01
   endloop
 endfacet
 facet normal -8.846016e-02 -7.050379e-01  7.036309e-01
   outer loop
     vertex -3.031038e-02 -3.116136e-01 -2.200763e-01
     vertex -3.907359e-02 -3.099498e-01 -2.195109e-01
     vertex -3.858599e-02 -3.374286e-01 -2.469833e-01
   endloop
 endfacet
 facet normal  4.355863e-01  4.440595e-01  7.829915e-01
   outer loop
     vertex -1.274668e-01 -3.358069e-01 -2.237735e-01
     vertex -1.271029e-01 -3.372243e-01 -2.231720e-01
     vertex -1.208942e-01 -3.372321e-01 -2.266216e-01
   endloop
 endfacet
 facet normal  4.690360e-01  4.442879e-01  7.632912e-01
   outer loop
     vertex -1.274668e-01 -3.358069e-01 -2.237735e-01
     vertex -1.330993e-01 -3.372180e-01 -2.194910e-01
     vertex -1.271029e-01 -3.372243e-01 -2.231720e-01
   endloop
 endfacet
 facet normal  1.328093e-01 -7.010389e-01  7.006469e-01
   outer loop
     vertex -8.424723e-02 -3.119474e-01 -2.133440e-01
     vertex -8.975500e-02 -3.098293e-01 -2.101807e-01
     vertex -1.009938e-01 -3.372645e-01 -2.355010e-01
   endloop
 endfacet
 facet normal  2.398818e-01 -5.068442e-01  8.279890e-01
   outer loop
     vertex -8.424723e-02 -3.119474e-01 -2.133440e-01
     vertex -7.778104e-02 -3.098514e-01 -2.139344e-01
     vertex -8.385373e-02 -3.098397e-01 -2.121678e-01
   endloop
 endfacet
 facet normal  2.742297e-01 -5.071583e-01  8.170609e-01
   outer loop
     vertex -8.424723e-02 -3.119474e-01 -2.133440e-01
     vertex -8.385373e-02 -3.098397e-01 -2.121678e-01
     vertex -8.975500e-02 -3.098293e-01 -2.101807e-01
   endloop
 endfacet
 facet normal  1.969252e-01 -7.207597e-01  6.646246e-01
   outer loop
     vertex -8.424723e-02 -3.119474e-01 -2.133440e-01
     vertex -9.393573e-02 -3.372786e-01 -2.379441e-01
     vertex -8.666533e-02 -3.372944e-01 -2.401154e-01
   endloop
 endfacet
 facet normal  2.251223e-01 -7.217411e-01  6.545301e-01
   outer loop
     vertex -8.424723e-02 -3.119474e-01 -2.133440e-01
     vertex -1.009938e-01 -3.372645e-01 -2.355010e-01
     vertex -9.393573e-02 -3.372786e-01 -2.379441e-01
   endloop
 endfacet
 facet normal  2.883861e-01 -7.081780e-01  6.444512e-01
   outer loop
     vertex -8.424723e-02 -3.119474e-01 -2.133440e-01
     vertex -8.666533e-02 -3.372944e-01 -2.401154e-01
     vertex -7.778104e-02 -3.098514e-01 -2.139344e-01
   endloop
 endfacet
 facet normal  3.957644e-01 -6.886807e-01  6.075273e-01
   outer loop
     vertex -9.977946e-02 -3.120170e-01 -2.076720e-01
     vertex -1.009938e-01 -3.372645e-01 -2.355010e-01
     vertex -9.548483e-02 -3.098203e-01 -2.079795e-01
   endloop
 endfacet
 facet normal  3.331741e-01 -5.435170e-01  7.704442e-01
   outer loop
     vertex -9.977946e-02 -3.120170e-01 -2.076720e-01
     vertex -9.548483e-02 -3.098203e-01 -2.079795e-01
     vertex -1.010432e-01 -3.098125e-01 -2.055703e-01
   endloop
 endfacet
 facet normal  3.720529e-01 -5.198408e-01  7.689877e-01
   outer loop
     vertex -9.977946e-02 -3.120170e-01 -2.076720e-01
     vertex -1.010432e-01 -3.098125e-01 -2.055703e-01
     vertex -1.064301e-01 -3.098061e-01 -2.029596e-01
   endloop
 endfacet
 facet normal  2.399953e-01 -7.036085e-01  6.688328e-01
   outer loop
     vertex -9.977946e-02 -3.120170e-01 -2.076720e-01
     vertex -1.064301e-01 -3.098061e-01 -2.029596e-01
     vertex -1.208942e-01 -3.372321e-01 -2.266216e-01
   endloop
 endfacet
 facet normal  2.533000e-01 -7.219443e-01  6.439220e-01
   outer loop
     vertex -9.977946e-02 -3.120170e-01 -2.076720e-01
     vertex -1.078396e-01 -3.372521e-01 -2.327942e-01
     vertex -1.009938e-01 -3.372645e-01 -2.355010e-01
   endloop
 endfacet
 facet normal  2.817406e-01 -7.206379e-01  6.334850e-01
   outer loop
     vertex -9.977946e-02 -3.120170e-01 -2.076720e-01
     vertex -1.144731e-01 -3.372413e-01 -2.298317e-01
     vertex -1.078396e-01 -3.372521e-01 -2.327942e-01
   endloop
 endfacet
 facet normal  3.081567e-01 -7.228504e-01  6.184875e-01
   outer loop
     vertex -9.977946e-02 -3.120170e-01 -2.076720e-01
     vertex -1.208942e-01 -3.372321e-01 -2.266216e-01
     vertex -1.144731e-01 -3.372413e-01 -2.298317e-01
   endloop
 endfacet
 facet normal  1.316807e-01 -7.309200e-01  6.696389e-01
   outer loop
     vertex -1.140852e-01 -3.120685e-01 -2.004941e-01
     vertex -1.274668e-01 -3.358069e-01 -2.237735e-01
     vertex -1.208942e-01 -3.372321e-01 -2.266216e-01
   endloop
 endfacet
 facet normal  5.205070e-01 -7.291448e-01  4.443201e-01
   outer loop
     vertex -1.140852e-01 -3.120685e-01 -2.004941e-01
     vertex -1.330993e-01 -3.372180e-01 -2.194910e-01
     vertex -1.274668e-01 -3.358069e-01 -2.237735e-01
   endloop
 endfacet
 facet normal  3.983796e-01 -5.398849e-01  7.414971e-01
   outer loop
     vertex -1.140852e-01 -3.120685e-01 -2.004941e-01
     vertex -1.064301e-01 -3.098061e-01 -2.029596e-01
     vertex -1.116456e-01 -3.098008e-01 -2.001537e-01
   endloop
 endfacet
 facet normal  4.222464e-01 -5.611235e-01  7.119329e-01
   outer loop
     vertex -1.140852e-01 -3.120685e-01 -2.004941e-01
     vertex -1.116456e-01 -3.098008e-01 -2.001537e-01
     vertex -1.166895e-01 -3.097967e-01 -1.971590e-01
   endloop
 endfacet
 facet normal  4.673206e-01 -5.170632e-01  7.171172e-01
   outer loop
     vertex -1.140852e-01 -3.120685e-01 -2.004941e-01
     vertex -1.166895e-01 -3.097967e-01 -1.971590e-01
     vertex -1.215619e-01 -3.097937e-01 -1.939816e-01
   endloop
 endfacet
 facet normal  3.970914e-01 -7.105686e-01  5.808705e-01
   outer loop
     vertex -1.140852e-01 -3.120685e-01 -2.004941e-01
     vertex -1.208942e-01 -3.372321e-01 -2.266216e-01
     vertex -1.064301e-01 -3.098061e-01 -2.029596e-01
   endloop
 endfacet
 facet normal  3.237328e-01 -7.138319e-01  6.210001e-01
   outer loop
     vertex -1.140852e-01 -3.120685e-01 -2.004941e-01
     vertex -1.215619e-01 -3.097937e-01 -1.939816e-01
     vertex -1.330993e-01 -3.372180e-01 -2.194910e-01
   endloop
 endfacet
 facet normal  4.786548e-01 -5.659263e-01  6.712801e-01
   outer loop
     vertex -1.271626e-01 -3.121034e-01 -1.919353e-01
     vertex -1.215619e-01 -3.097937e-01 -1.939816e-01
     vertex -1.262629e-01 -3.097918e-01 -1.906280e-01
   endloop
 endfacet
 facet normal  5.064086e-01 -5.653268e-01  6.511191e-01
   outer loop
     vertex -1.271626e-01 -3.121034e-01 -1.919353e-01
     vertex -1.262629e-01 -3.097918e-01 -1.906280e-01
     vertex -1.307923e-01 -3.097910e-01 -1.871045e-01
   endloop
 endfacet
 facet normal  4.808244e-01 -7.095886e-01  5.150650e-01
   outer loop
     vertex -1.271626e-01 -3.121034e-01 -1.919353e-01
     vertex -1.388832e-01 -3.372131e-01 -2.155866e-01
     vertex -1.215619e-01 -3.097937e-01 -1.939816e-01
   endloop
 endfacet
 facet normal  3.668272e-01 -7.012448e-01  6.113048e-01
   outer loop
     vertex -1.271626e-01 -3.121034e-01 -1.919353e-01
     vertex -1.307923e-01 -3.097910e-01 -1.871045e-01
     vertex -1.498137e-01 -3.372071e-01 -2.071401e-01
   endloop
 endfacet
 facet normal  4.128127e-01 -7.191567e-01  5.589269e-01
   outer loop
     vertex -1.271626e-01 -3.121034e-01 -1.919353e-01
     vertex -1.444546e-01 -3.372094e-01 -2.114670e-01
     vertex -1.388832e-01 -3.372131e-01 -2.155866e-01
   endloop
 endfacet
 facet normal  4.356609e-01 -7.201536e-01  5.399800e-01
   outer loop
     vertex -1.271626e-01 -3.121034e-01 -1.919353e-01
     vertex -1.498137e-01 -3.372071e-01 -2.071401e-01
     vertex -1.444546e-01 -3.372094e-01 -2.114670e-01
   endloop
 endfacet
 facet normal  6.043071e-01 -5.661545e-01  5.606086e-01
   outer loop
     vertex -1.496247e-01 -3.121299e-01 -1.711742e-01
     vertex -1.433511e-01 -3.097941e-01 -1.755779e-01
     vertex -1.471943e-01 -3.097969e-01 -1.714380e-01
   endloop
 endfacet
 facet normal  6.168821e-01 -5.828370e-01  5.289211e-01
   outer loop
     vertex -1.496247e-01 -3.121299e-01 -1.711742e-01
     vertex -1.471943e-01 -3.097969e-01 -1.714380e-01
     vertex -1.508658e-01 -3.098005e-01 -1.671599e-01
   endloop
 endfacet
 facet normal  6.560863e-01 -5.468145e-01  5.201391e-01
   outer loop
     vertex -1.496247e-01 -3.121299e-01 -1.711742e-01
     vertex -1.508658e-01 -3.098005e-01 -1.671599e-01
     vertex -1.543657e-01 -3.098049e-01 -1.627498e-01
   endloop
 endfacet
 facet normal  5.129281e-01 -7.087884e-01  4.842766e-01
   outer loop
     vertex -1.496247e-01 -3.121299e-01 -1.711742e-01
     vertex -1.543657e-01 -3.098049e-01 -1.627498e-01
     vertex -1.734212e-01 -3.372121e-01 -1.826801e-01
   endloop
 endfacet
 facet normal  5.222368e-01 -7.157181e-01  4.636985e-01
   outer loop
     vertex -1.496247e-01 -3.121299e-01 -1.711742e-01
     vertex -1.691247e-01 -3.372090e-01 -1.879220e-01
     vertex -1.646158e-01 -3.372069e-01 -1.929969e-01
   endloop
 endfacet
 facet normal  5.403801e-01 -7.156694e-01  4.425006e-01
   outer loop
     vertex -1.496247e-01 -3.121299e-01 -1.711742e-01
     vertex -1.734212e-01 -3.372121e-01 -1.826801e-01
     vertex -1.691247e-01 -3.372090e-01 -1.879220e-01
   endloop
 endfacet
 facet normal  5.630060e-01 -7.078257e-01  4.266228e-01
   outer loop
     vertex -1.496247e-01 -3.121299e-01 -1.711742e-01
     vertex -1.646158e-01 -3.372069e-01 -1.929969e-01
     vertex -1.433511e-01 -3.097941e-01 -1.755779e-01
   endloop
 endfacet
 facet normal  6.993772e-01 -5.904462e-01  4.027962e-01
   outer loop
     vertex -1.671507e-01 -3.121093e-01 -1.463878e-01
     vertex -1.638357e-01 -3.098221e-01 -1.487910e-01
     vertex -1.666491e-01 -3.098291e-01 -1.439163e-01
   endloop
 endfacet
 facet normal  7.232904e-01 -5.744652e-01  3.831981e-01
   outer loop
     vertex -1.671507e-01 -3.121093e-01 -1.463878e-01
     vertex -1.666491e-01 -3.098291e-01 -1.439163e-01
     vertex -1.692908e-01 -3.098366e-01 -1.389414e-01
   endloop
 endfacet
 facet normal  6.702996e-01 -6.932051e-01  2.648869e-01
   outer loop
     vertex -1.671507e-01 -3.121093e-01 -1.463878e-01
     vertex -1.859706e-01 -3.372281e-01 -1.644994e-01
     vertex -1.638357e-01 -3.098221e-01 -1.487910e-01
   endloop
 endfacet
 facet normal  5.919398e-01 -7.075086e-01  3.860555e-01
   outer loop
     vertex -1.671507e-01 -3.121093e-01 -1.463878e-01
     vertex -1.692908e-01 -3.098366e-01 -1.389414e-01
     vertex -1.902245e-01 -3.372365e-01 -1.570584e-01
   endloop
 endfacet
 facet normal  6.117535e-01 -7.099355e-01  3.489259e-01
   outer loop
     vertex -1.671507e-01 -3.121093e-01 -1.463878e-01
     vertex -1.902245e-01 -3.372365e-01 -1.570584e-01
     vertex -1.859706e-01 -3.372281e-01 -1.644994e-01
   endloop
 endfacet
 facet normal  7.524213e-01 -5.981561e-01  2.758106e-01
   outer loop
     vertex -1.797257e-01 -3.120542e-01 -1.185750e-01
     vertex -1.761856e-01 -3.098618e-01 -1.234777e-01
     vertex -1.781405e-01 -3.098709e-01 -1.181647e-01
   endloop
 endfacet
 facet normal  7.602968e-01 -5.991845e-01  2.508521e-01
   outer loop
     vertex -1.797257e-01 -3.120542e-01 -1.185750e-01
     vertex -1.781405e-01 -3.098709e-01 -1.181647e-01
     vertex -1.799236e-01 -3.098804e-01 -1.127830e-01
   endloop
 endfacet
 facet normal  6.670374e-01 -6.897347e-01  2.816506e-01
   outer loop
     vertex -1.797257e-01 -3.120542e-01 -1.185750e-01
     vertex -1.799236e-01 -3.098804e-01 -1.127830e-01
     vertex -2.063833e-01 -3.372917e-01 -1.172456e-01
   endloop
 endfacet
 facet normal  6.928261e-01 -6.958737e-01  1.890814e-01
   outer loop
     vertex -1.797257e-01 -3.120542e-01 -1.185750e-01
     vertex -2.009420e-01 -3.372674e-01 -1.336269e-01
     vertex -1.761856e-01 -3.098618e-01 -1.234777e-01
   endloop
 endfacet
 facet normal  6.690146e-01 -7.044479e-01  2.370074e-01
   outer loop
     vertex -1.797257e-01 -3.120542e-01 -1.185750e-01
     vertex -2.038331e-01 -3.372793e-01 -1.255014e-01
     vertex -2.009420e-01 -3.372674e-01 -1.336269e-01
   endloop
 endfacet
 facet normal  6.778728e-01 -7.050416e-01  2.083383e-01
   outer loop
     vertex -1.797257e-01 -3.120542e-01 -1.185750e-01
     vertex -2.063833e-01 -3.372917e-01 -1.172456e-01
     vertex -2.038331e-01 -3.372793e-01 -1.255014e-01
   endloop
 endfacet
 facet normal  7.113067e-01 -6.956136e-01  1.008190e-01
   outer loop
     vertex -1.873346e-01 -3.119774e-01 -8.873481e-02
     vertex -2.104613e-01 -3.373178e-01 -1.004088e-01
     vertex -1.842423e-01 -3.099103e-01 -9.628904e-02
   endloop
 endfacet
 facet normal  7.084715e-01 -6.941781e-01  1.272197e-01
   outer loop
     vertex -1.873346e-01 -3.119774e-01 -8.873481e-02
     vertex -1.870149e-01 -3.099412e-01 -7.940454e-02
     vertex -2.131755e-01 -3.373447e-01 -8.324746e-02
   endloop
 endfacet
 facet normal  7.775159e-01 -6.104066e-01  1.512376e-01
   outer loop
     vertex -1.873346e-01 -3.119774e-01 -8.873481e-02
     vertex -1.842423e-01 -3.099103e-01 -9.628904e-02
     vertex -1.853383e-01 -3.099205e-01 -9.069582e-02
   endloop
 endfacet
 facet normal  7.689091e-01 -6.270070e-01  1.250641e-01
   outer loop
     vertex -1.873346e-01 -3.119774e-01 -8.873481e-02
     vertex -1.853383e-01 -3.099205e-01 -9.069582e-02
     vertex -1.862625e-01 -3.099309e-01 -8.506555e-02
   endloop
 endfacet
 facet normal  7.919754e-01 -6.016034e-01  1.041556e-01
   outer loop
     vertex -1.873346e-01 -3.119774e-01 -8.873481e-02
     vertex -1.862625e-01 -3.099309e-01 -8.506555e-02
     vertex -1.870149e-01 -3.099412e-01 -7.940454e-02
   endloop
 endfacet
 facet normal  7.036136e-01 -6.995663e-01  1.246390e-01
   outer loop
     vertex -1.873346e-01 -3.119774e-01 -8.873481e-02
     vertex -2.119889e-01 -3.373312e-01 -9.186052e-02
     vertex -2.104613e-01 -3.373178e-01 -1.004088e-01
   endloop
 endfacet
 facet normal  7.076241e-01 -6.999835e-01  9.639111e-02
   outer loop
     vertex -1.873346e-01 -3.119774e-01 -8.873481e-02
     vertex -2.131755e-01 -3.373447e-01 -8.324746e-02
     vertex -2.119889e-01 -3.373312e-01 -9.186052e-02
   endloop
 endfacet
 facet normal  7.035871e-01  7.039169e-01 -9.729398e-02
   outer loop
     vertex -2.130765e-01 -3.362996e-01 -2.260316e-02
     vertex -2.119313e-01 -3.374324e-01 -2.251699e-02
     vertex -2.131326e-01 -3.374215e-01 -3.112526e-02
   endloop
 endfacet
 facet normal  7.024031e-01  7.005349e-01 -1.260190e-01
   outer loop
     vertex -2.130765e-01 -3.362996e-01 -2.260316e-02
     vertex -2.103886e-01 -3.374425e-01 -1.397487e-02
     vertex -2.119313e-01 -3.374324e-01 -2.251699e-02
   endloop
 endfacet
 facet normal  7.179232e-01 -6.960114e-01  1.242675e-02
   outer loop
     vertex -1.899623e-01 -3.118917e-01 -5.786622e-02
     vertex -2.146892e-01 -3.373848e-01 -5.718328e-02
     vertex -2.145257e-01 -3.373716e-01 -6.589248e-02
   endloop
 endfacet
 facet normal  7.175146e-01 -6.963675e-01 -1.565814e-02
   outer loop
     vertex -1.899623e-01 -3.118917e-01 -5.786622e-02
     vertex -2.145115e-01 -3.373975e-01 -4.847477e-02
     vertex -2.146892e-01 -3.373848e-01 -5.718328e-02
   endloop
 endfacet
 facet normal  7.227237e-01 -6.908887e-01 -1.852693e-02
   outer loop
     vertex -1.899623e-01 -3.118917e-01 -5.786622e-02
     vertex -2.145257e-01 -3.373716e-01 -6.589248e-02
     vertex -1.882410e-01 -3.099721e-01 -6.230036e-02
   endloop
 endfacet
 facet normal  7.215964e-01 -6.922871e-01  6.093509e-03
   outer loop
     vertex -1.899623e-01 -3.118917e-01 -5.786622e-02
     vertex -1.881991e-01 -3.099921e-01 -5.085988e-02
     vertex -2.145115e-01 -3.373975e-01 -4.847477e-02
   endloop
 endfacet
 facet normal  7.529087e-01 -6.580835e-01  7.392145e-03
   outer loop
     vertex -1.899623e-01 -3.118917e-01 -5.786622e-02
     vertex -1.882410e-01 -3.099721e-01 -6.230036e-02
     vertex -1.883060e-01 -3.099822e-01 -5.657967e-02
   endloop
 endfacet
 facet normal  7.604027e-01 -6.492707e-01 -1.533553e-02
   outer loop
     vertex -1.899623e-01 -3.118917e-01 -5.786622e-02
     vertex -1.883060e-01 -3.099822e-01 -5.657967e-02
     vertex -1.881991e-01 -3.099921e-01 -5.085988e-02
   endloop
 endfacet
 facet normal  6.801133e-01  7.020466e-01 -2.111314e-01
   outer loop
     vertex -2.044883e-01 -3.364305e-01  1.203713e-02
     vertex -2.037125e-01 -3.374666e-01  1.109097e-02
     vertex -2.062793e-01 -3.374598e-01  2.845476e-03
   endloop
 endfacet
 facet normal  6.616231e-01  7.115110e-01 -2.366578e-01
   outer loop
     vertex -2.044883e-01 -3.364305e-01  1.203713e-02
     vertex -2.008042e-01 -3.374722e-01  1.920486e-02
     vertex -2.037125e-01 -3.374666e-01  1.109097e-02
   endloop
 endfacet
 facet normal  6.360344e-01 -7.139889e-01 -2.927117e-01
   outer loop
     vertex -1.875939e-01 -3.118096e-01 -2.696825e-02
     vertex -2.103886e-01 -3.374425e-01 -1.397487e-02
     vertex -2.130765e-01 -3.362996e-01 -2.260316e-02
   endloop
 endfacet
 facet normal  7.126668e-01 -6.937118e-01 -1.042595e-01
   outer loop
     vertex -1.875939e-01 -3.118096e-01 -2.696825e-02
     vertex -2.131326e-01 -3.374215e-01 -3.112526e-02
     vertex -1.868468e-01 -3.100201e-01 -3.376912e-02
   endloop
 endfacet
 facet normal  7.186249e-01 -6.878667e-01 -1.020670e-01
   outer loop
     vertex -1.875939e-01 -3.118096e-01 -2.696825e-02
     vertex -1.868468e-01 -3.100201e-01 -3.376912e-02
     vertex -1.860522e-01 -3.100288e-01 -2.811616e-02
   endloop
 endfacet
 facet normal  7.096977e-01 -6.936742e-01 -1.230658e-01
   outer loop
     vertex -1.875939e-01 -3.118096e-01 -2.696825e-02
     vertex -1.860522e-01 -3.100288e-01 -2.811616e-02
     vertex -1.850857e-01 -3.100370e-01 -2.249573e-02
   endloop
 endfacet
 facet normal  7.097633e-01 -6.935951e-01 -1.231339e-01
   outer loop
     vertex -1.875939e-01 -3.118096e-01 -2.696825e-02
     vertex -1.850857e-01 -3.100370e-01 -2.249573e-02
     vertex -2.103886e-01 -3.374425e-01 -1.397487e-02
   endloop
 endfacet
 facet normal  6.980554e-01 -7.104992e-01  8.893560e-02
   outer loop
     vertex -1.875939e-01 -3.118096e-01 -2.696825e-02
     vertex -2.130765e-01 -3.362996e-01 -2.260316e-02
     vertex -2.131326e-01 -3.374215e-01 -3.112526e-02
   endloop
 endfacet
 facet normal  6.748220e-01 -7.084927e-01 -2.065269e-01
   outer loop
     vertex -1.802142e-01 -3.117441e-01  2.960124e-03
     vertex -1.811542e-01 -3.100588e-01 -5.892839e-03
     vertex -1.794997e-01 -3.100650e-01 -4.657680e-04
   endloop
 endfacet
 facet normal  6.485793e-01 -7.281623e-01 -2.216404e-01
   outer loop
     vertex -1.802142e-01 -3.117441e-01  2.960124e-03
     vertex -1.794997e-01 -3.100650e-01 -4.657680e-04
     vertex -1.776732e-01 -3.100705e-01  4.897148e-03
   endloop
 endfacet
 facet normal  6.579795e-01 -7.106374e-01 -2.491136e-01
   outer loop
     vertex -1.802142e-01 -3.117441e-01  2.960124e-03
     vertex -1.776732e-01 -3.100705e-01  4.897148e-03
     vertex -1.756747e-01 -3.100753e-01  1.018958e-02
   endloop
 endfacet
 facet normal  7.013003e-01 -7.105772e-01 -5.707818e-02
   outer loop
     vertex -1.802142e-01 -3.117441e-01  2.960124e-03
     vertex -2.044883e-01 -3.364305e-01  1.203713e-02
     vertex -2.062793e-01 -3.374598e-01  2.845476e-03
   endloop
 endfacet
 facet normal  5.758713e-01 -7.132018e-01 -3.996442e-01
   outer loop
     vertex -1.802142e-01 -3.117441e-01  2.960124e-03
     vertex -2.008042e-01 -3.374722e-01  1.920486e-02
     vertex -2.044883e-01 -3.364305e-01  1.203713e-02
   endloop
 endfacet
 facet normal  6.877771e-01 -6.962083e-01 -2.055640e-01
   outer loop
     vertex -1.802142e-01 -3.117441e-01  2.960124e-03
     vertex -2.062793e-01 -3.374598e-01  2.845476e-03
     vertex -1.811542e-01 -3.100588e-01 -5.892839e-03
   endloop
 endfacet
 facet normal  6.680581e-01 -6.978001e-01 -2.584055e-01
   outer loop
     vertex -1.802142e-01 -3.117441e-01  2.960124e-03
     vertex -1.756747e-01 -3.100753e-01  1.018958e-02
     vertex -2.008042e-01 -3.374722e-01  1.920486e-02
   endloop
 endfacet
 facet normal  6.365648e-01 -6.977137e-01 -3.286043e-01
   outer loop
     vertex -1.678082e-01 -3.117078e-01  3.091990e-02
     vertex -1.900301e-01 -3.374800e-01  4.259325e-02
     vertex -1.939630e-01 -3.374790e-01  3.497237e-02
   endloop
 endfacet
 facet normal  6.210690e-01 -6.974553e-01 -3.575324e-01
   outer loop
     vertex -1.678082e-01 -3.117078e-01  3.091990e-02
     vertex -1.857554e-01 -3.374791e-01  5.001707e-02
     vertex -1.900301e-01 -3.374800e-01  4.259325e-02
   endloop
 endfacet
 facet normal  5.859830e-01 -7.451120e-01 -3.184839e-01
   outer loop
     vertex -1.678082e-01 -3.117078e-01  3.091990e-02
     vertex -1.686467e-01 -3.100851e-01  2.558073e-02
     vertex -1.659599e-01 -3.100868e-01  3.052798e-02
   endloop
 endfacet
 facet normal  5.779180e-01 -7.413869e-01 -3.411102e-01
   outer loop
     vertex -1.678082e-01 -3.117078e-01  3.091990e-02
     vertex -1.659599e-01 -3.100868e-01  3.052798e-02
     vertex -1.631010e-01 -3.100875e-01  3.537312e-02
   endloop
 endfacet
 facet normal  6.413788e-01 -7.002311e-01 -3.135436e-01
   outer loop
     vertex -1.678082e-01 -3.117078e-01  3.091990e-02
     vertex -1.939630e-01 -3.374790e-01  3.497237e-02
     vertex -1.686467e-01 -3.100851e-01  2.558073e-02
   endloop
 endfacet
 facet normal  6.020488e-01 -7.016548e-01 -3.810744e-01
   outer loop
     vertex -1.678082e-01 -3.117078e-01  3.091990e-02
     vertex -1.631010e-01 -3.100875e-01  3.537312e-02
     vertex -1.857554e-01 -3.374791e-01  5.001707e-02
   endloop
 endfacet
 facet normal  5.126140e-01 -7.050419e-01 -4.900437e-01
   outer loop
     vertex -1.503609e-01 -3.117135e-01  5.591209e-02
     vertex -1.423329e-01 -3.100700e-01  6.194531e-02
     vertex -1.658192e-01 -3.374567e-01  7.677949e-02
   endloop
 endfacet
 facet normal  5.595876e-01 -7.025366e-01 -4.396636e-01
   outer loop
     vertex -1.503609e-01 -3.117135e-01  5.591209e-02
     vertex -1.708813e-01 -3.374648e-01  7.094249e-02
     vertex -1.761811e-01 -3.374717e-01  6.420806e-02
   endloop
 endfacet
 facet normal  5.388370e-01 -7.015645e-01 -4.663281e-01
   outer loop
     vertex -1.503609e-01 -3.117135e-01  5.591209e-02
     vertex -1.658192e-01 -3.374567e-01  7.677949e-02
     vertex -1.708813e-01 -3.374648e-01  7.094249e-02
   endloop
 endfacet
 facet normal  5.620005e-01 -7.034737e-01 -4.350634e-01
   outer loop
     vertex -1.503609e-01 -3.117135e-01  5.591209e-02
     vertex -1.761811e-01 -3.374717e-01  6.420806e-02
     vertex -1.534916e-01 -3.100836e-01  4.923259e-02
   endloop
 endfacet
 facet normal  5.260933e-01 -7.359456e-01 -4.261571e-01
   outer loop
     vertex -1.503609e-01 -3.117135e-01  5.591209e-02
     vertex -1.534916e-01 -3.100836e-01  4.923259e-02
     vertex -1.499442e-01 -3.100802e-01  5.360601e-02
   endloop
 endfacet
 facet normal  5.005093e-01 -7.465758e-01 -4.383093e-01
   outer loop
     vertex -1.503609e-01 -3.117135e-01  5.591209e-02
     vertex -1.499442e-01 -3.100802e-01  5.360601e-02
     vertex -1.462246e-01 -3.100757e-01  5.784570e-02
   endloop
 endfacet
 facet normal  5.078464e-01 -7.145876e-01 -4.810993e-01
   outer loop
     vertex -1.503609e-01 -3.117135e-01  5.591209e-02
     vertex -1.462246e-01 -3.100757e-01  5.784570e-02
     vertex -1.423329e-01 -3.100700e-01  6.194531e-02
   endloop
 endfacet
 facet normal  4.460284e-01 -7.072696e-01 -5.484782e-01
   outer loop
     vertex -1.278573e-01 -3.117738e-01  7.693770e-02
     vertex -1.507685e-01 -3.374251e-01  9.138385e-02
     vertex -1.340328e-01 -3.100548e-01  6.969903e-02
   endloop
 endfacet
 facet normal  4.479495e-01 -7.077514e-01 -5.462868e-01
   outer loop
     vertex -1.278573e-01 -3.117738e-01  7.693770e-02
     vertex -1.453028e-01 -3.374112e-01  9.584758e-02
     vertex -1.507685e-01 -3.374251e-01  9.138385e-02
   endloop
 endfacet
 facet normal  4.245603e-01 -7.065203e-01 -5.661957e-01
   outer loop
     vertex -1.278573e-01 -3.117738e-01  7.693770e-02
     vertex -1.396128e-01 -3.373955e-01  1.000946e-01
     vertex -1.453028e-01 -3.374112e-01  9.584758e-02
   endloop
 endfacet
 facet normal  4.067510e-01 -7.081880e-01 -5.770817e-01
   outer loop
     vertex -1.278573e-01 -3.117738e-01  7.693770e-02
     vertex -1.202910e-01 -3.100220e-01  8.012094e-02
     vertex -1.396128e-01 -3.373955e-01  1.000946e-01
   endloop
 endfacet
 facet normal  4.626003e-01 -6.887605e-01 -5.582204e-01
   outer loop
     vertex -1.278573e-01 -3.117738e-01  7.693770e-02
     vertex -1.340328e-01 -3.100548e-01  6.969903e-02
     vertex -1.296244e-01 -3.100452e-01  7.334048e-02
   endloop
 endfacet
 facet normal  4.209873e-01 -7.193871e-01 -5.524961e-01
   outer loop
     vertex -1.278573e-01 -3.117738e-01  7.693770e-02
     vertex -1.296244e-01 -3.100452e-01  7.334048e-02
     vertex -1.250438e-01 -3.100343e-01  7.681656e-02
   endloop
 endfacet
 facet normal  4.082822e-01 -7.010756e-01 -5.846355e-01
   outer loop
     vertex -1.278573e-01 -3.117738e-01  7.693770e-02
     vertex -1.250438e-01 -3.100343e-01  7.681656e-02
     vertex -1.202910e-01 -3.100220e-01  8.012094e-02
   endloop
 endfacet
 facet normal  2.953115e-01  4.009892e-01 -8.671786e-01
   outer loop
     vertex -9.377275e-02 -3.366939e-01  1.231804e-01
     vertex -9.349839e-02 -3.372302e-01  1.230258e-01
     vertex -1.007597e-01 -3.372602e-01  1.205392e-01
   endloop
 endfacet
 facet normal  2.584637e-01  3.872732e-01 -8.849949e-01
   outer loop
     vertex -9.377275e-02 -3.366939e-01  1.231804e-01
     vertex -8.601255e-02 -3.371979e-01  1.252262e-01
     vertex -9.349839e-02 -3.372302e-01  1.230258e-01
   endloop
 endfacet
 facet normal  3.717852e-01 -7.092593e-01 -5.989383e-01
   outer loop
     vertex -1.147047e-01 -3.118285e-01  8.565085e-02
     vertex -1.275596e-01 -3.373585e-01  1.079038e-01
     vertex -1.336984e-01 -3.373780e-01  1.041162e-01
   endloop
 endfacet
 facet normal  3.448150e-01 -7.094082e-01 -6.146891e-01
   outer loop
     vertex -1.147047e-01 -3.118285e-01  8.565085e-02
     vertex -1.211964e-01 -3.373370e-01  1.114486e-01
     vertex -1.275596e-01 -3.373585e-01  1.079038e-01
   endloop
 endfacet
 facet normal  3.673244e-01 -7.085399e-01 -6.025314e-01
   outer loop
     vertex -1.147047e-01 -3.118285e-01  8.565085e-02
     vertex -1.336984e-01 -3.373780e-01  1.041162e-01
     vertex -1.202910e-01 -3.100220e-01  8.012094e-02
   endloop
 endfacet
 facet normal  3.438891e-01 -7.095414e-01 -6.150538e-01
   outer loop
     vertex -1.147047e-01 -3.118285e-01  8.565085e-02
     vertex -1.049989e-01 -3.099761e-01  8.894063e-02
     vertex -1.211964e-01 -3.373370e-01  1.114486e-01
   endloop
 endfacet
 facet normal  3.961568e-01 -6.762323e-01 -6.211036e-01
   outer loop
     vertex -1.147047e-01 -3.118285e-01  8.565085e-02
     vertex -1.202910e-01 -3.100220e-01  8.012094e-02
     vertex -1.153659e-01 -3.100082e-01  8.324730e-02
   endloop
 endfacet
 facet normal  3.622292e-01 -6.923904e-01 -6.240077e-01
   outer loop
     vertex -1.147047e-01 -3.118285e-01  8.565085e-02
     vertex -1.153659e-01 -3.100082e-01  8.324730e-02
     vertex -1.102685e-01 -3.099929e-01  8.618930e-02
   endloop
 endfacet
 facet normal  3.518362e-01 -6.538167e-01 -6.698769e-01
   outer loop
     vertex -1.147047e-01 -3.118285e-01  8.565085e-02
     vertex -1.102685e-01 -3.099929e-01  8.618930e-02
     vertex -1.049989e-01 -3.099761e-01  8.894063e-02
   endloop
 endfacet
 facet normal  3.154105e-01 -7.133275e-01 -6.258434e-01
   outer loop
     vertex -1.002824e-01 -3.119016e-01  9.299772e-02
     vertex -1.146086e-01 -3.373135e-01  1.147418e-01
     vertex -1.211964e-01 -3.373370e-01  1.114486e-01
   endloop
 endfacet
 facet normal  2.881849e-01 -7.111606e-01 -6.412488e-01
   outer loop
     vertex -1.002824e-01 -3.119016e-01  9.299772e-02
     vertex -1.077964e-01 -3.372879e-01  1.177749e-01
     vertex -1.146086e-01 -3.373135e-01  1.147418e-01
   endloop
 endfacet
 facet normal  2.588704e-01 -7.128127e-01 -6.518314e-01
   outer loop
     vertex -1.002824e-01 -3.119016e-01  9.299772e-02
     vertex -1.007597e-01 -3.372602e-01  1.205392e-01
     vertex -1.077964e-01 -3.372879e-01  1.177749e-01
   endloop
 endfacet
 facet normal  2.767253e-01 -7.028728e-01 -6.552808e-01
   outer loop
     vertex -1.002824e-01 -3.119016e-01  9.299772e-02
     vertex -1.211964e-01 -3.373370e-01  1.114486e-01
     vertex -1.049989e-01 -3.099761e-01  8.894063e-02
   endloop
 endfacet
 facet normal  3.038883e-01 -7.034858e-01 -6.424637e-01
   outer loop
     vertex -1.002824e-01 -3.119016e-01  9.299772e-02
     vertex -9.394272e-02 -3.099376e-01  9.384595e-02
     vertex -1.007597e-01 -3.372602e-01  1.205392e-01
   endloop
 endfacet
 facet normal  3.242113e-01 -6.513445e-01 -6.860301e-01
   outer loop
     vertex -1.002824e-01 -3.119016e-01  9.299772e-02
     vertex -1.049989e-01 -3.099761e-01  8.894063e-02
     vertex -9.955697e-02 -3.099577e-01  9.149495e-02
   endloop
 endfacet
 facet normal  2.952142e-01 -6.508820e-01 -6.994292e-01
   outer loop
     vertex -1.002824e-01 -3.119016e-01  9.299772e-02
     vertex -9.955697e-02 -3.099577e-01  9.149495e-02
     vertex -9.394272e-02 -3.099376e-01  9.384595e-02
   endloop
 endfacet
 facet normal  2.047987e-01 -7.096758e-01 -6.741052e-01
   outer loop
     vertex -8.458843e-02 -3.119947e-01  9.885346e-02
     vertex -1.007597e-01 -3.372602e-01  1.205392e-01
     vertex -9.394272e-02 -3.099376e-01  9.384595e-02
   endloop
 endfacet
 facet normal  2.363842e-01 -7.088109e-01 -6.646124e-01
   outer loop
     vertex -8.458843e-02 -3.119947e-01  9.885346e-02
     vertex -7.606602e-02 -3.098672e-01  9.961569e-02
     vertex -8.601255e-02 -3.371979e-01  1.252262e-01
   endloop
 endfacet
 facet normal  2.872179e-01 -5.692339e-01 -7.703757e-01
   outer loop
     vertex -8.458843e-02 -3.119947e-01  9.885346e-02
     vertex -9.394272e-02 -3.099376e-01  9.384595e-02
     vertex -8.815616e-02 -3.099159e-01  9.598728e-02
   endloop
 endfacet
 facet normal  2.448158e-01 -6.142050e-01 -7.502116e-01
   outer loop
     vertex -8.458843e-02 -3.119947e-01  9.885346e-02
     vertex -8.815616e-02 -3.099159e-01  9.598728e-02
     vertex -8.219726e-02 -3.098924e-01  9.791264e-02
   endloop
 endfacet
 facet normal  2.175597e-01 -5.940503e-01 -7.744495e-01
   outer loop
     vertex -8.458843e-02 -3.119947e-01  9.885346e-02
     vertex -8.219726e-02 -3.098924e-01  9.791264e-02
     vertex -7.606602e-02 -3.098672e-01  9.961569e-02
   endloop
 endfacet
 facet normal  2.945011e-01 -7.239446e-01 -6.238375e-01
   outer loop
     vertex -8.458843e-02 -3.119947e-01  9.885346e-02
     vertex -9.377275e-02 -3.366939e-01  1.231804e-01
     vertex -1.007597e-01 -3.372602e-01  1.205392e-01
   endloop
 endfacet
 facet normal  1.327674e-01 -7.201266e-01 -6.810216e-01
   outer loop
     vertex -8.458843e-02 -3.119947e-01  9.885346e-02
     vertex -8.601255e-02 -3.371979e-01  1.252262e-01
     vertex -9.377275e-02 -3.366939e-01  1.231804e-01
   endloop
 endfacet
 facet normal  1.697769e-01 -7.190109e-01 -6.739429e-01
   outer loop
     vertex -6.762100e-02 -3.121094e-01  1.030932e-01
     vertex -7.830214e-02 -3.371632e-01  1.271316e-01
     vertex -8.601255e-02 -3.371979e-01  1.252262e-01
   endloop
 endfacet
 facet normal  1.413240e-01 -7.160949e-01 -6.835464e-01
   outer loop
     vertex -6.762100e-02 -3.121094e-01  1.030932e-01
     vertex -7.036712e-02 -3.371261e-01  1.287333e-01
     vertex -7.830214e-02 -3.371632e-01  1.271316e-01
   endloop
 endfacet
 facet normal  1.121561e-01 -7.172170e-01 -6.877651e-01
   outer loop
     vertex -6.762100e-02 -3.121094e-01  1.030932e-01
     vertex -6.220747e-02 -3.370866e-01  1.300227e-01
     vertex -7.036712e-02 -3.371261e-01  1.287333e-01
   endloop
 endfacet
 facet normal  1.049735e-01 -7.000675e-01 -7.063187e-01
   outer loop
     vertex -6.762100e-02 -3.121094e-01  1.030932e-01
     vertex -8.601255e-02 -3.371979e-01  1.252262e-01
     vertex -7.606602e-02 -3.098672e-01  9.961569e-02
   endloop
 endfacet
 facet normal  1.645148e-01 -7.064874e-01 -6.883389e-01
   outer loop
     vertex -6.762100e-02 -3.121094e-01  1.030932e-01
     vertex -5.663806e-02 -3.097805e-01  1.033277e-01
     vertex -6.220747e-02 -3.370866e-01  1.300227e-01
   endloop
 endfacet
 facet normal  1.938889e-01 -5.399919e-01 -8.190335e-01
   outer loop
     vertex -6.762100e-02 -3.121094e-01  1.030932e-01
     vertex -7.606602e-02 -3.098672e-01  9.961569e-02
     vertex -6.976241e-02 -3.098402e-01  1.010901e-01
   endloop
 endfacet
 facet normal  1.574280e-01 -5.658446e-01 -8.093431e-01
   outer loop
     vertex -6.762100e-02 -3.121094e-01  1.030932e-01
     vertex -6.976241e-02 -3.098402e-01  1.010901e-01
     vertex -6.328643e-02 -3.098113e-01  1.023296e-01
   endloop
 endfacet
 facet normal  1.289124e-01 -5.230729e-01 -8.424822e-01
   outer loop
     vertex -6.762100e-02 -3.121094e-01  1.030932e-01
     vertex -6.328643e-02 -3.098113e-01  1.023296e-01
     vertex -5.663806e-02 -3.097805e-01  1.033277e-01
   endloop
 endfacet
 facet normal  1.637833e-01 -7.017686e-01 -6.933223e-01
   outer loop
     vertex -4.937821e-02 -3.122474e-01  1.055920e-01
     vertex -4.282411e-02 -3.097129e-01  1.045749e-01
     vertex -4.521421e-02 -3.369998e-01  1.316296e-01
   endloop
 endfacet
 facet normal  8.315175e-02 -7.202919e-01 -6.886693e-01
   outer loop
     vertex -4.937821e-02 -3.122474e-01  1.055920e-01
     vertex -5.382317e-02 -3.370445e-01  1.309910e-01
     vertex -6.220747e-02 -3.370866e-01  1.300227e-01
   endloop
 endfacet
 facet normal  5.510421e-02 -7.192510e-01 -6.925616e-01
   outer loop
     vertex -4.937821e-02 -3.122474e-01  1.055920e-01
     vertex -4.521421e-02 -3.369998e-01  1.316296e-01
     vertex -5.382317e-02 -3.370445e-01  1.309910e-01
   endloop
 endfacet
 facet normal -1.360941e-02 -6.975739e-01 -7.163836e-01
   outer loop
     vertex -4.937821e-02 -3.122474e-01  1.055920e-01
     vertex -6.220747e-02 -3.370866e-01  1.300227e-01
     vertex -5.663806e-02 -3.097805e-01  1.033277e-01
   endloop
 endfacet
 facet normal  9.692039e-02 -5.030338e-01 -8.588152e-01
   outer loop
     vertex -4.937821e-02 -3.122474e-01  1.055920e-01
     vertex -5.663806e-02 -3.097805e-01  1.033277e-01
     vertex -4.981729e-02 -3.097477e-01  1.040783e-01
   endloop
 endfacet
 facet normal  6.349982e-02 -5.087539e-01 -8.585670e-01
   outer loop
     vertex -4.937821e-02 -3.122474e-01  1.055920e-01
     vertex -4.981729e-02 -3.097477e-01  1.040783e-01
     vertex -4.282411e-02 -3.097129e-01  1.045749e-01
   endloop
 endfacet
 facet normal -2.447221e-01 -7.128186e-01  6.572677e-01
   outer loop
     vertex  3.547246e-02 -3.100605e-01 -2.086963e-01
     vertex  2.972309e-02 -3.100587e-01 -2.108350e-01
     vertex  3.983502e-02 -3.375356e-01 -2.368692e-01
   endloop
 endfacet
 facet normal -4.478083e-01 -7.145498e-01  5.374814e-01
   outer loop
     vertex  7.529303e-02 -3.100335e-01 -1.845657e-01
     vertex  8.809701e-02 -3.375001e-01 -2.104131e-01
     vertex  9.393990e-02 -3.374885e-01 -2.055297e-01
   endloop
 endfacet
 facet normal -4.726736e-01 -7.141231e-01  5.163409e-01
   outer loop
     vertex  7.949913e-02 -3.100256e-01 -1.807667e-01
     vertex  9.393990e-02 -3.374885e-01 -2.055297e-01
     vertex  9.952001e-02 -3.374756e-01 -2.004036e-01
   endloop
 endfacet
 facet normal -4.680563e-01 -7.147259e-01  5.197021e-01
   outer loop
     vertex  7.949913e-02 -3.100256e-01 -1.807667e-01
     vertex  7.529303e-02 -3.100335e-01 -1.845657e-01
     vertex  9.393990e-02 -3.374885e-01 -2.055297e-01
   endloop
 endfacet
 facet normal -4.962497e-01 -7.136441e-01  4.944172e-01
   outer loop
     vertex  8.353388e-02 -3.100168e-01 -1.768148e-01
     vertex  9.952001e-02 -3.374756e-01 -2.004036e-01
     vertex  1.048374e-01 -3.374614e-01 -1.950460e-01
   endloop
 endfacet
 facet normal -4.887270e-01 -7.145477e-01  5.005672e-01
   outer loop
     vertex  8.353388e-02 -3.100168e-01 -1.768148e-01
     vertex  7.949913e-02 -3.100256e-01 -1.807667e-01
     vertex  9.952001e-02 -3.374756e-01 -2.004036e-01
   endloop
 endfacet
 facet normal -5.589160e-01 -7.120026e-01  4.250474e-01
   outer loop
     vertex  9.461015e-02 -3.099855e-01 -1.641052e-01
     vertex  1.146841e-01 -3.374293e-01 -1.836805e-01
     vertex  1.192135e-01 -3.374115e-01 -1.776949e-01
   endloop
 endfacet
 facet normal -5.770795e-01 -7.114289e-01  4.010589e-01
   outer loop
     vertex  9.795966e-02 -3.099736e-01 -1.596052e-01
     vertex  1.192135e-01 -3.374115e-01 -1.776949e-01
     vertex  1.234803e-01 -3.373928e-01 -1.715221e-01
   endloop
 endfacet
 facet normal -5.620351e-01 -7.124105e-01  4.202236e-01
   outer loop
     vertex  9.795966e-02 -3.099736e-01 -1.596052e-01
     vertex  9.461015e-02 -3.099855e-01 -1.641052e-01
     vertex  1.192135e-01 -3.374115e-01 -1.776949e-01
   endloop
 endfacet
 facet normal -5.779988e-01 -7.115864e-01  3.994524e-01
   outer loop
     vertex  1.011379e-01 -3.099610e-01 -1.549840e-01
     vertex  9.795966e-02 -3.099736e-01 -1.596052e-01
     vertex  1.234803e-01 -3.373928e-01 -1.715221e-01
   endloop
 endfacet
 facet normal -5.940561e-01 -7.106705e-01  3.768884e-01
   outer loop
     vertex  1.041450e-01 -3.099479e-01 -1.502479e-01
     vertex  1.234803e-01 -3.373928e-01 -1.715221e-01
     vertex  1.274846e-01 -3.373731e-01 -1.651733e-01
   endloop
 endfacet
 facet normal -5.928078e-01 -7.109312e-01  3.783592e-01
   outer loop
     vertex  1.041450e-01 -3.099479e-01 -1.502479e-01
     vertex  1.011379e-01 -3.099610e-01 -1.549840e-01
     vertex  1.234803e-01 -3.373928e-01 -1.715221e-01
   endloop
 endfacet
 facet normal -6.375914e-01 -7.080788e-01  3.034824e-01
   outer loop
     vertex  1.121389e-01 -3.099051e-01 -1.354135e-01
     vertex  1.347059e-01 -3.373312e-01 -1.519921e-01
     vertex  1.379229e-01 -3.373091e-01 -1.451819e-01
   endloop
 endfacet
 facet normal -6.311334e-01 -7.092121e-01  3.141479e-01
   outer loop
     vertex  1.121389e-01 -3.099051e-01 -1.354135e-01
     vertex  1.096454e-01 -3.099198e-01 -1.404563e-01
     vertex  1.347059e-01 -3.373312e-01 -1.519921e-01
   endloop
 endfacet
 facet normal -6.495780e-01 -7.073326e-01  2.787990e-01
   outer loop
     vertex  1.144612e-01 -3.098899e-01 -1.302811e-01
     vertex  1.379229e-01 -3.373091e-01 -1.451819e-01
     vertex  1.408776e-01 -3.372864e-01 -1.382401e-01
   endloop
 endfacet
 facet normal -6.421507e-01 -7.085125e-01  2.926646e-01
   outer loop
     vertex  1.144612e-01 -3.098899e-01 -1.302811e-01
     vertex  1.121389e-01 -3.099051e-01 -1.354135e-01
     vertex  1.379229e-01 -3.373091e-01 -1.451819e-01
   endloop
 endfacet
 facet normal -6.523262e-01 -7.077675e-01  2.711746e-01
   outer loop
     vertex  1.166124e-01 -3.098742e-01 -1.250655e-01
     vertex  1.144612e-01 -3.098899e-01 -1.302811e-01
     vertex  1.408776e-01 -3.372864e-01 -1.382401e-01
   endloop
 endfacet
 facet normal -6.863417e-01 -7.046169e-01  1.801388e-01
   outer loop
     vertex  1.235065e-01 -3.098085e-01 -1.034970e-01
     vertex  1.481680e-01 -3.372151e-01 -1.167363e-01
     vertex  1.500737e-01 -3.371905e-01 -1.093792e-01
   endloop
 endfacet
 facet normal -6.843444e-01 -7.052533e-01  1.851767e-01
   outer loop
     vertex  1.235065e-01 -3.098085e-01 -1.034970e-01
     vertex  1.220396e-01 -3.098254e-01 -1.089824e-01
     vertex  1.481680e-01 -3.372151e-01 -1.167363e-01
   endloop
 endfacet
 facet normal -6.902128e-01 -7.048439e-01  1.637113e-01
   outer loop
     vertex  1.248025e-01 -3.097915e-01 -9.796003e-02
     vertex  1.235065e-01 -3.098085e-01 -1.034970e-01
     vertex  1.500737e-01 -3.371905e-01 -1.093792e-01
   endloop
 endfacet
 facet normal -6.929604e-01 -7.039892e-01  1.555798e-01
   outer loop
     vertex  1.248025e-01 -3.097915e-01 -9.796003e-02
     vertex  1.500737e-01 -3.371905e-01 -1.093792e-01
     vertex  1.517174e-01 -3.371657e-01 -1.019461e-01
   endloop
 endfacet
 facet normal -6.953693e-01 -7.044237e-01  1.422984e-01
   outer loop
     vertex  1.259274e-01 -3.097744e-01 -9.237779e-02
     vertex  1.248025e-01 -3.097915e-01 -9.796003e-02
     vertex  1.517174e-01 -3.371657e-01 -1.019461e-01
   endloop
 endfacet
 facet normal -7.066327e-01 -7.027992e-01  8.211859e-02
   outer loop
     vertex  1.276644e-01 -3.097398e-01 -8.110274e-02
     vertex  1.542184e-01 -3.371155e-01 -8.689611e-02
     vertex  1.550760e-01 -3.370904e-01 -7.930149e-02
   endloop
 endfacet
 facet normal -7.091979e-01 -7.026439e-01  5.770418e-02
   outer loop
     vertex  1.282766e-01 -3.097224e-01 -7.542261e-02
     vertex  1.550760e-01 -3.370904e-01 -7.930149e-02
     vertex  1.556715e-01 -3.370652e-01 -7.167525e-02
   endloop
 endfacet
 facet normal -7.067243e-01 -7.031419e-01  7.830848e-02
   outer loop
     vertex  1.282766e-01 -3.097224e-01 -7.542261e-02
     vertex  1.276644e-01 -3.097398e-01 -8.110274e-02
     vertex  1.550760e-01 -3.370904e-01 -7.930149e-02
   endloop
 endfacet
 facet normal -7.091794e-01 -7.027176e-01  5.703142e-02
   outer loop
     vertex  1.287178e-01 -3.097051e-01 -6.972249e-02
     vertex  1.282766e-01 -3.097224e-01 -7.542261e-02
     vertex  1.556715e-01 -3.370652e-01 -7.167525e-02
   endloop
 endfacet
 facet normal -7.110455e-01 -7.023556e-01  3.332981e-02
   outer loop
     vertex  1.289881e-01 -3.096879e-01 -6.400873e-02
     vertex  1.556715e-01 -3.370652e-01 -7.167525e-02
     vertex  1.560052e-01 -3.370401e-01 -6.402850e-02
   endloop
 endfacet
 facet normal -7.106448e-01 -7.026422e-01  3.574759e-02
   outer loop
     vertex  1.289881e-01 -3.096879e-01 -6.400873e-02
     vertex  1.287178e-01 -3.097051e-01 -6.972249e-02
     vertex  1.556715e-01 -3.370652e-01 -7.167525e-02
   endloop
 endfacet
 facet normal -7.110221e-01 -7.020423e-01 -3.980044e-02
   outer loop
     vertex  1.287742e-01 -3.096369e-01 -4.684883e-02
     vertex  1.558870e-01 -3.369906e-01 -4.871789e-02
     vertex  1.554353e-01 -3.369663e-01 -4.107626e-02
   endloop
 endfacet
 facet normal -7.109046e-01 -7.027291e-01 -2.804510e-02
   outer loop
     vertex  1.287742e-01 -3.096369e-01 -4.684883e-02
     vertex  1.290163e-01 -3.096537e-01 -5.256558e-02
     vertex  1.558870e-01 -3.369906e-01 -4.871789e-02
   endloop
 endfacet
 facet normal -7.090856e-01 -7.021929e-01 -6.420910e-02
   outer loop
     vertex  1.283612e-01 -3.096203e-01 -4.114376e-02
     vertex  1.554353e-01 -3.369663e-01 -4.107626e-02
     vertex  1.547218e-01 -3.369424e-01 -3.345854e-02
   endloop
 endfacet
 facet normal -7.097053e-01 -7.027697e-01 -4.932616e-02
   outer loop
     vertex  1.283612e-01 -3.096203e-01 -4.114376e-02
     vertex  1.287742e-01 -3.096369e-01 -4.684883e-02
     vertex  1.554353e-01 -3.369663e-01 -4.107626e-02
   endloop
 endfacet
 facet normal -7.061712e-01 -7.024702e-01 -8.864454e-02
   outer loop
     vertex  1.277775e-01 -3.096040e-01 -3.545666e-02
     vertex  1.547218e-01 -3.369424e-01 -3.345854e-02
     vertex  1.537466e-01 -3.369189e-01 -2.587585e-02
   endloop
 endfacet
 facet normal -7.078567e-01 -7.028153e-01 -7.063687e-02
   outer loop
     vertex  1.277775e-01 -3.096040e-01 -3.545666e-02
     vertex  1.283612e-01 -3.096203e-01 -4.114376e-02
     vertex  1.547218e-01 -3.369424e-01 -3.345854e-02
   endloop
 endfacet
 facet normal -6.920136e-01 -7.034054e-01 -1.622899e-01
   outer loop
     vertex  1.237355e-01 -3.095424e-01 -1.301473e-02
     vertex  1.510115e-01 -3.368738e-01 -1.085998e-02
     vertex  1.492515e-01 -3.368522e-01 -3.449013e-03
   endloop
 endfacet
 facet normal -6.929496e-01 -7.038602e-01 -1.562100e-01
   outer loop
     vertex  1.237355e-01 -3.095424e-01 -1.301473e-02
     vertex  1.250020e-01 -3.095572e-01 -1.856660e-02
     vertex  1.510115e-01 -3.368738e-01 -1.085998e-02
   endloop
 endfacet
 facet normal -6.853258e-01 -7.038283e-01 -1.869606e-01
   outer loop
     vertex  1.222983e-01 -3.095281e-01 -7.512497e-03
     vertex  1.492515e-01 -3.368522e-01 -3.449013e-03
     vertex  1.472301e-01 -3.368314e-01  3.882491e-03
   endloop
 endfacet
 facet normal -6.872540e-01 -7.043508e-01 -1.776850e-01
   outer loop
     vertex  1.222983e-01 -3.095281e-01 -7.512497e-03
     vertex  1.237355e-01 -3.095424e-01 -1.301473e-02
     vertex  1.492515e-01 -3.368522e-01 -3.449013e-03
   endloop
 endfacet
 facet normal -6.808265e-01 -7.048330e-01 -1.992125e-01
   outer loop
     vertex  1.206905e-01 -3.095144e-01 -2.066212e-03
     vertex  1.222983e-01 -3.095281e-01 -7.512497e-03
     vertex  1.472301e-01 -3.368314e-01  3.882491e-03
   endloop
 endfacet
 facet normal -6.585848e-01 -7.057341e-01 -2.611615e-01
   outer loop
     vertex  1.169630e-01 -3.094886e-01  8.633191e-03
     vertex  1.424029e-01 -3.367924e-01  1.826269e-02
     vertex  1.395972e-01 -3.367744e-01  2.528918e-02
   endloop
 endfacet
 facet normal -6.473303e-01 -7.065628e-01 -2.858890e-01
   outer loop
     vertex  1.148434e-01 -3.094767e-01  1.387365e-02
     vertex  1.395972e-01 -3.367744e-01  2.528918e-02
     vertex  1.365302e-01 -3.367574e-01  3.219177e-02
   endloop
 endfacet
 facet normal -6.569405e-01 -7.061696e-01 -2.641094e-01
   outer loop
     vertex  1.148434e-01 -3.094767e-01  1.387365e-02
     vertex  1.169630e-01 -3.094886e-01  8.633191e-03
     vertex  1.395972e-01 -3.367744e-01  2.528918e-02
   endloop
 endfacet
 facet normal -6.473666e-01 -7.065529e-01 -2.858312e-01
   outer loop
     vertex  1.125532e-01 -3.094656e-01  1.903286e-02
     vertex  1.148434e-01 -3.094767e-01  1.387365e-02
     vertex  1.365302e-01 -3.367574e-01  3.219177e-02
   endloop
 endfacet
 facet normal -6.351789e-01 -7.071048e-01 -3.107259e-01
   outer loop
     vertex  1.100925e-01 -3.094551e-01  2.410447e-02
     vertex  1.365302e-01 -3.367574e-01  3.219177e-02
     vertex  1.332019e-01 -3.367416e-01  3.895937e-02
   endloop
 endfacet
 facet normal -6.364990e-01 -7.073872e-01 -3.073635e-01
   outer loop
     vertex  1.100925e-01 -3.094551e-01  2.410447e-02
     vertex  1.125532e-01 -3.094656e-01  1.903286e-02
     vertex  1.365302e-01 -3.367574e-01  3.219177e-02
   endloop
 endfacet
 facet normal -5.909665e-01 -7.091064e-01 -3.846125e-01
   outer loop
     vertex  1.016876e-01 -3.094287e-01  3.873050e-02
     vertex  1.257617e-01 -3.367137e-01  5.204514e-02
     vertex  1.216498e-01 -3.367017e-01  5.834110e-02
   endloop
 endfacet
 facet normal -5.735494e-01 -7.098550e-01 -4.088361e-01
   outer loop
     vertex  9.854505e-02 -3.094216e-01  4.338848e-02
     vertex  1.216498e-01 -3.367017e-01  5.834110e-02
     vertex  1.172769e-01 -3.366912e-01  6.445763e-02
   endloop
 endfacet
 facet normal -5.841374e-01 -7.101537e-01 -3.930206e-01
   outer loop
     vertex  9.854505e-02 -3.094216e-01  4.338848e-02
     vertex  1.016876e-01 -3.094287e-01  3.873050e-02
     vertex  1.216498e-01 -3.367017e-01  5.834110e-02
   endloop
 endfacet
 facet normal -5.687143e-01 -7.106536e-01 -4.141684e-01
   outer loop
     vertex  9.523209e-02 -3.094156e-01  4.792724e-02
     vertex  9.854505e-02 -3.094216e-01  4.338848e-02
     vertex  1.172769e-01 -3.366912e-01  6.445763e-02
   endloop
 endfacet
 facet normal -5.547570e-01 -7.106241e-01 -4.327332e-01
   outer loop
     vertex  9.523209e-02 -3.094156e-01  4.792724e-02
     vertex  1.172769e-01 -3.366912e-01  6.445763e-02
     vertex  1.126428e-01 -3.366823e-01  7.038362e-02
   endloop
 endfacet
 facet normal -4.964569e-01 -7.126696e-01 -4.956134e-01
   outer loop
     vertex  8.027658e-02 -3.094017e-01  6.476347e-02
     vertex  8.427096e-02 -3.094035e-01  6.076489e-02
     vertex  1.025918e-01 -3.366691e-01  8.161958e-02
   endloop
 endfacet
 facet normal -4.907271e-01 -7.120403e-01 -5.021808e-01
   outer loop
     vertex  8.027658e-02 -3.094017e-01  6.476347e-02
     vertex  1.025918e-01 -3.366691e-01  8.161958e-02
     vertex  9.717486e-02 -3.366652e-01  8.690732e-02
   endloop
 endfacet
 facet normal -4.758007e-01 -7.131017e-01 -5.148782e-01
   outer loop
     vertex  7.611188e-02 -3.094011e-01  6.861119e-02
     vertex  8.027658e-02 -3.094017e-01  6.476347e-02
     vertex  9.717486e-02 -3.366652e-01  8.690732e-02
   endloop
 endfacet
 facet normal -4.667334e-01 -7.123284e-01 -5.241644e-01
   outer loop
     vertex  7.611188e-02 -3.094011e-01  6.861119e-02
     vertex  9.717486e-02 -3.366652e-01  8.690732e-02
     vertex  9.149704e-02 -3.366630e-01  9.196010e-02
   endloop
 endfacet
 facet normal -4.542159e-01 -7.133818e-01 -5.336425e-01
   outer loop
     vertex  7.177691e-02 -3.094017e-01  7.230172e-02
     vertex  7.611188e-02 -3.094011e-01  6.861119e-02
     vertex  9.149704e-02 -3.366630e-01  9.196010e-02
   endloop
 endfacet
 facet normal -1.683128e-01 -7.094577e-01 -6.843542e-01
   outer loop
     vertex  1.286005e-02 -3.095004e-01  1.007134e-01
     vertex  1.906665e-02 -3.094836e-01  9.916959e-02
     vertex  2.038005e-02 -3.367576e-01  1.271210e-01
   endloop
 endfacet
 facet normal -1.545988e-02 -7.052073e-01 -7.088326e-01
   outer loop
     vertex -2.072271e-02 -3.096109e-01  1.048093e-01
     vertex -1.536030e-02 -3.368651e-01  1.318072e-01
     vertex -2.273564e-02 -3.368911e-01  1.319939e-01
   endloop
 endfacet
 facet normal -4.443938e-02 -3.658696e-01  9.296045e-01
   outer loop
     vertex -8.067468e-03 -3.355704e-01 -2.457782e-01
     vertex -1.852612e-02 -3.374786e-01 -2.470292e-01
     vertex -8.656220e-03 -3.374943e-01 -2.465636e-01
   endloop
 endfacet
 facet normal -8.317520e-02 -3.546971e-01  9.312743e-01
   outer loop
     vertex -8.067468e-03 -3.355704e-01 -2.457782e-01
     vertex -8.656220e-03 -3.374943e-01 -2.465636e-01
     vertex -1.002604e-03 -3.375049e-01 -2.458840e-01
   endloop
 endfacet
 facet normal -5.436708e-02 -8.144963e-01  5.776158e-01
   outer loop
     vertex -9.908308e-03 -3.118520e-01 -2.215852e-01
     vertex -3.921948e-03 -3.100258e-01 -2.184466e-01
     vertex -1.238948e-02 -3.100122e-01 -2.192245e-01
   endloop
 endfacet
 facet normal -2.237240e-01 -5.042622e-01  8.340667e-01
   outer loop
     vertex  3.276163e-02 -3.353635e-01 -2.378653e-01
     vertex  2.367828e-02 -3.375290e-01 -2.416109e-01
     vertex  3.188824e-02 -3.375333e-01 -2.394114e-01
   endloop
 endfacet
 facet normal -2.664315e-01 -4.858965e-01  8.324175e-01
   outer loop
     vertex  3.276163e-02 -3.353635e-01 -2.378653e-01
     vertex  3.188824e-02 -3.375333e-01 -2.394114e-01
     vertex  3.983502e-02 -3.375356e-01 -2.368692e-01
   endloop
 endfacet
 facet normal -9.074764e-02 -7.670265e-01  6.351655e-01
   outer loop
     vertex  8.322983e-03 -3.120440e-01 -2.191344e-01
     vertex  4.283878e-03 -3.100370e-01 -2.172878e-01
     vertex -3.921948e-03 -3.100258e-01 -2.184466e-01
   endloop
 endfacet
 facet normal -1.155391e-01 -7.884197e-01  6.041896e-01
   outer loop
     vertex  8.322983e-03 -3.120440e-01 -2.191344e-01
     vertex  1.144540e-02 -3.100452e-01 -2.159290e-01
     vertex  4.283878e-03 -3.100370e-01 -2.172878e-01
   endloop
 endfacet
 facet normal -1.469288e-01 -7.687187e-01  6.224817e-01
   outer loop
     vertex  8.322983e-03 -3.120440e-01 -2.191344e-01
     vertex  1.770959e-02 -3.100511e-01 -2.144577e-01
     vertex  1.144540e-02 -3.100452e-01 -2.159290e-01
   endloop
 endfacet
 facet normal -1.869707e-01 -7.107467e-01  6.781453e-01
   outer loop
     vertex  8.322983e-03 -3.120440e-01 -2.191344e-01
     vertex  2.367828e-02 -3.375290e-01 -2.416109e-01
     vertex  1.770959e-02 -3.100511e-01 -2.144577e-01
   endloop
 endfacet
 facet normal -1.494654e-01 -7.035740e-01  6.947257e-01
   outer loop
     vertex  8.322983e-03 -3.120440e-01 -2.191344e-01
     vertex  6.456891e-03 -3.371297e-01 -2.449411e-01
     vertex  1.520509e-02 -3.375225e-01 -2.434568e-01
   endloop
 endfacet
 facet normal -1.517534e-01 -7.036474e-01  6.941551e-01
   outer loop
     vertex  8.322983e-03 -3.120440e-01 -2.191344e-01
     vertex  1.520509e-02 -3.375225e-01 -2.434568e-01
     vertex  2.367828e-02 -3.375290e-01 -2.416109e-01
   endloop
 endfacet
 facet normal -2.557776e-01 -7.128517e-01  6.530086e-01
   outer loop
     vertex  2.530149e-02 -3.122105e-01 -2.149158e-01
     vertex  3.983502e-02 -3.375356e-01 -2.368692e-01
     vertex  2.972309e-02 -3.100587e-01 -2.108350e-01
   endloop
 endfacet
 facet normal -1.767027e-01 -7.551861e-01  6.312449e-01
   outer loop
     vertex  2.530149e-02 -3.122105e-01 -2.149158e-01
     vertex  2.380214e-02 -3.100556e-01 -2.127575e-01
     vertex  1.770959e-02 -3.100511e-01 -2.144577e-01
   endloop
 endfacet
 facet normal -2.012466e-01 -7.595419e-01  6.185434e-01
   outer loop
     vertex  2.530149e-02 -3.122105e-01 -2.149158e-01
     vertex  2.972309e-02 -3.100587e-01 -2.108350e-01
     vertex  2.380214e-02 -3.100556e-01 -2.127575e-01
   endloop
 endfacet
 facet normal -3.083503e-01 -7.179447e-01  6.240797e-01
   outer loop
     vertex  2.530149e-02 -3.122105e-01 -2.149158e-01
     vertex  3.276163e-02 -3.353635e-01 -2.378653e-01
     vertex  3.983502e-02 -3.375356e-01 -2.368692e-01
   endloop
 endfacet
 facet normal -1.123880e-01 -7.175486e-01  6.873813e-01
   outer loop
     vertex  2.530149e-02 -3.122105e-01 -2.149158e-01
     vertex  2.367828e-02 -3.375290e-01 -2.416109e-01
     vertex  3.276163e-02 -3.353635e-01 -2.378653e-01
   endloop
 endfacet
 facet normal -1.609878e-01 -7.111964e-01  6.843118e-01
   outer loop
     vertex  2.530149e-02 -3.122105e-01 -2.149158e-01
     vertex  1.770959e-02 -3.100511e-01 -2.144577e-01
     vertex  2.367828e-02 -3.375290e-01 -2.416109e-01
   endloop
 endfacet
 facet normal -4.099758e-01 -5.272898e-01  7.442347e-01
   outer loop
     vertex  6.768647e-02 -3.351880e-01 -2.225587e-01
     vertex  6.209669e-02 -3.375308e-01 -2.272979e-01
     vertex  6.899117e-02 -3.375256e-01 -2.234962e-01
   endloop
 endfacet
 facet normal -4.428154e-01 -5.355406e-01  7.191042e-01
   outer loop
     vertex  6.768647e-02 -3.351880e-01 -2.225587e-01
     vertex  6.899117e-02 -3.375256e-01 -2.234962e-01
     vertex  7.562269e-02 -3.375187e-01 -2.194074e-01
   endloop
 endfacet
 facet normal -2.514054e-01 -7.120951e-01  6.555272e-01
   outer loop
     vertex  4.102665e-02 -3.123529e-01 -2.090563e-01
     vertex  3.547246e-02 -3.100605e-01 -2.086963e-01
     vertex  3.983502e-02 -3.375356e-01 -2.368692e-01
   endloop
 endfacet
 facet normal -2.630260e-01 -7.353821e-01  6.245243e-01
   outer loop
     vertex  4.102665e-02 -3.123529e-01 -2.090563e-01
     vertex  4.105026e-02 -3.100611e-01 -2.063478e-01
     vertex  3.547246e-02 -3.100605e-01 -2.086963e-01
   endloop
 endfacet
 facet normal -2.922097e-01 -7.288175e-01  6.192242e-01
   outer loop
     vertex  4.102665e-02 -3.123529e-01 -2.090563e-01
     vertex  4.645653e-02 -3.100605e-01 -2.037959e-01
     vertex  4.105026e-02 -3.100611e-01 -2.063478e-01
   endloop
 endfacet
 facet normal -3.081589e-01 -7.136517e-01  6.290782e-01
   outer loop
     vertex  4.102665e-02 -3.123529e-01 -2.090563e-01
     vertex  6.209669e-02 -3.375308e-01 -2.272979e-01
     vertex  4.645653e-02 -3.100605e-01 -2.037959e-01
   endloop
 endfacet
 facet normal -2.455247e-01 -7.133398e-01  6.564023e-01
   outer loop
     vertex  4.102665e-02 -3.123529e-01 -2.090563e-01
     vertex  3.983502e-02 -3.375356e-01 -2.368692e-01
     vertex  4.751866e-02 -3.375359e-01 -2.339955e-01
   endloop
 endfacet
 facet normal -2.778257e-01 -7.111659e-01  6.457987e-01
   outer loop
     vertex  4.102665e-02 -3.123529e-01 -2.090563e-01
     vertex  4.751866e-02 -3.375359e-01 -2.339955e-01
     vertex  5.493920e-02 -3.375343e-01 -2.308013e-01
   endloop
 endfacet
 facet normal -3.077389e-01 -7.135405e-01  6.294099e-01
   outer loop
     vertex  4.102665e-02 -3.123529e-01 -2.090563e-01
     vertex  5.493920e-02 -3.375343e-01 -2.308013e-01
     vertex  6.209669e-02 -3.375308e-01 -2.272979e-01
   endloop
 endfacet
 facet normal -2.437518e-01 -7.239250e-01  6.453818e-01
   outer loop
     vertex  5.549791e-02 -3.124727e-01 -2.016825e-01
     vertex  6.209669e-02 -3.375308e-01 -2.272979e-01
     vertex  6.768647e-02 -3.351880e-01 -2.225587e-01
   endloop
 endfacet
 facet normal -4.273222e-01 -7.253223e-01  5.397251e-01
   outer loop
     vertex  5.549791e-02 -3.124727e-01 -2.016825e-01
     vertex  6.768647e-02 -3.351880e-01 -2.225587e-01
     vertex  7.562269e-02 -3.375187e-01 -2.194074e-01
   endloop
 endfacet
 facet normal -3.342286e-01 -6.947412e-01  6.368876e-01
   outer loop
     vertex  5.549791e-02 -3.124727e-01 -2.016825e-01
     vertex  5.169128e-02 -3.100587e-01 -2.010468e-01
     vertex  4.645653e-02 -3.100605e-01 -2.037959e-01
   endloop
 endfacet
 facet normal -3.514129e-01 -7.136883e-01  6.059356e-01
   outer loop
     vertex  5.549791e-02 -3.124727e-01 -2.016825e-01
     vertex  5.675453e-02 -3.100557e-01 -1.981069e-01
     vertex  5.169128e-02 -3.100587e-01 -2.010468e-01
   endloop
 endfacet
 facet normal -3.864041e-01 -6.954142e-01  6.058804e-01
   outer loop
     vertex  5.549791e-02 -3.124727e-01 -2.016825e-01
     vertex  6.164631e-02 -3.100517e-01 -1.949825e-01
     vertex  5.675453e-02 -3.100557e-01 -1.981069e-01
   endloop
 endfacet
 facet normal -3.342877e-01 -7.153252e-01  6.136461e-01
   outer loop
     vertex  5.549791e-02 -3.124727e-01 -2.016825e-01
     vertex  4.645653e-02 -3.100605e-01 -2.037959e-01
     vertex  6.209669e-02 -3.375308e-01 -2.272979e-01
   endloop
 endfacet
 facet normal -3.664848e-01 -7.154418e-01  5.948378e-01
   outer loop
     vertex  5.549791e-02 -3.124727e-01 -2.016825e-01
     vertex  7.562269e-02 -3.375187e-01 -2.194074e-01
     vertex  6.164631e-02 -3.100517e-01 -1.949825e-01
   endloop
 endfacet
 facet normal -4.181556e-01 -6.831408e-01  5.987191e-01
   outer loop
     vertex  6.871469e-02 -3.125715e-01 -1.929210e-01
     vertex  6.636664e-02 -3.100466e-01 -1.916800e-01
     vertex  6.164631e-02 -3.100517e-01 -1.949825e-01
   endloop
 endfacet
 facet normal -4.384665e-01 -6.905081e-01  5.752787e-01
   outer loop
     vertex  6.871469e-02 -3.125715e-01 -1.929210e-01
     vertex  7.091554e-02 -3.100406e-01 -1.882056e-01
     vertex  6.636664e-02 -3.100466e-01 -1.916800e-01
   endloop
 endfacet
 facet normal -4.796757e-01 -6.600351e-01  5.781564e-01
   outer loop
     vertex  6.871469e-02 -3.125715e-01 -1.929210e-01
     vertex  7.529303e-02 -3.100335e-01 -1.845657e-01
     vertex  7.091554e-02 -3.100406e-01 -1.882056e-01
   endloop
 endfacet
 facet normal -4.182998e-01 -7.131170e-01  5.625740e-01
   outer loop
     vertex  6.871469e-02 -3.125715e-01 -1.929210e-01
     vertex  6.164631e-02 -3.100517e-01 -1.949825e-01
     vertex  7.562269e-02 -3.375187e-01 -2.194074e-01
   endloop
 endfacet
 facet normal -4.245177e-01 -7.175401e-01  5.521965e-01
   outer loop
     vertex  6.871469e-02 -3.125715e-01 -1.929210e-01
     vertex  8.809701e-02 -3.375001e-01 -2.104131e-01
     vertex  7.529303e-02 -3.100335e-01 -1.845657e-01
   endloop
 endfacet
 facet normal -3.926035e-01 -7.183995e-01  5.742514e-01
   outer loop
     vertex  6.871469e-02 -3.125715e-01 -1.929210e-01
     vertex  7.562269e-02 -3.375187e-01 -2.194074e-01
     vertex  8.199129e-02 -3.375101e-01 -2.150427e-01
   endloop
 endfacet
 facet normal -4.204066e-01 -7.170176e-01  5.560072e-01
   outer loop
     vertex  6.871469e-02 -3.125715e-01 -1.929210e-01
     vertex  8.199129e-02 -3.375101e-01 -2.150427e-01
     vertex  8.809701e-02 -3.375001e-01 -2.104131e-01
   endloop
 endfacet
 facet normal -6.362381e-01 -5.110456e-01  5.779563e-01
   outer loop
     vertex  1.090405e-01 -3.349821e-01 -1.882268e-01
     vertex  1.048374e-01 -3.374614e-01 -1.950460e-01
     vertex  1.098920e-01 -3.374459e-01 -1.894679e-01
   endloop
 endfacet
 facet normal -6.633307e-01 -5.066784e-01  5.506990e-01
   outer loop
     vertex  1.090405e-01 -3.349821e-01 -1.882268e-01
     vertex  1.098920e-01 -3.374459e-01 -1.894679e-01
     vertex  1.146841e-01 -3.374293e-01 -1.836805e-01
   endloop
 endfacet
 facet normal -5.936397e-01 -7.266562e-01  3.457783e-01
   outer loop
     vertex  9.138257e-02 -3.127122e-01 -1.717418e-01
     vertex  1.090405e-01 -3.349821e-01 -1.882268e-01
     vertex  1.146841e-01 -3.374293e-01 -1.836805e-01
   endloop
 endfacet
 facet normal -4.282281e-01 -7.318989e-01  5.300422e-01
   outer loop
     vertex  9.138257e-02 -3.127122e-01 -1.717418e-01
     vertex  1.048374e-01 -3.374614e-01 -1.950460e-01
     vertex  1.090405e-01 -3.349821e-01 -1.882268e-01
   endloop
 endfacet
 facet normal -5.610658e-01 -6.355255e-01  5.303891e-01
   outer loop
     vertex  9.138257e-02 -3.127122e-01 -1.717418e-01
     vertex  8.739728e-02 -3.100071e-01 -1.727163e-01
     vertex  8.353388e-02 -3.100168e-01 -1.768148e-01
   endloop
 endfacet
 facet normal -5.674402e-01 -6.573442e-01  4.958933e-01
   outer loop
     vertex  9.138257e-02 -3.127122e-01 -1.717418e-01
     vertex  9.108936e-02 -3.099967e-01 -1.684777e-01
     vertex  8.739728e-02 -3.100071e-01 -1.727163e-01
   endloop
 endfacet
 facet normal -5.957602e-01 -6.429327e-01  4.813600e-01
   outer loop
     vertex  9.138257e-02 -3.127122e-01 -1.717418e-01
     vertex  9.461015e-02 -3.099855e-01 -1.641052e-01
     vertex  9.108936e-02 -3.099967e-01 -1.684777e-01
   endloop
 endfacet
 facet normal -5.359543e-01 -7.146305e-01  4.495066e-01
   outer loop
     vertex  9.138257e-02 -3.127122e-01 -1.717418e-01
     vertex  8.353388e-02 -3.100168e-01 -1.768148e-01
     vertex  1.048374e-01 -3.374614e-01 -1.950460e-01
   endloop
 endfacet
 facet normal -5.155417e-01 -7.144823e-01  4.730030e-01
   outer loop
     vertex  9.138257e-02 -3.127122e-01 -1.717418e-01
     vertex  1.146841e-01 -3.374293e-01 -1.836805e-01
     vertex  9.461015e-02 -3.099855e-01 -1.641052e-01
   endloop
 endfacet
 facet normal -6.031915e-01 -7.172992e-01  3.487719e-01
   outer loop
     vertex  1.090258e-01 -3.127869e-01 -1.465324e-01
     vertex  1.274846e-01 -3.373731e-01 -1.651733e-01
     vertex  1.312265e-01 -3.373525e-01 -1.586596e-01
   endloop
 endfacet
 facet normal -6.167168e-01 -7.173569e-01  3.241287e-01
   outer loop
     vertex  1.090258e-01 -3.127869e-01 -1.465324e-01
     vertex  1.312265e-01 -3.373525e-01 -1.586596e-01
     vertex  1.347059e-01 -3.373312e-01 -1.519921e-01
   endloop
 endfacet
 facet normal -6.670312e-01 -6.334154e-01  3.922427e-01
   outer loop
     vertex  1.090258e-01 -3.127869e-01 -1.465324e-01
     vertex  1.069808e-01 -3.099341e-01 -1.454032e-01
     vertex  1.041450e-01 -3.099479e-01 -1.502479e-01
   endloop
 endfacet
 facet normal -6.804108e-01 -6.335411e-01  3.683299e-01
   outer loop
     vertex  1.090258e-01 -3.127869e-01 -1.465324e-01
     vertex  1.096454e-01 -3.099198e-01 -1.404563e-01
     vertex  1.069808e-01 -3.099341e-01 -1.454032e-01
   endloop
 endfacet
 facet normal -6.398197e-01 -7.076488e-01  2.997731e-01
   outer loop
     vertex  1.090258e-01 -3.127869e-01 -1.465324e-01
     vertex  1.041450e-01 -3.099479e-01 -1.502479e-01
     vertex  1.274846e-01 -3.373731e-01 -1.651733e-01
   endloop
 endfacet
 facet normal -5.903503e-01 -7.050669e-01  3.928958e-01
   outer loop
     vertex  1.090258e-01 -3.127869e-01 -1.465324e-01
     vertex  1.347059e-01 -3.373312e-01 -1.519921e-01
     vertex  1.096454e-01 -3.099198e-01 -1.404563e-01
   endloop
 endfacet
 facet normal -6.514127e-01 -7.161074e-01  2.507023e-01
   outer loop
     vertex  1.216398e-01 -3.128079e-01 -1.183062e-01
     vertex  1.408776e-01 -3.372864e-01 -1.382401e-01
     vertex  1.435700e-01 -3.372631e-01 -1.311778e-01
   endloop
 endfacet
 facet normal -6.626823e-01 -7.136949e-01  2.269180e-01
   outer loop
     vertex  1.216398e-01 -3.128079e-01 -1.183062e-01
     vertex  1.435700e-01 -3.372631e-01 -1.311778e-01
     vertex  1.460001e-01 -3.372393e-01 -1.240062e-01
   endloop
 endfacet
 facet normal -6.695600e-01 -7.147497e-01  2.020451e-01
   outer loop
     vertex  1.216398e-01 -3.128079e-01 -1.183062e-01
     vertex  1.460001e-01 -3.372393e-01 -1.240062e-01
     vertex  1.481680e-01 -3.372151e-01 -1.167363e-01
   endloop
 endfacet
 facet normal -7.337793e-01 -6.206195e-01  2.764045e-01
   outer loop
     vertex  1.216398e-01 -3.128079e-01 -1.183062e-01
     vertex  1.185925e-01 -3.098582e-01 -1.197729e-01
     vertex  1.166124e-01 -3.098742e-01 -1.250655e-01
   endloop
 endfacet
 facet normal -7.328116e-01 -6.331919e-01  2.491087e-01
   outer loop
     vertex  1.216398e-01 -3.128079e-01 -1.183062e-01
     vertex  1.204016e-01 -3.098419e-01 -1.144098e-01
     vertex  1.185925e-01 -3.098582e-01 -1.197729e-01
   endloop
 endfacet
 facet normal -7.536776e-01 -6.159328e-01  2.293402e-01
   outer loop
     vertex  1.216398e-01 -3.128079e-01 -1.183062e-01
     vertex  1.220396e-01 -3.098254e-01 -1.089824e-01
     vertex  1.204016e-01 -3.098419e-01 -1.144098e-01
   endloop
 endfacet
 facet normal -6.630084e-01 -7.043047e-01  2.537218e-01
   outer loop
     vertex  1.216398e-01 -3.128079e-01 -1.183062e-01
     vertex  1.481680e-01 -3.372151e-01 -1.167363e-01
     vertex  1.220396e-01 -3.098254e-01 -1.089824e-01
   endloop
 endfacet
 facet normal -6.826793e-01 -7.019228e-01  2.031091e-01
   outer loop
     vertex  1.216398e-01 -3.128079e-01 -1.183062e-01
     vertex  1.166124e-01 -3.098742e-01 -1.250655e-01
     vertex  1.408776e-01 -3.372864e-01 -1.382401e-01
   endloop
 endfacet
 facet normal -7.159958e-01 -6.954366e-01  6.097501e-02
   outer loop
     vertex  1.292202e-01 -3.127874e-01 -8.807684e-02
     vertex  1.259274e-01 -3.097744e-01 -9.237779e-02
     vertex  1.517174e-01 -3.371657e-01 -1.019461e-01
   endloop
 endfacet
 facet normal -6.929007e-01 -7.045455e-01  1.533112e-01
   outer loop
     vertex  1.292202e-01 -3.127874e-01 -8.807684e-02
     vertex  1.542184e-01 -3.371155e-01 -8.689611e-02
     vertex  1.276644e-01 -3.097398e-01 -8.110274e-02
   endloop
 endfacet
 facet normal -6.908330e-01 -7.112928e-01  1.296623e-01
   outer loop
     vertex  1.292202e-01 -3.127874e-01 -8.807684e-02
     vertex  1.517174e-01 -3.371657e-01 -1.019461e-01
     vertex  1.530989e-01 -3.371407e-01 -9.444801e-02
   endloop
 endfacet
 facet normal -6.960961e-01 -7.101466e-01  1.055556e-01
   outer loop
     vertex  1.292202e-01 -3.127874e-01 -8.807684e-02
     vertex  1.530989e-01 -3.371407e-01 -9.444801e-02
     vertex  1.542184e-01 -3.371155e-01 -8.689611e-02
   endloop
 endfacet
 facet normal -7.566004e-01 -6.407486e-01  1.303725e-01
   outer loop
     vertex  1.292202e-01 -3.127874e-01 -8.807684e-02
     vertex  1.268814e-01 -3.097571e-01 -8.675658e-02
     vertex  1.259274e-01 -3.097744e-01 -9.237779e-02
   endloop
 endfacet
 facet normal -7.637784e-01 -6.364246e-01  1.077325e-01
   outer loop
     vertex  1.292202e-01 -3.127874e-01 -8.807684e-02
     vertex  1.276644e-01 -3.097398e-01 -8.110274e-02
     vertex  1.268814e-01 -3.097571e-01 -8.675658e-02
   endloop
 endfacet
 facet normal -9.034203e-01 -4.286424e-01  9.868403e-03
   outer loop
     vertex  1.549962e-01 -3.347538e-01 -5.709521e-02
     vertex  1.560052e-01 -3.370401e-01 -6.402850e-02
     vertex  1.560770e-01 -3.370152e-01 -5.637234e-02
   endloop
 endfacet
 facet normal -8.994250e-01 -4.365741e-01 -2.091923e-02
   outer loop
     vertex  1.549962e-01 -3.347538e-01 -5.709521e-02
     vertex  1.560770e-01 -3.370152e-01 -5.637234e-02
     vertex  1.558870e-01 -3.369906e-01 -4.871789e-02
   endloop
 endfacet
 facet normal -6.835429e-01 -7.200506e-01 -1.195665e-01
   outer loop
     vertex  1.317623e-01 -3.127374e-01 -5.685769e-02
     vertex  1.549962e-01 -3.347538e-01 -5.709521e-02
     vertex  1.558870e-01 -3.369906e-01 -4.871789e-02
   endloop
 endfacet
 facet normal -6.804824e-01 -7.196025e-01  1.382605e-01
   outer loop
     vertex  1.317623e-01 -3.127374e-01 -5.685769e-02
     vertex  1.560052e-01 -3.370401e-01 -6.402850e-02
     vertex  1.549962e-01 -3.347538e-01 -5.709521e-02
   endloop
 endfacet
 facet normal -7.112621e-01 -7.025284e-01 -2.366496e-02
   outer loop
     vertex  1.317623e-01 -3.127374e-01 -5.685769e-02
     vertex  1.289881e-01 -3.096879e-01 -6.400873e-02
     vertex  1.560052e-01 -3.370401e-01 -6.402850e-02
   endloop
 endfacet
 facet normal -7.155272e-01 -6.972500e-01  4.316524e-02
   outer loop
     vertex  1.317623e-01 -3.127374e-01 -5.685769e-02
     vertex  1.558870e-01 -3.369906e-01 -4.871789e-02
     vertex  1.290163e-01 -3.096537e-01 -5.256558e-02
   endloop
 endfacet
 facet normal -7.570308e-01 -6.532041e-01  1.512447e-02
   outer loop
     vertex  1.317623e-01 -3.127374e-01 -5.685769e-02
     vertex  1.290876e-01 -3.096707e-01 -5.828765e-02
     vertex  1.289881e-01 -3.096879e-01 -6.400873e-02
   endloop
 endfacet
 facet normal -7.518983e-01 -6.592374e-01 -7.414421e-03
   outer loop
     vertex  1.317623e-01 -3.127374e-01 -5.685769e-02
     vertex  1.290163e-01 -3.096537e-01 -5.256558e-02
     vertex  1.290876e-01 -3.096707e-01 -5.828765e-02
   endloop
 endfacet
 facet normal -6.996875e-01 -7.055074e-01 -1.126801e-01
   outer loop
     vertex  1.292617e-01 -3.126701e-01 -2.566233e-02
     vertex  1.537466e-01 -3.369189e-01 -2.587585e-02
     vertex  1.525099e-01 -3.368960e-01 -1.833929e-02
   endloop
 endfacet
 facet normal -6.937328e-01 -7.071068e-01 -1.368753e-01
   outer loop
     vertex  1.292617e-01 -3.126701e-01 -2.566233e-02
     vertex  1.525099e-01 -3.368960e-01 -1.833929e-02
     vertex  1.510115e-01 -3.368738e-01 -1.085998e-02
   endloop
 endfacet
 facet normal -7.392569e-01 -6.664578e-01 -9.660923e-02
   outer loop
     vertex  1.292617e-01 -3.126701e-01 -2.566233e-02
     vertex  1.270231e-01 -3.095880e-01 -2.979389e-02
     vertex  1.277775e-01 -3.096040e-01 -3.545666e-02
   endloop
 endfacet
 facet normal -6.995262e-01 -7.053259e-01 -1.147975e-01
   outer loop
     vertex  1.292617e-01 -3.126701e-01 -2.566233e-02
     vertex  1.277775e-01 -3.096040e-01 -3.545666e-02
     vertex  1.537466e-01 -3.369189e-01 -2.587585e-02
   endloop
 endfacet
 facet normal -7.225456e-01 -6.813852e-01 -1.167997e-01
   outer loop
     vertex  1.292617e-01 -3.126701e-01 -2.566233e-02
     vertex  1.260979e-01 -3.095724e-01 -2.416176e-02
     vertex  1.270231e-01 -3.095880e-01 -2.979389e-02
   endloop
 endfacet
 facet normal -7.258625e-01 -6.733716e-01 -1.403360e-01
   outer loop
     vertex  1.292617e-01 -3.126701e-01 -2.566233e-02
     vertex  1.250020e-01 -3.095572e-01 -1.856660e-02
     vertex  1.260979e-01 -3.095724e-01 -2.416176e-02
   endloop
 endfacet
 facet normal -7.031820e-01 -7.017686e-01 -1.142626e-01
   outer loop
     vertex  1.292617e-01 -3.126701e-01 -2.566233e-02
     vertex  1.510115e-01 -3.368738e-01 -1.085998e-02
     vertex  1.250020e-01 -3.095572e-01 -1.856660e-02
   endloop
 endfacet
 facet normal -6.757919e-01 -7.062123e-01 -2.111149e-01
   outer loop
     vertex  1.217139e-01 -3.125977e-01  4.495744e-03
     vertex  1.472301e-01 -3.368314e-01  3.882491e-03
     vertex  1.449472e-01 -3.368114e-01  1.112343e-02
   endloop
 endfacet
 facet normal -6.680422e-01 -7.056419e-01 -2.361973e-01
   outer loop
     vertex  1.217139e-01 -3.125977e-01  4.495744e-03
     vertex  1.449472e-01 -3.368114e-01  1.112343e-02
     vertex  1.424029e-01 -3.367924e-01  1.826269e-02
   endloop
 endfacet
 facet normal -6.792395e-01 -6.993269e-01 -2.226559e-01
   outer loop
     vertex  1.217139e-01 -3.125977e-01  4.495744e-03
     vertex  1.189120e-01 -3.095012e-01  3.317793e-03
     vertex  1.206905e-01 -3.095144e-01 -2.066212e-03
   endloop
 endfacet
 facet normal -6.709465e-01 -7.000823e-01 -2.443676e-01
   outer loop
     vertex  1.217139e-01 -3.125977e-01  4.495744e-03
     vertex  1.169630e-01 -3.094886e-01  8.633191e-03
     vertex  1.189120e-01 -3.095012e-01  3.317793e-03
   endloop
 endfacet
 facet normal -6.737474e-01 -7.036939e-01 -2.255644e-01
   outer loop
     vertex  1.217139e-01 -3.125977e-01  4.495744e-03
     vertex  1.206905e-01 -3.095144e-01 -2.066212e-03
     vertex  1.472301e-01 -3.368314e-01  3.882491e-03
   endloop
 endfacet
 facet normal -6.678459e-01 -7.056966e-01 -2.365885e-01
   outer loop
     vertex  1.217139e-01 -3.125977e-01  4.495744e-03
     vertex  1.424029e-01 -3.367924e-01  1.826269e-02
     vertex  1.169630e-01 -3.094886e-01  8.633191e-03
   endloop
 endfacet
 facet normal -7.542885e-01 -5.145636e-01 -4.077661e-01
   outer loop
     vertex  1.285722e-01 -3.348687e-01  4.516011e-02
     vertex  1.332019e-01 -3.367416e-01  3.895937e-02
     vertex  1.296124e-01 -3.367270e-01  4.558086e-02
   endloop
 endfacet
 facet normal -7.381638e-01 -5.125325e-01 -4.386622e-01
   outer loop
     vertex  1.285722e-01 -3.348687e-01  4.516011e-02
     vertex  1.296124e-01 -3.367270e-01  4.558086e-02
     vertex  1.257617e-01 -3.367137e-01  5.204514e-02
   endloop
 endfacet
 facet normal -6.470419e-01 -7.140081e-01 -2.674493e-01
   outer loop
     vertex  1.091144e-01 -3.125322e-01  3.260301e-02
     vertex  1.332019e-01 -3.367416e-01  3.895937e-02
     vertex  1.285722e-01 -3.348687e-01  4.516011e-02
   endloop
 endfacet
 facet normal -5.547140e-01 -7.188086e-01 -4.190545e-01
   outer loop
     vertex  1.091144e-01 -3.125322e-01  3.260301e-02
     vertex  1.285722e-01 -3.348687e-01  4.516011e-02
     vertex  1.257617e-01 -3.367137e-01  5.204514e-02
   endloop
 endfacet
 facet normal -6.005364e-01 -7.096559e-01 -3.684352e-01
   outer loop
     vertex  1.091144e-01 -3.125322e-01  3.260301e-02
     vertex  1.257617e-01 -3.367137e-01  5.204514e-02
     vertex  1.016876e-01 -3.094287e-01  3.873050e-02
   endloop
 endfacet
 facet normal -6.240991e-01 -7.089255e-01 -3.285193e-01
   outer loop
     vertex  1.091144e-01 -3.125322e-01  3.260301e-02
     vertex  1.074614e-01 -3.094455e-01  2.908217e-02
     vertex  1.100925e-01 -3.094551e-01  2.410447e-02
   endloop
 endfacet
 facet normal -6.041892e-01 -7.179208e-01 -3.457531e-01
   outer loop
     vertex  1.091144e-01 -3.125322e-01  3.260301e-02
     vertex  1.046597e-01 -3.094366e-01  3.395962e-02
     vertex  1.074614e-01 -3.094455e-01  2.908217e-02
   endloop
 endfacet
 facet normal -6.033242e-01 -7.039996e-01 -3.746791e-01
   outer loop
     vertex  1.091144e-01 -3.125322e-01  3.260301e-02
     vertex  1.016876e-01 -3.094287e-01  3.873050e-02
     vertex  1.046597e-01 -3.094366e-01  3.395962e-02
   endloop
 endfacet
 facet normal -6.250767e-01 -7.081430e-01 -3.283484e-01
   outer loop
     vertex  1.091144e-01 -3.125322e-01  3.260301e-02
     vertex  1.100925e-01 -3.094551e-01  2.410447e-02
     vertex  1.332019e-01 -3.367416e-01  3.895937e-02
   endloop
 endfacet
 facet normal -5.493206e-01 -7.115645e-01 -4.380899e-01
   outer loop
     vertex  9.145856e-02 -3.124860e-01  5.764596e-02
     vertex  9.523209e-02 -3.094156e-01  4.792724e-02
     vertex  1.126428e-01 -3.366823e-01  7.038362e-02
   endloop
 endfacet
 facet normal -5.133161e-01 -7.117134e-01 -4.795525e-01
   outer loop
     vertex  9.145856e-02 -3.124860e-01  5.764596e-02
     vertex  1.025918e-01 -3.366691e-01  8.161958e-02
     vertex  8.427096e-02 -3.094035e-01  6.076489e-02
   endloop
 endfacet
 facet normal -5.357971e-01 -7.098148e-01 -4.572575e-01
   outer loop
     vertex  9.145856e-02 -3.124860e-01  5.764596e-02
     vertex  1.126428e-01 -3.366823e-01  7.038362e-02
     vertex  1.077478e-01 -3.366749e-01  7.610798e-02
   endloop
 endfacet
 facet normal -5.133725e-01 -7.116997e-01 -4.795125e-01
   outer loop
     vertex  9.145856e-02 -3.124860e-01  5.764596e-02
     vertex  1.077478e-01 -3.366749e-01  7.610798e-02
     vertex  1.025918e-01 -3.366691e-01  8.161958e-02
   endloop
 endfacet
 facet normal -5.572496e-01 -7.047889e-01 -4.390279e-01
   outer loop
     vertex  9.145856e-02 -3.124860e-01  5.764596e-02
     vertex  9.174875e-02 -3.094105e-01  5.234044e-02
     vertex  9.523209e-02 -3.094156e-01  4.792724e-02
   endloop
 endfacet
 facet normal -5.257006e-01 -7.231690e-01 -4.479569e-01
   outer loop
     vertex  9.145856e-02 -3.124860e-01  5.764596e-02
     vertex  8.809503e-02 -3.094065e-01  5.662177e-02
     vertex  9.174875e-02 -3.094105e-01  5.234044e-02
   endloop
 endfacet
 facet normal -5.125224e-01 -7.169531e-01 -4.725453e-01
   outer loop
     vertex  9.145856e-02 -3.124860e-01  5.764596e-02
     vertex  8.427096e-02 -3.094035e-01  6.076489e-02
     vertex  8.809503e-02 -3.094065e-01  5.662177e-02
   endloop
 endfacet
 facet normal -4.317784e-01 -7.118135e-01 -5.539755e-01
   outer loop
     vertex  6.874199e-02 -3.124710e-01  7.861108e-02
     vertex  7.177691e-02 -3.094017e-01  7.230172e-02
     vertex  9.149704e-02 -3.366630e-01  9.196010e-02
   endloop
 endfacet
 facet normal -4.077759e-01 -7.101504e-01 -5.739383e-01
   outer loop
     vertex  6.874199e-02 -3.124710e-01  7.861108e-02
     vertex  7.289873e-02 -3.366681e-01  1.055976e-01
     vertex  6.259622e-02 -3.094066e-01  7.918590e-02
   endloop
 endfacet
 facet normal -4.403085e-01 -7.143094e-01 -5.439581e-01
   outer loop
     vertex  6.874199e-02 -3.124710e-01  7.861108e-02
     vertex  9.149704e-02 -3.366630e-01  9.196010e-02
     vertex  8.555838e-02 -3.366627e-01  9.676680e-02
   endloop
 endfacet
 facet normal -4.148319e-01 -7.127968e-01 -5.655398e-01
   outer loop
     vertex  6.874199e-02 -3.124710e-01  7.861108e-02
     vertex  8.555838e-02 -3.366627e-01  9.676680e-02
     vertex  7.935893e-02 -3.366644e-01  1.013163e-01
   endloop
 endfacet
 facet normal -3.855170e-01 -7.157109e-01 -5.823526e-01
   outer loop
     vertex  6.874199e-02 -3.124710e-01  7.861108e-02
     vertex  7.935893e-02 -3.366644e-01  1.013163e-01
     vertex  7.289873e-02 -3.366681e-01  1.055976e-01
   endloop
 endfacet
 facet normal -4.335928e-01 -7.105199e-01 -5.542190e-01
   outer loop
     vertex  6.874199e-02 -3.124710e-01  7.861108e-02
     vertex  6.727168e-02 -3.094035e-01  7.582873e-02
     vertex  7.177691e-02 -3.094017e-01  7.230172e-02
   endloop
 endfacet
 facet normal -4.087388e-01 -7.128376e-01 -5.699081e-01
   outer loop
     vertex  6.874199e-02 -3.124710e-01  7.861108e-02
     vertex  6.259622e-02 -3.094066e-01  7.918590e-02
     vertex  6.727168e-02 -3.094035e-01  7.582873e-02
   endloop
 endfacet
 facet normal -3.660028e-01 -7.151911e-01 -5.954357e-01
   outer loop
     vertex  5.548450e-02 -3.124791e-01  8.724773e-02
     vertex  6.259622e-02 -3.094066e-01  7.918590e-02
     vertex  7.289873e-02 -3.366681e-01  1.055976e-01
   endloop
 endfacet
 facet normal -3.454356e-01 -7.116864e-01 -6.116998e-01
   outer loop
     vertex  5.548450e-02 -3.124791e-01  8.724773e-02
     vertex  5.919625e-02 -3.366820e-01  1.133107e-01
     vertex  4.754863e-02 -3.094243e-01  8.817507e-02
   endloop
 endfacet
 facet normal -3.577122e-01 -7.140540e-01 -6.018047e-01
   outer loop
     vertex  5.548450e-02 -3.124791e-01  8.724773e-02
     vertex  7.289873e-02 -3.366681e-01  1.055976e-01
     vertex  6.617782e-02 -3.366740e-01  1.095994e-01
   endloop
 endfacet
 facet normal -3.274356e-01 -7.151753e-01 -6.175032e-01
   outer loop
     vertex  5.548450e-02 -3.124791e-01  8.724773e-02
     vertex  6.617782e-02 -3.366740e-01  1.095994e-01
     vertex  5.919625e-02 -3.366820e-01  1.133107e-01
   endloop
 endfacet
 facet normal -4.022862e-01 -6.793058e-01 -6.137667e-01
   outer loop
     vertex  5.548450e-02 -3.124791e-01  8.724773e-02
     vertex  5.775054e-02 -3.094111e-01  8.236690e-02
     vertex  6.259622e-02 -3.094066e-01  7.918590e-02
   endloop
 endfacet
 facet normal -3.644089e-01 -7.028089e-01 -6.109549e-01
   outer loop
     vertex  5.548450e-02 -3.124791e-01  8.724773e-02
     vertex  5.273467e-02 -3.094170e-01  8.536540e-02
     vertex  5.775054e-02 -3.094111e-01  8.236690e-02
   endloop
 endfacet
 facet normal -3.415675e-01 -6.953955e-01 -6.322631e-01
   outer loop
     vertex  5.548450e-02 -3.124791e-01  8.724773e-02
     vertex  4.754863e-02 -3.094243e-01  8.817507e-02
     vertex  5.273467e-02 -3.094170e-01  8.536540e-02
   endloop
 endfacet
 facet normal -2.822716e-01 -7.127459e-01 -6.421184e-01
   outer loop
     vertex  4.096013e-02 -3.124995e-01  9.448485e-02
     vertex  4.754863e-02 -3.094243e-01  8.817507e-02
     vertex  5.919625e-02 -3.366820e-01  1.133107e-01
   endloop
 endfacet
 facet normal -2.966140e-01 -7.158128e-01 -6.321647e-01
   outer loop
     vertex  4.096013e-02 -3.124995e-01  9.448485e-02
     vertex  5.919625e-02 -3.366820e-01  1.133107e-01
     vertex  5.195407e-02 -3.366923e-01  1.167204e-01
   endloop
 endfacet
 facet normal -2.657058e-01 -7.150467e-01 -6.466132e-01
   outer loop
     vertex  4.096013e-02 -3.124995e-01  9.448485e-02
     vertex  5.195407e-02 -3.366923e-01  1.167204e-01
     vertex  4.445131e-02 -3.367049e-01  1.198174e-01
   endloop
 endfacet
 facet normal -2.768925e-01 -7.135134e-01 -6.436064e-01
   outer loop
     vertex  4.096013e-02 -3.124995e-01  9.448485e-02
     vertex  4.445131e-02 -3.367049e-01  1.198174e-01
     vertex  3.096971e-02 -3.094551e-01  9.540786e-02
   endloop
 endfacet
 facet normal -3.238994e-01 -6.721574e-01 -6.658029e-01
   outer loop
     vertex  4.096013e-02 -3.124995e-01  9.448485e-02
     vertex  4.219244e-02 -3.094330e-01  9.078959e-02
     vertex  4.754863e-02 -3.094243e-01  8.817507e-02
   endloop
 endfacet
 facet normal -2.897818e-01 -6.868033e-01 -6.665792e-01
   outer loop
     vertex  4.096013e-02 -3.124995e-01  9.448485e-02
     vertex  3.666612e-02 -3.094433e-01  9.320263e-02
     vertex  4.219244e-02 -3.094330e-01  9.078959e-02
   endloop
 endfacet
 facet normal -2.676081e-01 -6.675100e-01 -6.948498e-01
   outer loop
     vertex  4.096013e-02 -3.124995e-01  9.448485e-02
     vertex  3.096971e-02 -3.094551e-01  9.540786e-02
     vertex  3.666612e-02 -3.094433e-01  9.320263e-02
   endloop
 endfacet
 facet normal -2.328665e-01 -7.181324e-01 -6.557889e-01
   outer loop
     vertex  2.516832e-02 -3.125339e-01  1.001958e-01
     vertex  4.445131e-02 -3.367049e-01  1.198174e-01
     vertex  3.668803e-02 -3.367200e-01  1.225906e-01
   endloop
 endfacet
 facet normal -2.017050e-01 -7.154468e-01 -6.689177e-01
   outer loop
     vertex  2.516832e-02 -3.125339e-01  1.001958e-01
     vertex  3.668803e-02 -3.367200e-01  1.225906e-01
     vertex  2.866426e-02 -3.367375e-01  1.250288e-01
   endloop
 endfacet
 facet normal -1.688959e-01 -7.176151e-01 -6.756499e-01
   outer loop
     vertex  2.516832e-02 -3.125339e-01  1.001958e-01
     vertex  2.866426e-02 -3.367375e-01  1.250288e-01
     vertex  2.038005e-02 -3.367576e-01  1.271210e-01
   endloop
 endfacet
 facet normal -1.892984e-01 -7.054635e-01 -6.829988e-01
   outer loop
     vertex  2.516832e-02 -3.125339e-01  1.001958e-01
     vertex  3.096971e-02 -3.094551e-01  9.540786e-02
     vertex  4.445131e-02 -3.367049e-01  1.198174e-01
   endloop
 endfacet
 facet normal -2.372184e-01 -7.008456e-01 -6.727131e-01
   outer loop
     vertex  2.516832e-02 -3.125339e-01  1.001958e-01
     vertex  2.038005e-02 -3.367576e-01  1.271210e-01
     vertex  1.906665e-02 -3.094836e-01  9.916959e-02
   endloop
 endfacet
 facet normal -2.409640e-01 -6.569401e-01 -7.143991e-01
   outer loop
     vertex  2.516832e-02 -3.125339e-01  1.001958e-01
     vertex  2.510321e-02 -3.094685e-01  9.739895e-02
     vertex  3.096971e-02 -3.094551e-01  9.540786e-02
   endloop
 endfacet
 facet normal -2.095660e-01 -6.614710e-01 -7.200959e-01
   outer loop
     vertex  2.516832e-02 -3.125339e-01  1.001958e-01
     vertex  1.906665e-02 -3.094836e-01  9.916959e-02
     vertex  2.510321e-02 -3.094685e-01  9.739895e-02
   endloop
 endfacet
 facet normal -1.369789e-01 -7.165337e-01 -6.839709e-01
   outer loop
     vertex  8.108487e-03 -3.125836e-01  1.042538e-01
     vertex  2.038005e-02 -3.367576e-01  1.271210e-01
     vertex  1.183544e-02 -3.367803e-01  1.288560e-01
   endloop
 endfacet
 facet normal -1.049140e-01 -7.169238e-01 -6.892121e-01
   outer loop
     vertex  8.108487e-03 -3.125836e-01  1.042538e-01
     vertex  1.183544e-02 -3.367803e-01  1.288560e-01
     vertex  3.030486e-03 -3.368058e-01  1.302228e-01
   endloop
 endfacet
 facet normal -6.979158e-02 -7.039931e-01 -7.067693e-01
   outer loop
     vertex  8.108487e-03 -3.125836e-01  1.042538e-01
     vertex  1.286005e-02 -3.095004e-01  1.007134e-01
     vertex  2.038005e-02 -3.367576e-01  1.271210e-01
   endloop
 endfacet
 facet normal -1.648761e-01 -7.049798e-01 -6.897966e-01
   outer loop
     vertex  8.108487e-03 -3.125836e-01  1.042538e-01
     vertex  3.030486e-03 -3.368058e-01  1.302228e-01
     vertex -6.315996e-05 -3.095391e-01  1.030954e-01
   endloop
 endfacet
 facet normal -1.540454e-01 -6.333809e-01 -7.583526e-01
   outer loop
     vertex  8.108487e-03 -3.125836e-01  1.042538e-01
     vertex  6.483444e-03 -3.095188e-01  1.020242e-01
     vertex  1.286005e-02 -3.095004e-01  1.007134e-01
   endloop
 endfacet
 facet normal -1.240589e-01 -6.259220e-01 -7.699553e-01
   outer loop
     vertex  8.108487e-03 -3.125836e-01  1.042538e-01
     vertex -6.315996e-05 -3.095391e-01  1.030954e-01
     vertex  6.483444e-03 -3.095188e-01  1.020242e-01
   endloop
 endfacet
 facet normal  7.650077e-03 -2.666800e-04 -9.999707e-01
   outer loop
     vertex -3.008618e-02 -3.355511e-01  1.319373e-01
     vertex -2.273564e-02 -3.368911e-01  1.319939e-01
     vertex -3.026596e-02 -3.369188e-01  1.319363e-01
   endloop
 endfacet
 facet normal  9.825309e-01 -1.290471e-01 -1.340887e-01
   outer loop
     vertex -3.008618e-02 -3.355511e-01  1.319373e-01
     vertex -3.026596e-02 -3.369188e-01  1.319363e-01
     vertex -3.038530e-02 -3.096483e-01  1.048166e-01
   endloop
 endfacet
 facet normal -7.310404e-02 -7.184831e-01 -6.916920e-01
   outer loop
     vertex -1.021992e-02 -3.126503e-01  1.065322e-01
     vertex  3.030486e-03 -3.368058e-01  1.302228e-01
     vertex -6.034777e-03 -3.368340e-01  1.312102e-01
   endloop
 endfacet
 facet normal -4.213844e-02 -7.171534e-01 -6.956403e-01
   outer loop
     vertex -1.021992e-02 -3.126503e-01  1.065322e-01
     vertex -6.034777e-03 -3.368340e-01  1.312102e-01
     vertex -1.536030e-02 -3.368651e-01  1.318072e-01
   endloop
 endfacet
 facet normal -9.083259e-02 -7.098119e-01 -6.985102e-01
   outer loop
     vertex -1.021992e-02 -3.126503e-01  1.065322e-01
     vertex -1.536030e-02 -3.368651e-01  1.318072e-01
     vertex -2.072271e-02 -3.096109e-01  1.048093e-01
   endloop
 endfacet
 facet normal -2.298185e-02 -7.064169e-01 -7.074228e-01
   outer loop
     vertex -1.021992e-02 -3.126503e-01  1.065322e-01
     vertex -6.315996e-05 -3.095391e-01  1.030954e-01
     vertex  3.030486e-03 -3.368058e-01  1.302228e-01
   endloop
 endfacet
 facet normal -9.779309e-02 -5.766978e-01 -8.110833e-01
   outer loop
     vertex -1.021992e-02 -3.126503e-01  1.065322e-01
     vertex -6.779734e-03 -3.095612e-01  1.039209e-01
     vertex -6.315996e-05 -3.095391e-01  1.030954e-01
   endloop
 endfacet
 facet normal -6.421090e-02 -6.015548e-01 -7.962467e-01
   outer loop
     vertex -1.021992e-02 -3.126503e-01  1.065322e-01
     vertex -1.366626e-02 -3.095851e-01  1.044944e-01
     vertex -6.779734e-03 -3.095612e-01  1.039209e-01
   endloop
 endfacet
 facet normal -3.421929e-02 -5.797075e-01 -8.141058e-01
   outer loop
     vertex -1.021992e-02 -3.126503e-01  1.065322e-01
     vertex -2.072271e-02 -3.096109e-01  1.048093e-01
     vertex -1.366626e-02 -3.095851e-01  1.044944e-01
   endloop
 endfacet
 facet normal -9.072680e-03 -5.385190e-01 -8.425645e-01
   outer loop
     vertex -2.981747e-02 -3.127355e-01  1.069043e-01
     vertex -2.551633e-02 -3.096291e-01  1.048726e-01
     vertex -2.072271e-02 -3.096109e-01  1.048093e-01
   endloop
 endfacet
 facet normal  8.079148e-02 -7.065417e-01 -7.030445e-01
   outer loop
     vertex -2.981747e-02 -3.127355e-01  1.069043e-01
     vertex -2.072271e-02 -3.096109e-01  1.048093e-01
     vertex -2.273564e-02 -3.368911e-01  1.319939e-01
   endloop
 endfacet
 facet normal -8.263307e-01 -4.117956e-01 -3.841900e-01
   outer loop
     vertex -2.981747e-02 -3.127355e-01  1.069043e-01
     vertex -3.008618e-02 -3.355511e-01  1.319373e-01
     vertex -3.038530e-02 -3.096483e-01  1.048166e-01
   endloop
 endfacet
 facet normal  1.173398e-02 -5.586614e-01 -8.293128e-01
   outer loop
     vertex -2.981747e-02 -3.127355e-01  1.069043e-01
     vertex -3.038530e-02 -3.096483e-01  1.048166e-01
     vertex -2.551633e-02 -3.096291e-01  1.048726e-01
   endloop
 endfacet
 facet normal -1.283427e-01 -7.322831e-01 -6.687971e-01
   outer loop
     vertex -2.981747e-02 -3.127355e-01  1.069043e-01
     vertex -2.273564e-02 -3.368911e-01  1.319939e-01
     vertex -3.008618e-02 -3.355511e-01  1.319373e-01
   endloop
 endfacet
 facet normal -2.243932e-02 -7.064760e-01  7.073812e-01
   outer loop
     vertex -2.532328e-02 -3.239828e-01 -2.334249e-01
     vertex -3.010980e-02 -3.099777e-01 -2.195897e-01
     vertex -2.983013e-02 -3.374580e-01 -2.470259e-01
   endloop
 endfacet
 facet normal  1.211969e-04 -7.027611e-01  7.114259e-01
   outer loop
     vertex -2.532328e-02 -3.239828e-01 -2.334249e-01
     vertex -2.111874e-02 -3.099962e-01 -2.196094e-01
     vertex -3.010980e-02 -3.099777e-01 -2.195897e-01
   endloop
 endfacet
 facet normal -1.088324e-03 -7.102017e-01  7.039975e-01
   outer loop
     vertex -2.532328e-02 -3.239828e-01 -2.334249e-01
     vertex -2.983013e-02 -3.374580e-01 -2.470259e-01
     vertex -1.852612e-02 -3.374786e-01 -2.470292e-01
   endloop
 endfacet
 facet normal -3.265238e-02 -7.022214e-01  7.112095e-01
   outer loop
     vertex -2.015283e-02 -3.239877e-01 -2.333798e-01
     vertex -1.238948e-02 -3.100122e-01 -2.192245e-01
     vertex -2.111874e-02 -3.099962e-01 -2.196094e-01
   endloop
 endfacet
 facet normal -2.423820e-01 -5.631737e-01  7.899914e-01
   outer loop
     vertex -2.015283e-02 -3.239877e-01 -2.333798e-01
     vertex -3.921948e-03 -3.100258e-01 -2.184466e-01
     vertex -9.908308e-03 -3.118520e-01 -2.215852e-01
   endloop
 endfacet
 facet normal -6.816544e-03 -7.116145e-01  7.025371e-01
   outer loop
     vertex -2.015283e-02 -3.239877e-01 -2.333798e-01
     vertex -2.532328e-02 -3.239828e-01 -2.334249e-01
     vertex -1.852612e-02 -3.374786e-01 -2.470292e-01
   endloop
 endfacet
 facet normal -6.893720e-03 -7.016763e-01  7.124625e-01
   outer loop
     vertex -2.015283e-02 -3.239877e-01 -2.333798e-01
     vertex -2.111874e-02 -3.099962e-01 -2.196094e-01
     vertex -2.532328e-02 -3.239828e-01 -2.334249e-01
   endloop
 endfacet
 facet normal -7.280359e-02 -6.878229e-01  7.222183e-01
   outer loop
     vertex -2.015283e-02 -3.239877e-01 -2.333798e-01
     vertex  8.322983e-03 -3.120440e-01 -2.191344e-01
     vertex -3.921948e-03 -3.100258e-01 -2.184466e-01
   endloop
 endfacet
 facet normal -5.185845e-02 -7.167545e-01  6.953947e-01
   outer loop
     vertex -2.015283e-02 -3.239877e-01 -2.333798e-01
     vertex -1.002604e-03 -3.375049e-01 -2.458840e-01
     vertex  6.456891e-03 -3.371297e-01 -2.449411e-01
   endloop
 endfacet
 facet normal -2.132982e-01 -8.089512e-01  5.478156e-01
   outer loop
     vertex -2.015283e-02 -3.239877e-01 -2.333798e-01
     vertex -8.067468e-03 -3.355704e-01 -2.457782e-01
     vertex -1.002604e-03 -3.375049e-01 -2.458840e-01
   endloop
 endfacet
 facet normal -4.955150e-02 -7.143782e-01  6.980032e-01
   outer loop
     vertex -2.015283e-02 -3.239877e-01 -2.333798e-01
     vertex  6.456891e-03 -3.371297e-01 -2.449411e-01
     vertex  8.322983e-03 -3.120440e-01 -2.191344e-01
   endloop
 endfacet
 facet normal  4.482392e-02 -7.078342e-01  7.049550e-01
   outer loop
     vertex -2.015283e-02 -3.239877e-01 -2.333798e-01
     vertex -1.852612e-02 -3.374786e-01 -2.470292e-01
     vertex -8.067468e-03 -3.355704e-01 -2.457782e-01
   endloop
 endfacet
 facet normal  9.544531e-02 -7.340380e-01  6.723678e-01
   outer loop
     vertex -2.015283e-02 -3.239877e-01 -2.333798e-01
     vertex -9.908308e-03 -3.118520e-01 -2.215852e-01
     vertex -1.238948e-02 -3.100122e-01 -2.192245e-01
   endloop
 endfacet
 facet normal -5.453249e-01 -8.367865e-01  4.908252e-02
   outer loop
     vertex  2.159374e-01 -3.201718e-01  5.990516e-01
     vertex  2.024474e-01 -3.096343e-01  6.288215e-01
     vertex  2.112835e-01 -3.177696e-01  5.882988e-01
   endloop
 endfacet
 facet normal -5.247244e-01 -8.489581e-01  6.272585e-02
   outer loop
     vertex  2.210520e-01 -3.225611e-01  6.094988e-01
     vertex  2.024474e-01 -3.096343e-01  6.288215e-01
     vertex  2.159374e-01 -3.201718e-01  5.990516e-01
   endloop
 endfacet
 facet normal -4.522207e-01 -8.588528e-01  2.405584e-01
   outer loop
     vertex  2.266272e-01 -3.249376e-01  6.196402e-01
     vertex  2.082797e-01 -3.098480e-01  6.390226e-01
     vertex  2.024474e-01 -3.096343e-01  6.288215e-01
   endloop
 endfacet
 facet normal -5.110712e-01 -8.557673e-01  8.042699e-02
   outer loop
     vertex  2.266272e-01 -3.249376e-01  6.196402e-01
     vertex  2.024474e-01 -3.096343e-01  6.288215e-01
     vertex  2.210520e-01 -3.225611e-01  6.094988e-01
   endloop
 endfacet
 facet normal -4.796897e-01 -8.283864e-01  2.892641e-01
   outer loop
     vertex  2.326631e-01 -3.273011e-01  6.294760e-01
     vertex  2.144989e-01 -3.099930e-01  6.489207e-01
     vertex  2.082797e-01 -3.098480e-01  6.390226e-01
   endloop
 endfacet
 facet normal -5.418747e-01 -8.298511e-01  1.331128e-01
   outer loop
     vertex  2.326631e-01 -3.273011e-01  6.294760e-01
     vertex  2.082797e-01 -3.098480e-01  6.390226e-01
     vertex  2.266272e-01 -3.249376e-01  6.196402e-01
   endloop
 endfacet
 facet normal -4.999030e-01 -7.974750e-01  3.378322e-01
   outer loop
     vertex  2.391595e-01 -3.296518e-01  6.390061e-01
     vertex  2.211051e-01 -3.100693e-01  6.585159e-01
     vertex  2.144989e-01 -3.099930e-01  6.489207e-01
   endloop
 endfacet
 facet normal -5.652326e-01 -8.034252e-01  1.871365e-01
   outer loop
     vertex  2.391595e-01 -3.296518e-01  6.390061e-01
     vertex  2.144989e-01 -3.099930e-01  6.489207e-01
     vertex  2.326631e-01 -3.273011e-01  6.294760e-01
   endloop
 endfacet
 facet normal -5.133091e-01 -7.666631e-01  3.856703e-01
   outer loop
     vertex  2.461167e-01 -3.319896e-01  6.482305e-01
     vertex  2.280981e-01 -3.100769e-01  6.678082e-01
     vertex  2.211051e-01 -3.100693e-01  6.585159e-01
   endloop
 endfacet
 facet normal -5.814618e-01 -7.768543e-01  2.416600e-01
   outer loop
     vertex  2.461167e-01 -3.319896e-01  6.482305e-01
     vertex  2.211051e-01 -3.100693e-01  6.585159e-01
     vertex  2.391595e-01 -3.296518e-01  6.390061e-01
   endloop
 endfacet
 facet normal -5.204873e-01 -7.363453e-01  4.323060e-01
   outer loop
     vertex  2.535344e-01 -3.343145e-01  6.571492e-01
     vertex  2.354780e-01 -3.100158e-01  6.767975e-01
     vertex  2.280981e-01 -3.100769e-01  6.678082e-01
   endloop
 endfacet
 facet normal -5.910249e-01 -7.504039e-01  2.959452e-01
   outer loop
     vertex  2.535344e-01 -3.343145e-01  6.571492e-01
     vertex  2.280981e-01 -3.100769e-01  6.678082e-01
     vertex  2.461167e-01 -3.319896e-01  6.482305e-01
   endloop
 endfacet
 facet normal -5.136602e-01 -7.178063e-01  4.700078e-01
   outer loop
     vertex  2.583269e-01 -3.357385e-01  6.624843e-01
     vertex  2.432448e-01 -3.098860e-01  6.854839e-01
     vertex  2.354780e-01 -3.100158e-01  6.767975e-01
   endloop
 endfacet
 facet normal -5.984478e-01 -7.232987e-01  3.445274e-01
   outer loop
     vertex  2.583269e-01 -3.357385e-01  6.624843e-01
     vertex  2.354780e-01 -3.100158e-01  6.767975e-01
     vertex  2.535344e-01 -3.343145e-01  6.571492e-01
   endloop
 endfacet
 facet normal -6.048286e-01 -6.964391e-01  3.862059e-01
   outer loop
     vertex  2.632937e-01 -3.371576e-01  6.677038e-01
     vertex  2.432448e-01 -3.098860e-01  6.854839e-01
     vertex  2.583269e-01 -3.357385e-01  6.624843e-01
   endloop
 endfacet
 facet normal -5.591881e-01 -7.003415e-01  4.436557e-01
   outer loop
     vertex  2.632937e-01 -3.371576e-01  6.677038e-01
     vertex  2.508448e-01 -3.100228e-01  6.948472e-01
     vertex  2.432448e-01 -3.098860e-01  6.854839e-01
   endloop
 endfacet
 facet normal -5.320498e-01 -7.082505e-01  4.640089e-01
   outer loop
     vertex  2.632937e-01 -3.371576e-01  6.677038e-01
     vertex  2.588043e-01 -3.101060e-01  7.038469e-01
     vertex  2.508448e-01 -3.100228e-01  6.948472e-01
   endloop
 endfacet
 facet normal -4.996678e-01 -7.218309e-01  4.788446e-01
   outer loop
     vertex  2.982955e-01 -3.369503e-01  7.045891e-01
     vertex  2.671232e-01 -3.101355e-01  7.124831e-01
     vertex  2.588043e-01 -3.101060e-01  7.038469e-01
   endloop
 endfacet
 facet normal -4.834791e-01 -7.119669e-01  5.092652e-01
   outer loop
     vertex  2.982955e-01 -3.369503e-01  7.045891e-01
     vertex  2.758015e-01 -3.101113e-01  7.207557e-01
     vertex  2.671232e-01 -3.101355e-01  7.124831e-01
   endloop
 endfacet
 facet normal -4.613485e-01 -7.084082e-01  5.341493e-01
   outer loop
     vertex  2.982955e-01 -3.369503e-01  7.045891e-01
     vertex  2.848392e-01 -3.100334e-01  7.286649e-01
     vertex  2.758015e-01 -3.101113e-01  7.207557e-01
   endloop
 endfacet
 facet normal -4.339406e-01 -7.114014e-01  5.528143e-01
   outer loop
     vertex  2.982955e-01 -3.369503e-01  7.045891e-01
     vertex  2.942363e-01 -3.099019e-01  7.362106e-01
     vertex  2.848392e-01 -3.100334e-01  7.286649e-01
   endloop
 endfacet
 facet normal -4.998136e-01 -7.220591e-01  4.783481e-01
   outer loop
     vertex  2.982955e-01 -3.369503e-01  7.045891e-01
     vertex  2.588043e-01 -3.101060e-01  7.038469e-01
     vertex  2.632937e-01 -3.371576e-01  6.677038e-01
   endloop
 endfacet
 facet normal  3.224135e-01 -6.984972e-01  6.388671e-01
   outer loop
     vertex  2.942363e-01 -3.099019e-01  7.362106e-01
     vertex  2.982955e-01 -3.369503e-01  7.045891e-01
     vertex  3.034906e-01 -3.370461e-01  7.018625e-01
   endloop
 endfacet
 facet normal  2.895619e-01 -7.030305e-01  6.495398e-01
   outer loop
     vertex  3.410196e-01 -3.097290e-01  7.146990e-01
     vertex  3.034906e-01 -3.370461e-01  7.018625e-01
     vertex  3.088027e-01 -3.371429e-01  6.993896e-01
   endloop
 endfacet
 facet normal  2.639951e-01 -6.878441e-01  6.761487e-01
   outer loop
     vertex  3.410196e-01 -3.097290e-01  7.146990e-01
     vertex  3.088027e-01 -3.371429e-01  6.993896e-01
     vertex  3.142318e-01 -3.372407e-01  6.971705e-01
   endloop
 endfacet
 facet normal  2.969142e-01 -7.086628e-01  6.400305e-01
   outer loop
     vertex  3.410196e-01 -3.097290e-01  7.146990e-01
     vertex  2.942363e-01 -3.099019e-01  7.362106e-01
     vertex  3.034906e-01 -3.370461e-01  7.018625e-01
   endloop
 endfacet
 facet normal  9.084607e-01 -3.711528e-01 -1.922104e-01
   outer loop
     vertex  3.214189e-01 -3.095315e-01  5.762733e-01
     vertex  3.041634e-01 -3.462782e-01  5.656742e-01
     vertex  3.005535e-01 -3.478929e-01  5.517303e-01
   endloop
 endfacet
 facet normal  9.110517e-01 -3.860977e-01 -1.446148e-01
   outer loop
     vertex  3.214189e-01 -3.095315e-01  5.762733e-01
     vertex  3.070707e-01 -3.446712e-01  5.796990e-01
     vertex  3.041634e-01 -3.462782e-01  5.656742e-01
   endloop
 endfacet
 facet normal  9.177272e-01 -3.844586e-01 -9.984152e-02
   outer loop
     vertex  3.214189e-01 -3.095315e-01  5.762733e-01
     vertex  3.092752e-01 -3.430719e-01  5.938045e-01
     vertex  3.070707e-01 -3.446712e-01  5.796990e-01
   endloop
 endfacet
 facet normal  8.545751e-01 -5.183212e-01 -3.232047e-02
   outer loop
     vertex  3.300632e-01 -3.098231e-01  6.102459e-01
     vertex  3.107771e-01 -3.414803e-01  6.079909e-01
     vertex  3.092752e-01 -3.430719e-01  5.938045e-01
   endloop
 endfacet
 facet normal  8.536408e-01 -5.207662e-01  9.995555e-03
   outer loop
     vertex  3.300632e-01 -3.098231e-01  6.102459e-01
     vertex  3.115763e-01 -3.398964e-01  6.222581e-01
     vertex  3.107771e-01 -3.414803e-01  6.079909e-01
   endloop
 endfacet
 facet normal  8.722954e-01 -4.337845e-01 -2.256807e-01
   outer loop
     vertex  3.300632e-01 -3.098231e-01  6.102459e-01
     vertex  3.092752e-01 -3.430719e-01  5.938045e-01
     vertex  3.214189e-01 -3.095315e-01  5.762733e-01
   endloop
 endfacet
 facet normal  7.090085e-01 -6.984539e-01  9.730890e-02
   outer loop
     vertex  3.202789e-01 -3.283391e-01  6.452647e-01
     vertex  3.113468e-01 -3.372736e-01  6.462163e-01
     vertex  3.117056e-01 -3.385823e-01  6.342091e-01
   endloop
 endfacet
 facet normal  7.236313e-01 -6.868588e-01  6.769602e-02
   outer loop
     vertex  3.290951e-01 -3.192308e-01  6.446697e-01
     vertex  3.117056e-01 -3.385823e-01  6.342091e-01
     vertex  3.115763e-01 -3.398964e-01  6.222581e-01
   endloop
 endfacet
 facet normal  7.187820e-01 -6.903558e-01  8.222676e-02
   outer loop
     vertex  3.290951e-01 -3.192308e-01  6.446697e-01
     vertex  3.202789e-01 -3.283391e-01  6.452647e-01
     vertex  3.117056e-01 -3.385823e-01  6.342091e-01
   endloop
 endfacet
 facet normal  8.210002e-01 -5.561843e-01 -1.289099e-01
   outer loop
     vertex  3.290951e-01 -3.192308e-01  6.446697e-01
     vertex  3.115763e-01 -3.398964e-01  6.222581e-01
     vertex  3.300632e-01 -3.098231e-01  6.102459e-01
   endloop
 endfacet
 facet normal  7.175181e-01 -6.767696e-01 -1.647748e-01
   outer loop
     vertex  3.377955e-01 -3.099486e-01  6.444313e-01
     vertex  3.290951e-01 -3.192308e-01  6.446697e-01
     vertex  3.300632e-01 -3.098231e-01  6.102459e-01
   endloop
 endfacet
 facet normal  7.276774e-01 -6.835294e-01 -5.721149e-02
   outer loop
     vertex  3.399287e-01 -3.096338e-01  6.678037e-01
     vertex  3.290951e-01 -3.192308e-01  6.446697e-01
     vertex  3.377955e-01 -3.099486e-01  6.444313e-01
   endloop
 endfacet
 facet normal  7.044481e-01 -7.085900e-01 -4.065827e-02
   outer loop
     vertex  3.269969e-01 -3.238022e-01  6.825916e-01
     vertex  3.113468e-01 -3.372736e-01  6.462163e-01
     vertex  3.202789e-01 -3.283391e-01  6.452647e-01
   endloop
 endfacet
 facet normal  7.163830e-01 -6.962994e-01 -4.430011e-02
   outer loop
     vertex  3.269969e-01 -3.238022e-01  6.825916e-01
     vertex  3.202789e-01 -3.283391e-01  6.452647e-01
     vertex  3.290951e-01 -3.192308e-01  6.446697e-01
   endloop
 endfacet
 facet normal  7.219463e-01 -6.912558e-01 -3.096598e-02
   outer loop
     vertex  3.269969e-01 -3.238022e-01  6.825916e-01
     vertex  3.399287e-01 -3.096338e-01  6.678037e-01
     vertex  3.410034e-01 -3.095606e-01  6.912263e-01
   endloop
 endfacet
 facet normal  7.028209e-01 -7.102786e-01 -3.933283e-02
   outer loop
     vertex  3.269969e-01 -3.238022e-01  6.825916e-01
     vertex  3.142318e-01 -3.372407e-01  6.971705e-01
     vertex  3.113468e-01 -3.372736e-01  6.462163e-01
   endloop
 endfacet
 facet normal  7.142036e-01 -6.985100e-01 -4.468718e-02
   outer loop
     vertex  3.269969e-01 -3.238022e-01  6.825916e-01
     vertex  3.290951e-01 -3.192308e-01  6.446697e-01
     vertex  3.399287e-01 -3.096338e-01  6.678037e-01
   endloop
 endfacet
 facet normal  7.232607e-01 -6.905536e-01 -5.452782e-03
   outer loop
     vertex  3.275380e-01 -3.236876e-01  6.942359e-01
     vertex  3.410034e-01 -3.095606e-01  6.912263e-01
     vertex  3.410196e-01 -3.097290e-01  7.146990e-01
   endloop
 endfacet
 facet normal  7.142911e-01 -6.998159e-01  6.774845e-03
   outer loop
     vertex  3.275380e-01 -3.236876e-01  6.942359e-01
     vertex  3.410196e-01 -3.097290e-01  7.146990e-01
     vertex  3.142318e-01 -3.372407e-01  6.971705e-01
   endloop
 endfacet
 facet normal  7.105013e-01 -7.032120e-01 -2.609414e-02
   outer loop
     vertex  3.275380e-01 -3.236876e-01  6.942359e-01
     vertex  3.142318e-01 -3.372407e-01  6.971705e-01
     vertex  3.269969e-01 -3.238022e-01  6.825916e-01
   endloop
 endfacet
 facet normal  7.207501e-01 -6.926816e-01 -2.667405e-02
   outer loop
     vertex  3.275380e-01 -3.236876e-01  6.942359e-01
     vertex  3.269969e-01 -3.238022e-01  6.825916e-01
     vertex  3.410034e-01 -3.095606e-01  6.912263e-01
   endloop
 endfacet
 facet normal  4.825420e-02  9.979016e-01  4.317403e-02
   outer loop
     vertex  1.474531e-01 -3.267020e-01 -6.070069e-01
     vertex -4.861034e-01 -3.198013e-01 -5.840257e-02
     vertex  8.886658e-02 -3.292565e-01 -4.824842e-01
   endloop
 endfacet
 facet normal  4.383063e-03 -9.995919e-01  2.822928e-02
   outer loop
     vertex  8.886658e-02 -3.292565e-01 -4.824842e-01
     vertex -4.861034e-01 -3.198013e-01 -5.840257e-02
     vertex  7.233707e-02 -3.294265e-01 -4.859388e-01
   endloop
 endfacet
 facet normal -4.029674e-02 -9.987328e-01 -3.015004e-02
   outer loop
     vertex  7.233707e-02 -3.294265e-01 -4.859388e-01
     vertex -4.861034e-01 -3.198013e-01 -5.840257e-02
     vertex  1.128658e-01 -3.229038e-01 -7.561769e-01
   endloop
 endfacet
 facet normal  5.084331e-02  9.979368e-01  3.920676e-02
   outer loop
     vertex  1.128658e-01 -3.229038e-01 -7.561769e-01
     vertex -4.861034e-01 -3.198013e-01 -5.840257e-02
     vertex  4.177708e-02 -3.297036e-01 -4.909125e-01
   endloop
 endfacet
 facet normal  4.516067e-03 -9.995865e-01  2.839741e-02
   outer loop
     vertex  4.177708e-02 -3.297036e-01 -4.909125e-01
     vertex -4.861034e-01 -3.198013e-01 -5.840257e-02
     vertex  2.776204e-02 -3.298142e-01 -4.925779e-01
   endloop
 endfacet
 facet normal  4.781093e-03 -9.995763e-01  2.871085e-02
   outer loop
     vertex  2.776204e-02 -3.298142e-01 -4.925779e-01
     vertex -4.861034e-01 -3.198013e-01 -5.840257e-02
     vertex -4.848671e-01 -3.200458e-01 -6.712313e-02
   endloop
 endfacet
 facet normal  4.791373e-03 -9.995759e-01  2.872322e-02
   outer loop
     vertex  2.776204e-02 -3.298142e-01 -4.925779e-01
     vertex -4.848671e-01 -3.200458e-01 -6.712313e-02
     vertex -4.835097e-01 -3.202886e-01 -7.579863e-02
   endloop
 endfacet
 facet normal  4.801007e-03 -9.995755e-01  2.873503e-02
   outer loop
     vertex  2.776204e-02 -3.298142e-01 -4.925779e-01
     vertex -4.835097e-01 -3.202886e-01 -7.579863e-02
     vertex -4.820321e-01 -3.205296e-01 -8.442720e-02
   endloop
 endfacet
 facet normal  4.810008e-03 -9.995752e-01  2.874627e-02
   outer loop
     vertex  2.776204e-02 -3.298142e-01 -4.925779e-01
     vertex -4.820321e-01 -3.205296e-01 -8.442720e-02
     vertex -4.804349e-01 -3.207686e-01 -9.300695e-02
   endloop
 endfacet
 facet normal  4.566041e-03 -9.995852e-01  2.843620e-02
   outer loop
     vertex  2.776204e-02 -3.298142e-01 -4.925779e-01
     vertex -4.804349e-01 -3.207686e-01 -9.300695e-02
     vertex  6.104254e-03 -3.299645e-01 -4.943843e-01
   endloop
 endfacet
 facet normal  4.621574e-03 -9.995830e-01  2.850347e-02
   outer loop
     vertex  6.104254e-03 -3.299645e-01 -4.943843e-01
     vertex -4.804349e-01 -3.207686e-01 -9.300695e-02
     vertex -1.543785e-02 -3.300887e-01 -4.952467e-01
   endloop
 endfacet
 facet normal  4.674289e-03 -9.995810e-01  2.856436e-02
   outer loop
     vertex -1.543785e-02 -3.300887e-01 -4.952467e-01
     vertex -4.804349e-01 -3.207686e-01 -9.300695e-02
     vertex -3.683378e-02 -3.301864e-01 -4.951651e-01
   endloop
 endfacet
 facet normal  4.860809e-03 -9.995742e-01  2.876994e-02
   outer loop
     vertex -3.683378e-02 -3.301864e-01 -4.951651e-01
     vertex -4.804349e-01 -3.207686e-01 -9.300695e-02
     vertex -4.768854e-01 -3.212408e-01 -1.100126e-01
   endloop
 endfacet
 facet normal  4.875541e-03 -9.995737e-01  2.878676e-02
   outer loop
     vertex -3.683378e-02 -3.301864e-01 -4.951651e-01
     vertex -4.768854e-01 -3.212408e-01 -1.100126e-01
     vertex -4.746678e-01 -3.215045e-01 -1.195448e-01
   endloop
 endfacet
 facet normal -1.660988e-02 -9.998550e-01  3.749231e-03
   outer loop
     vertex -3.683378e-02 -3.301864e-01 -4.951651e-01
     vertex -4.746678e-01 -3.215045e-01 -1.195448e-01
     vertex -6.947714e-01 -3.179739e-01 -1.530938e-01
   endloop
 endfacet
 facet normal  5.579762e-03 -9.989076e-01  4.639482e-02
   outer loop
     vertex -3.683378e-02 -3.301864e-01 -4.951651e-01
     vertex -6.947714e-01 -3.179739e-01 -1.530938e-01
     vertex -5.805353e-02 -3.302574e-01 -4.941408e-01
   endloop
 endfacet
 facet normal  1.882924e-02  9.998223e-01 -8.573834e-04
   outer loop
     vertex -5.805353e-02 -3.302574e-01 -4.941408e-01
     vertex -6.947714e-01 -3.179739e-01 -1.530938e-01
     vertex -4.674417e-01 -3.222495e-01 -1.466235e-01
   endloop
 endfacet
 facet normal  4.769035e-03 -9.995781e-01  2.865138e-02
   outer loop
     vertex -5.805353e-02 -3.302574e-01 -4.941408e-01
     vertex -4.674417e-01 -3.222495e-01 -1.466235e-01
     vertex -7.906756e-02 -3.303013e-01 -4.921764e-01
   endloop
 endfacet
 facet normal  4.934688e-03 -9.995719e-01  2.883742e-02
   outer loop
     vertex -7.906756e-02 -3.303013e-01 -4.921764e-01
     vertex -4.674417e-01 -3.222495e-01 -1.466235e-01
     vertex -4.620657e-01 -3.227232e-01 -1.639601e-01
   endloop
 endfacet
 facet normal  4.811370e-03 -9.995767e-01  2.869363e-02
   outer loop
     vertex -7.906756e-02 -3.303013e-01 -4.921764e-01
     vertex -4.620657e-01 -3.227232e-01 -1.639601e-01
     vertex -9.984679e-02 -3.303181e-01 -4.892754e-01
   endloop
 endfacet
 facet normal -2.336783e-02 -9.997233e-01 -2.678780e-03
   outer loop
     vertex -9.984679e-02 -3.303181e-01 -4.892754e-01
     vertex -4.620657e-01 -3.227232e-01 -1.639601e-01
     vertex -6.830970e-01 -3.173741e-01 -2.321037e-01
   endloop
 endfacet
 facet normal  1.536129e-02 -9.962640e-01  8.498246e-02
   outer loop
     vertex -9.984679e-02 -3.303181e-01 -4.892754e-01
     vertex -6.830970e-01 -3.173741e-01 -2.321037e-01
     vertex -1.203626e-01 -3.303075e-01 -4.854425e-01
   endloop
 endfacet
 facet normal  2.111546e-02 -9.949920e-01  9.769909e-02
   outer loop
     vertex -1.203626e-01 -3.303075e-01 -4.854425e-01
     vertex -6.830970e-01 -3.173741e-01 -2.321037e-01
     vertex -1.405870e-01 -3.302694e-01 -4.806834e-01
   endloop
 endfacet
 facet normal  3.024537e-02 -9.926121e-01  1.175011e-01
   outer loop
     vertex -1.405870e-01 -3.302694e-01 -4.806834e-01
     vertex -6.830970e-01 -3.173741e-01 -2.321037e-01
     vertex -1.604921e-01 -3.302037e-01 -4.750052e-01
   endloop
 endfacet
 facet normal  4.674213e-02 -9.871656e-01  1.527064e-01
   outer loop
     vertex -1.604921e-01 -3.302037e-01 -4.750052e-01
     vertex -6.830970e-01 -3.173741e-01 -2.321037e-01
     vertex -1.800510e-01 -3.301105e-01 -4.684158e-01
   endloop
 endfacet
 facet normal  8.466091e-02 -9.689186e-01  2.324420e-01
   outer loop
     vertex -1.800510e-01 -3.301105e-01 -4.684158e-01
     vertex -6.830970e-01 -3.173741e-01 -2.321037e-01
     vertex -1.992368e-01 -3.299898e-01 -4.609245e-01
   endloop
 endfacet
 facet normal  2.377001e-01 -8.027485e-01  5.468944e-01
   outer loop
     vertex -1.992368e-01 -3.299898e-01 -4.609245e-01
     vertex -6.830970e-01 -3.173741e-01 -2.321037e-01
     vertex -2.180233e-01 -3.298415e-01 -4.525417e-01
   endloop
 endfacet
 facet normal  2.485852e-01  8.431453e-01  4.767719e-01
   outer loop
     vertex -2.180233e-01 -3.298415e-01 -4.525417e-01
     vertex -6.830970e-01 -3.173741e-01 -2.321037e-01
     vertex -2.363848e-01 -3.296659e-01 -4.432786e-01
   endloop
 endfacet
 facet normal  1.076850e-01  9.794062e-01  1.707849e-01
   outer loop
     vertex -2.363848e-01 -3.296659e-01 -4.432786e-01
     vertex -6.830970e-01 -3.173741e-01 -2.321037e-01
     vertex -2.542960e-01 -3.294632e-01 -4.331480e-01
   endloop
 endfacet
 facet normal  2.749798e-02  9.996208e-01 -1.458900e-03
   outer loop
     vertex -2.542960e-01 -3.294632e-01 -4.331480e-01
     vertex -6.830970e-01 -3.173741e-01 -2.321037e-01
     vertex -4.467801e-01 -3.238354e-01 -2.051035e-01
   endloop
 endfacet
 facet normal  5.056847e-03 -9.995685e-01  2.893595e-02
   outer loop
     vertex -2.542960e-01 -3.294632e-01 -4.331480e-01
     vertex -4.467801e-01 -3.238354e-01 -2.051035e-01
     vertex -2.717321e-01 -3.292334e-01 -4.221634e-01
   endloop
 endfacet
 facet normal  5.019265e-03 -9.995695e-01  2.890567e-02
   outer loop
     vertex -2.717321e-01 -3.292334e-01 -4.221634e-01
     vertex -4.467801e-01 -3.238354e-01 -2.051035e-01
     vertex -4.363579e-01 -3.244598e-01 -2.285034e-01
   endloop
 endfacet
 facet normal  5.070101e-03 -9.995680e-01  2.894885e-02
   outer loop
     vertex -2.717321e-01 -3.292334e-01 -4.221634e-01
     vertex -4.363579e-01 -3.244598e-01 -2.285034e-01
     vertex -2.886687e-01 -3.289769e-01 -4.103398e-01
   endloop
 endfacet
 facet normal  5.041046e-03 -9.995689e-01  2.892527e-02
   outer loop
     vertex -2.886687e-01 -3.289769e-01 -4.103398e-01
     vertex -4.363579e-01 -3.244598e-01 -2.285034e-01
     vertex -4.249423e-01 -3.250576e-01 -2.511533e-01
   endloop
 endfacet
 facet normal  5.060168e-03 -9.995683e-01  2.894163e-02
   outer loop
     vertex -2.886687e-01 -3.289769e-01 -4.103398e-01
     vertex -4.249423e-01 -3.250576e-01 -2.511533e-01
     vertex -4.152876e-01 -3.255083e-01 -2.684069e-01
   endloop
 endfacet
 facet normal -6.667789e-02 -9.971565e-01 -3.511513e-02
   outer loop
     vertex -2.886687e-01 -3.289769e-01 -4.103398e-01
     vertex -4.152876e-01 -3.255083e-01 -2.684069e-01
     vertex -6.263322e-01 -3.070328e-01 -3.923131e-01
   endloop
 endfacet
 facet normal  9.051390e-03 -9.995537e-01  2.846832e-02
   outer loop
     vertex -4.916481e-01 -3.172712e-01  3.084878e-02
     vertex  3.283999e-01 -2.943942e-01  5.733514e-01
     vertex -4.915051e-01 -3.170111e-01  3.993378e-02
   endloop
 endfacet
 facet normal -5.454353e-01  5.751015e-03  8.381332e-01
   outer loop
     vertex -4.915051e-01 -3.170111e-01  3.993378e-02
     vertex  3.283999e-01 -2.943942e-01  5.733514e-01
     vertex  3.283983e-01 -2.931841e-01  5.733420e-01
   endloop
 endfacet
 facet normal -6.649841e-02 -9.972862e-01 -3.159538e-02
   outer loop
     vertex -2.886687e-01 -3.289769e-01 -4.103398e-01
     vertex -6.263322e-01 -3.070328e-01 -3.923131e-01
     vertex -4.902893e-01 -3.100188e-01 -5.843889e-01
   endloop
 endfacet
 facet normal  6.873346e-02  9.970831e-01  3.318157e-02
   outer loop
     vertex -4.902893e-01 -3.100188e-01 -5.843889e-01
     vertex -6.263322e-01 -3.070328e-01 -3.923131e-01
     vertex -3.192685e-01 -3.284193e-01 -3.857256e-01
   endloop
 endfacet
 facet normal  6.829770e-02  9.963541e-01  5.112671e-02
   outer loop
     vertex -3.192685e-01 -3.284193e-01 -3.857256e-01
     vertex -6.263322e-01 -3.070328e-01 -3.923131e-01
     vertex -3.330033e-01 -3.281242e-01 -3.731291e-01
   endloop
 endfacet
 facet normal  6.874235e-02  9.966353e-01  4.463711e-02
   outer loop
     vertex -3.330033e-01 -3.281242e-01 -3.731291e-01
     vertex -6.263322e-01 -3.070328e-01 -3.923131e-01
     vertex -3.488662e-01 -3.277434e-01 -3.572021e-01
   endloop
 endfacet
 facet normal  7.026499e-02  9.969885e-01  3.281274e-02
   outer loop
     vertex -3.488662e-01 -3.277434e-01 -3.572021e-01
     vertex -6.263322e-01 -3.070328e-01 -3.923131e-01
     vertex -3.921460e-01 -3.264323e-01 -3.043594e-01
   endloop
 endfacet
 facet normal  1.061077e-02 -9.995420e-01  2.833913e-02
   outer loop
     vertex -4.915051e-01 -3.170111e-01  3.993378e-02
     vertex  3.283983e-01 -2.931841e-01  5.733420e-01
     vertex -4.912326e-01 -3.167501e-01  4.903943e-02
   endloop
 endfacet
 facet normal -5.389720e-01  5.769582e-03  8.423039e-01
   outer loop
     vertex -4.912326e-01 -3.167501e-01  4.903943e-02
     vertex  3.283983e-01 -2.931841e-01  5.733420e-01
     vertex  3.283967e-01 -2.919739e-01  5.733327e-01
   endloop
 endfacet
 facet normal  5.088089e-03 -9.995674e-01  2.896778e-02
   outer loop
     vertex -3.488662e-01 -3.277434e-01 -3.572021e-01
     vertex -3.921460e-01 -3.264323e-01 -3.043594e-01
     vertex -3.784637e-01 -3.268968e-01 -3.227901e-01
   endloop
 endfacet
 facet normal -5.389716e-01  5.747218e-03  8.423043e-01
   outer loop
     vertex -4.912326e-01 -3.167501e-01  4.903943e-02
     vertex  3.283967e-01 -2.919739e-01  5.733327e-01
     vertex  3.283951e-01 -2.907637e-01  5.733234e-01
   endloop
 endfacet
 facet normal  5.096199e-03 -9.995672e-01  2.897475e-02
   outer loop
     vertex -3.488662e-01 -3.277434e-01 -3.572021e-01
     vertex -3.784637e-01 -3.268968e-01 -3.227901e-01
     vertex -3.640285e-01 -3.273340e-01 -3.404136e-01
   endloop
 endfacet
 facet normal -7.466266e-02 -9.833855e-01  1.654641e-01
   outer loop
     vertex -4.912326e-01 -3.167501e-01  4.903943e-02
     vertex  3.283951e-01 -2.907637e-01  5.733234e-01
     vertex  1.687194e-01 -2.713478e-01  6.166656e-01
   endloop
 endfacet
 facet normal  2.628267e-01  7.723747e-03  9.648121e-01
   outer loop
     vertex  1.687194e-01 -2.713478e-01  6.166656e-01
     vertex  3.283951e-01 -2.907637e-01  5.733234e-01
     vertex  3.283935e-01 -2.895536e-01  5.733142e-01
   endloop
 endfacet
 facet normal  4.577409e-02 -9.985961e-01  2.665460e-02
   outer loop
     vertex -4.912326e-01 -3.167501e-01  4.903943e-02
     vertex  1.687194e-01 -2.713478e-01  6.166656e-01
     vertex -4.908299e-01 -3.164881e-01  5.816357e-02
   endloop
 endfacet
 facet normal  4.631467e-02 -9.985881e-01  2.601555e-02
   outer loop
     vertex -4.908299e-01 -3.164881e-01  5.816357e-02
     vertex  1.687194e-01 -2.713478e-01  6.166656e-01
     vertex -4.902964e-01 -3.162252e-01  6.730400e-02
   endloop
 endfacet
 facet normal  4.686227e-02 -9.985794e-01  2.535795e-02
   outer loop
     vertex -4.902964e-01 -3.162252e-01  6.730400e-02
     vertex  1.687194e-01 -2.713478e-01  6.166656e-01
     vertex -4.896315e-01 -3.159615e-01  7.645851e-02
   endloop
 endfacet
 facet normal  4.741714e-02 -9.985702e-01  2.468096e-02
   outer loop
     vertex -4.896315e-01 -3.159615e-01  7.645851e-02
     vertex  1.687194e-01 -2.713478e-01  6.166656e-01
     vertex -4.888345e-01 -3.156971e-01  8.562486e-02
   endloop
 endfacet
 facet normal  4.797956e-02 -9.985603e-01  2.398373e-02
   outer loop
     vertex -4.888345e-01 -3.156971e-01  8.562486e-02
     vertex  1.687194e-01 -2.713478e-01  6.166656e-01
     vertex -4.879048e-01 -3.154320e-01  9.480080e-02
   endloop
 endfacet
 facet normal  4.854981e-02 -9.985498e-01  2.326534e-02
   outer loop
     vertex -4.879048e-01 -3.154320e-01  9.480080e-02
     vertex  1.687194e-01 -2.713478e-01  6.166656e-01
     vertex -4.868418e-01 -3.151664e-01  1.039841e-01
   endloop
 endfacet
 facet normal  4.912818e-02 -9.985385e-01  2.252482e-02
   outer loop
     vertex -4.868418e-01 -3.151664e-01  1.039841e-01
     vertex  1.687194e-01 -2.713478e-01  6.166656e-01
     vertex -4.856449e-01 -3.149003e-01  1.131723e-01
   endloop
 endfacet
 facet normal  4.971498e-02 -9.985264e-01  2.176114e-02
   outer loop
     vertex -4.856449e-01 -3.149003e-01  1.131723e-01
     vertex  1.687194e-01 -2.713478e-01  6.166656e-01
     vertex -4.843136e-01 -3.146337e-01  1.223633e-01
   endloop
 endfacet
 facet normal  5.031053e-02 -9.985134e-01  2.097321e-02
   outer loop
     vertex -4.843136e-01 -3.146337e-01  1.223633e-01
     vertex  1.687194e-01 -2.713478e-01  6.166656e-01
     vertex -4.828472e-01 -3.143667e-01  1.315546e-01
   endloop
 endfacet
 facet normal  5.091516e-02 -9.984995e-01  2.015988e-02
   outer loop
     vertex -4.828472e-01 -3.143667e-01  1.315546e-01
     vertex  1.687194e-01 -2.713478e-01  6.166656e-01
     vertex -4.812452e-01 -3.140995e-01  1.407438e-01
   endloop
 endfacet
 facet normal  5.152922e-02 -9.984846e-01  1.931992e-02
   outer loop
     vertex -4.812452e-01 -3.140995e-01  1.407438e-01
     vertex  1.687194e-01 -2.713478e-01  6.166656e-01
     vertex -4.795070e-01 -3.138321e-01  1.499287e-01
   endloop
 endfacet
 facet normal  5.215306e-02 -9.984686e-01  1.845205e-02
   outer loop
     vertex -4.795070e-01 -3.138321e-01  1.499287e-01
     vertex  1.687194e-01 -2.713478e-01  6.166656e-01
     vertex -4.776321e-01 -3.135645e-01  1.591068e-01
   endloop
 endfacet
 facet normal  5.278707e-02 -9.984515e-01  1.755486e-02
   outer loop
     vertex -4.776321e-01 -3.135645e-01  1.591068e-01
     vertex  1.687194e-01 -2.713478e-01  6.166656e-01
     vertex -4.756199e-01 -3.132969e-01  1.682756e-01
   endloop
 endfacet
 facet normal  5.343163e-02 -9.984331e-01  1.662690e-02
   outer loop
     vertex -4.756199e-01 -3.132969e-01  1.682756e-01
     vertex  1.687194e-01 -2.713478e-01  6.166656e-01
     vertex -4.734699e-01 -3.130294e-01  1.774328e-01
   endloop
 endfacet
 facet normal  5.408715e-02 -9.984133e-01  1.566661e-02
   outer loop
     vertex -4.734699e-01 -3.130294e-01  1.774328e-01
     vertex  1.687194e-01 -2.713478e-01  6.166656e-01
     vertex -4.711816e-01 -3.127620e-01  1.865757e-01
   endloop
 endfacet
 facet normal  5.475406e-02 -9.983921e-01  1.467232e-02
   outer loop
     vertex -4.711816e-01 -3.127620e-01  1.865757e-01
     vertex  1.687194e-01 -2.713478e-01  6.166656e-01
     vertex -4.687545e-01 -3.124947e-01  1.957021e-01
   endloop
 endfacet
 facet normal  5.526038e-02 -9.983752e-01  1.390393e-02
   outer loop
     vertex -4.687545e-01 -3.124947e-01  1.957021e-01
     vertex  1.687194e-01 -2.713478e-01  6.166656e-01
     vertex -4.674887e-01 -3.123612e-01  2.002582e-01
   endloop
 endfacet
 facet normal  5.560275e-02 -9.983633e-01  1.337967e-02
   outer loop
     vertex -4.674887e-01 -3.123612e-01  2.002582e-01
     vertex  1.687194e-01 -2.713478e-01  6.166656e-01
     vertex -4.661880e-01 -3.122278e-01  2.048093e-01
   endloop
 endfacet
 facet normal  5.594823e-02 -9.983510e-01  1.284586e-02
   outer loop
     vertex -4.661880e-01 -3.122278e-01  2.048093e-01
     vertex  1.687194e-01 -2.713478e-01  6.166656e-01
     vertex -4.648523e-01 -3.120944e-01  2.093549e-01
   endloop
 endfacet
 facet normal  5.629688e-02 -9.983383e-01  1.230227e-02
   outer loop
     vertex -4.648523e-01 -3.120944e-01  2.093549e-01
     vertex  1.687194e-01 -2.713478e-01  6.166656e-01
     vertex -4.634816e-01 -3.119612e-01  2.138948e-01
   endloop
 endfacet
 facet normal  5.664874e-02 -9.983250e-01  1.174864e-02
   outer loop
     vertex -4.634816e-01 -3.119612e-01  2.138948e-01
     vertex  1.687194e-01 -2.713478e-01  6.166656e-01
     vertex -4.620759e-01 -3.118281e-01  2.184286e-01
   endloop
 endfacet
 facet normal  5.700390e-02 -9.983113e-01  1.118469e-02
   outer loop
     vertex -4.620759e-01 -3.118281e-01  2.184286e-01
     vertex  1.687194e-01 -2.713478e-01  6.166656e-01
     vertex -4.606349e-01 -3.116951e-01  2.229560e-01
   endloop
 endfacet
 facet normal  5.736241e-02 -9.982970e-01  1.061014e-02
   outer loop
     vertex -4.606349e-01 -3.116951e-01  2.229560e-01
     vertex  1.687194e-01 -2.713478e-01  6.166656e-01
     vertex -4.591588e-01 -3.115622e-01  2.274768e-01
   endloop
 endfacet
 facet normal  5.772434e-02 -9.982822e-01  1.002471e-02
   outer loop
     vertex -4.591588e-01 -3.115622e-01  2.274768e-01
     vertex  1.687194e-01 -2.713478e-01  6.166656e-01
     vertex -4.576474e-01 -3.114295e-01  2.319904e-01
   endloop
 endfacet
 facet normal  5.808975e-02 -9.982668e-01  9.428104e-03
   outer loop
     vertex -4.576474e-01 -3.114295e-01  2.319904e-01
     vertex  1.687194e-01 -2.713478e-01  6.166656e-01
     vertex -4.561007e-01 -3.112969e-01  2.364968e-01
   endloop
 endfacet
 facet normal  5.845872e-02 -9.982509e-01  8.820010e-03
   outer loop
     vertex -4.561007e-01 -3.112969e-01  2.364968e-01
     vertex  1.687194e-01 -2.713478e-01  6.166656e-01
     vertex -4.545187e-01 -3.111645e-01  2.409954e-01
   endloop
 endfacet
 facet normal  5.883132e-02 -9.982343e-01  8.200111e-03
   outer loop
     vertex -4.545187e-01 -3.111645e-01  2.409954e-01
     vertex  1.687194e-01 -2.713478e-01  6.166656e-01
     vertex -4.529011e-01 -3.110323e-01  2.454861e-01
   endloop
 endfacet
 facet normal  5.920761e-02 -9.982170e-01  7.568078e-03
   outer loop
     vertex -4.529011e-01 -3.110323e-01  2.454861e-01
     vertex  1.687194e-01 -2.713478e-01  6.166656e-01
     vertex -4.512481e-01 -3.109003e-01  2.499684e-01
   endloop
 endfacet
 facet normal  5.958768e-02 -9.981991e-01  6.923571e-03
   outer loop
     vertex -4.512481e-01 -3.109003e-01  2.499684e-01
     vertex  1.687194e-01 -2.713478e-01  6.166656e-01
     vertex -4.495596e-01 -3.107685e-01  2.544420e-01
   endloop
 endfacet
 facet normal  5.997159e-02 -9.981804e-01  6.266236e-03
   outer loop
     vertex -4.495596e-01 -3.107685e-01  2.544420e-01
     vertex  1.687194e-01 -2.713478e-01  6.166656e-01
     vertex -4.478354e-01 -3.106368e-01  2.589067e-01
   endloop
 endfacet
 facet normal  6.035944e-02 -9.981610e-01  5.595707e-03
   outer loop
     vertex -4.478354e-01 -3.106368e-01  2.589067e-01
     vertex  1.687194e-01 -2.713478e-01  6.166656e-01
     vertex -4.460756e-01 -3.105054e-01  2.633620e-01
   endloop
 endfacet
 facet normal  6.075128e-02 -9.981409e-01  4.911607e-03
   outer loop
     vertex -4.460756e-01 -3.105054e-01  2.633620e-01
     vertex  1.687194e-01 -2.713478e-01  6.166656e-01
     vertex -4.442800e-01 -3.103743e-01  2.678076e-01
   endloop
 endfacet
 facet normal  6.114721e-02 -9.981199e-01  4.213543e-03
   outer loop
     vertex -4.442800e-01 -3.103743e-01  2.678076e-01
     vertex  1.687194e-01 -2.713478e-01  6.166656e-01
     vertex -4.424487e-01 -3.102434e-01  2.722432e-01
   endloop
 endfacet
 facet normal  6.154732e-02 -9.980980e-01  3.501109e-03
   outer loop
     vertex -4.424487e-01 -3.102434e-01  2.722432e-01
     vertex  1.687194e-01 -2.713478e-01  6.166656e-01
     vertex -4.405816e-01 -3.101127e-01  2.766685e-01
   endloop
 endfacet
 facet normal  6.195167e-02 -9.980753e-01  2.773883e-03
   outer loop
     vertex -4.405816e-01 -3.101127e-01  2.766685e-01
     vertex  1.687194e-01 -2.713478e-01  6.166656e-01
     vertex -4.386786e-01 -3.099823e-01  2.810831e-01
   endloop
 endfacet
 facet normal  6.236036e-02 -9.980516e-01  2.031430e-03
   outer loop
     vertex -4.386786e-01 -3.099823e-01  2.810831e-01
     vertex  1.687194e-01 -2.713478e-01  6.166656e-01
     vertex -4.367397e-01 -3.098522e-01  2.854866e-01
   endloop
 endfacet
 facet normal  6.277349e-02 -9.980270e-01  1.273295e-03
   outer loop
     vertex -4.367397e-01 -3.098522e-01  2.854866e-01
     vertex  1.687194e-01 -2.713478e-01  6.166656e-01
     vertex -4.347648e-01 -3.097224e-01  2.898788e-01
   endloop
 endfacet
 facet normal  6.319113e-02 -9.980013e-01  4.990098e-04
   outer loop
     vertex -4.347648e-01 -3.097224e-01  2.898788e-01
     vertex  1.687194e-01 -2.713478e-01  6.166656e-01
     vertex -4.327538e-01 -3.095929e-01  2.942593e-01
   endloop
 endfacet
 facet normal  6.361339e-02 -9.979746e-01 -2.919139e-04
   outer loop
     vertex -4.327538e-01 -3.095929e-01  2.942593e-01
     vertex  1.687194e-01 -2.713478e-01  6.166656e-01
     vertex -4.307068e-01 -3.094637e-01  2.986278e-01
   endloop
 endfacet
 facet normal  6.404035e-02 -9.979467e-01 -1.099982e-03
   outer loop
     vertex -4.307068e-01 -3.094637e-01  2.986278e-01
     vertex  1.687194e-01 -2.713478e-01  6.166656e-01
     vertex -4.286236e-01 -3.093348e-01  3.029838e-01
   endloop
 endfacet
 facet normal  6.447212e-02 -9.979177e-01 -1.925719e-03
   outer loop
     vertex -4.286236e-01 -3.093348e-01  3.029838e-01
     vertex  1.687194e-01 -2.713478e-01  6.166656e-01
     vertex -4.265043e-01 -3.092062e-01  3.073271e-01
   endloop
 endfacet
 facet normal  6.490880e-02 -9.978874e-01 -2.769671e-03
   outer loop
     vertex -4.265043e-01 -3.092062e-01  3.073271e-01
     vertex  1.687194e-01 -2.713478e-01  6.166656e-01
     vertex -4.243487e-01 -3.090781e-01  3.116573e-01
   endloop
 endfacet
 facet normal  6.535048e-02 -9.978558e-01 -3.632405e-03
   outer loop
     vertex -4.243487e-01 -3.090781e-01  3.116573e-01
     vertex  1.687194e-01 -2.713478e-01  6.166656e-01
     vertex -4.221569e-01 -3.089502e-01  3.159741e-01
   endloop
 endfacet
 facet normal  6.579728e-02 -9.978228e-01 -4.514508e-03
   outer loop
     vertex -4.221569e-01 -3.089502e-01  3.159741e-01
     vertex  1.687194e-01 -2.713478e-01  6.166656e-01
     vertex -4.199287e-01 -3.088228e-01  3.202771e-01
   endloop
 endfacet
 facet normal  6.624929e-02 -9.977884e-01 -5.416592e-03
   outer loop
     vertex -4.199287e-01 -3.088228e-01  3.202771e-01
     vertex  1.687194e-01 -2.713478e-01  6.166656e-01
     vertex -4.176642e-01 -3.086957e-01  3.245659e-01
   endloop
 endfacet
 facet normal  6.670664e-02 -9.977525e-01 -6.339294e-03
   outer loop
     vertex -4.176642e-01 -3.086957e-01  3.245659e-01
     vertex  1.687194e-01 -2.713478e-01  6.166656e-01
     vertex -4.153632e-01 -3.085690e-01  3.288402e-01
   endloop
 endfacet
 facet normal  6.716943e-02 -9.977150e-01 -7.283274e-03
   outer loop
     vertex -4.153632e-01 -3.085690e-01  3.288402e-01
     vertex  1.687194e-01 -2.713478e-01  6.166656e-01
     vertex -4.130257e-01 -3.084427e-01  3.330997e-01
   endloop
 endfacet
 facet normal  6.763777e-02 -9.976758e-01 -8.249220e-03
   outer loop
     vertex -4.130257e-01 -3.084427e-01  3.330997e-01
     vertex  1.687194e-01 -2.713478e-01  6.166656e-01
     vertex -4.106518e-01 -3.083169e-01  3.373440e-01
   endloop
 endfacet
 facet normal  6.811179e-02 -9.976349e-01 -9.237848e-03
   outer loop
     vertex -4.106518e-01 -3.083169e-01  3.373440e-01
     vertex  1.687194e-01 -2.713478e-01  6.166656e-01
     vertex -4.082413e-01 -3.081915e-01  3.415727e-01
   endloop
 endfacet
 facet normal  6.859160e-02 -9.975922e-01 -1.024990e-02
   outer loop
     vertex -4.082413e-01 -3.081915e-01  3.415727e-01
     vertex  1.687194e-01 -2.713478e-01  6.166656e-01
     vertex -4.057942e-01 -3.080665e-01  3.457855e-01
   endloop
 endfacet
 facet normal  6.907733e-02 -9.975475e-01 -1.128616e-02
   outer loop
     vertex -4.057942e-01 -3.080665e-01  3.457855e-01
     vertex  1.687194e-01 -2.713478e-01  6.166656e-01
     vertex -4.033104e-01 -3.079420e-01  3.499820e-01
   endloop
 endfacet
 facet normal  6.956911e-02 -9.975007e-01 -1.234742e-02
   outer loop
     vertex -4.033104e-01 -3.079420e-01  3.499820e-01
     vertex  1.687194e-01 -2.713478e-01  6.166656e-01
     vertex -4.007900e-01 -3.078179e-01  3.541618e-01
   endloop
 endfacet
 facet normal  7.006706e-02 -9.974518e-01 -1.343454e-02
   outer loop
     vertex -4.007900e-01 -3.078179e-01  3.541618e-01
     vertex  1.687194e-01 -2.713478e-01  6.166656e-01
     vertex -3.982328e-01 -3.076944e-01  3.583246e-01
   endloop
 endfacet
 facet normal  7.057132e-02 -9.974006e-01 -1.454838e-02
   outer loop
     vertex -3.982328e-01 -3.076944e-01  3.583246e-01
     vertex  1.687194e-01 -2.713478e-01  6.166656e-01
     vertex -3.956389e-01 -3.075713e-01  3.624701e-01
   endloop
 endfacet
 facet normal  7.108203e-02 -9.973471e-01 -1.568986e-02
   outer loop
     vertex -3.956389e-01 -3.075713e-01  3.624701e-01
     vertex  1.687194e-01 -2.713478e-01  6.166656e-01
     vertex -3.930081e-01 -3.074488e-01  3.665978e-01
   endloop
 endfacet
 facet normal  7.159931e-02 -9.972910e-01 -1.685994e-02
   outer loop
     vertex -3.930081e-01 -3.074488e-01  3.665978e-01
     vertex  1.687194e-01 -2.713478e-01  6.166656e-01
     vertex -3.903405e-01 -3.073267e-01  3.707074e-01
   endloop
 endfacet
 facet normal  7.212332e-02 -9.972322e-01 -1.805960e-02
   outer loop
     vertex -3.903405e-01 -3.073267e-01  3.707074e-01
     vertex  1.687194e-01 -2.713478e-01  6.166656e-01
     vertex -3.876360e-01 -3.072052e-01  3.747986e-01
   endloop
 endfacet
 facet normal  7.265420e-02 -9.971706e-01 -1.928988e-02
   outer loop
     vertex -3.876360e-01 -3.072052e-01  3.747986e-01
     vertex  1.687194e-01 -2.713478e-01  6.166656e-01
     vertex -3.848945e-01 -3.070842e-01  3.788709e-01
   endloop
 endfacet
 facet normal  7.319209e-02 -9.971061e-01 -2.055187e-02
   outer loop
     vertex -3.848945e-01 -3.070842e-01  3.788709e-01
     vertex  1.687194e-01 -2.713478e-01  6.166656e-01
     vertex -3.821161e-01 -3.069638e-01  3.829240e-01
   endloop
 endfacet
 facet normal  7.373716e-02 -9.970384e-01 -2.184670e-02
   outer loop
     vertex -3.821161e-01 -3.069638e-01  3.829240e-01
     vertex  1.687194e-01 -2.713478e-01  6.166656e-01
     vertex -3.793007e-01 -3.068440e-01  3.869575e-01
   endloop
 endfacet
 facet normal  7.428956e-02 -9.969674e-01 -2.317554e-02
   outer loop
     vertex -3.793007e-01 -3.068440e-01  3.869575e-01
     vertex  1.687194e-01 -2.713478e-01  6.166656e-01
     vertex -3.764482e-01 -3.067247e-01  3.909710e-01
   endloop
 endfacet
 facet normal  7.484944e-02 -9.968929e-01 -2.453962e-02
   outer loop
     vertex -3.764482e-01 -3.067247e-01  3.909710e-01
     vertex  1.687194e-01 -2.713478e-01  6.166656e-01
     vertex -3.735586e-01 -3.066061e-01  3.949642e-01
   endloop
 endfacet
 facet normal  7.541698e-02 -9.968146e-01 -2.594025e-02
   outer loop
     vertex -3.735586e-01 -3.066061e-01  3.949642e-01
     vertex  1.687194e-01 -2.713478e-01  6.166656e-01
     vertex -3.706318e-01 -3.064880e-01  3.989367e-01
   endloop
 endfacet
 facet normal  7.599233e-02 -9.967324e-01 -2.737876e-02
   outer loop
     vertex -3.706318e-01 -3.064880e-01  3.989367e-01
     vertex  1.687194e-01 -2.713478e-01  6.166656e-01
     vertex -3.676680e-01 -3.063706e-01  4.028881e-01
   endloop
 endfacet
 facet normal  7.657567e-02 -9.966461e-01 -2.885656e-02
   outer loop
     vertex -3.676680e-01 -3.063706e-01  4.028881e-01
     vertex  1.687194e-01 -2.713478e-01  6.166656e-01
     vertex -3.646669e-01 -3.062538e-01  4.068180e-01
   endloop
 endfacet
 facet normal  7.716718e-02 -9.965554e-01 -3.037513e-02
   outer loop
     vertex -3.646669e-01 -3.062538e-01  4.068180e-01
     vertex  1.687194e-01 -2.713478e-01  6.166656e-01
     vertex -3.616285e-01 -3.061376e-01  4.107261e-01
   endloop
 endfacet
 facet normal  7.776703e-02 -9.964599e-01 -3.193601e-02
   outer loop
     vertex -3.616285e-01 -3.061376e-01  4.107261e-01
     vertex  1.687194e-01 -2.713478e-01  6.166656e-01
     vertex -3.585529e-01 -3.060221e-01  4.146120e-01
   endloop
 endfacet
 facet normal  7.837540e-02 -9.963595e-01 -3.354082e-02
   outer loop
     vertex -3.585529e-01 -3.060221e-01  4.146120e-01
     vertex  1.687194e-01 -2.713478e-01  6.166656e-01
     vertex -3.554400e-01 -3.059073e-01  4.184752e-01
   endloop
 endfacet
 facet normal  7.930951e-02 -9.961984e-01 -3.603940e-02
   outer loop
     vertex -3.554400e-01 -3.059073e-01  4.184752e-01
     vertex  1.687194e-01 -2.713478e-01  6.166656e-01
     vertex -3.491022e-01 -3.056798e-01  4.261324e-01
   endloop
 endfacet
 facet normal  8.057999e-02 -9.959638e-01 -3.953452e-02
   outer loop
     vertex -3.491022e-01 -3.056798e-01  4.261324e-01
     vertex  1.687194e-01 -2.713478e-01  6.166656e-01
     vertex -3.426147e-01 -3.054551e-01  4.336944e-01
   endloop
 endfacet
 facet normal  8.188806e-02 -9.957032e-01 -4.323866e-02
   outer loop
     vertex -3.426147e-01 -3.054551e-01  4.336944e-01
     vertex  1.687194e-01 -2.713478e-01  6.166656e-01
     vertex -3.359773e-01 -3.052333e-01  4.411583e-01
   endloop
 endfacet
 facet normal  8.323536e-02 -9.954130e-01 -4.716903e-02
   outer loop
     vertex -3.359773e-01 -3.052333e-01  4.411583e-01
     vertex  1.687194e-01 -2.713478e-01  6.166656e-01
     vertex -3.291898e-01 -3.050146e-01  4.485208e-01
   endloop
 endfacet
 facet normal  8.462357e-02 -9.950892e-01 -5.134461e-02
   outer loop
     vertex -3.291898e-01 -3.050146e-01  4.485208e-01
     vertex  1.687194e-01 -2.713478e-01  6.166656e-01
     vertex -3.222519e-01 -3.047991e-01  4.557789e-01
   endloop
 endfacet
 facet normal  8.605443e-02 -9.947274e-01 -5.578637e-02
   outer loop
     vertex -3.222519e-01 -3.047991e-01  4.557789e-01
     vertex  1.687194e-01 -2.713478e-01  6.166656e-01
     vertex -3.151635e-01 -3.045869e-01  4.629293e-01
   endloop
 endfacet
 facet normal  8.752974e-02 -9.943220e-01 -6.051751e-02
   outer loop
     vertex -3.151635e-01 -3.045869e-01  4.629293e-01
     vertex  1.687194e-01 -2.713478e-01  6.166656e-01
     vertex -3.079242e-01 -3.043781e-01  4.699689e-01
   endloop
 endfacet
 facet normal  8.905128e-02 -9.938668e-01 -6.556377e-02
   outer loop
     vertex -3.079242e-01 -3.043781e-01  4.699689e-01
     vertex  1.687194e-01 -2.713478e-01  6.166656e-01
     vertex -3.005339e-01 -3.041728e-01  4.768945e-01
   endloop
 endfacet
 facet normal  9.062090e-02 -9.933546e-01 -7.095372e-02
   outer loop
     vertex -3.005339e-01 -3.041728e-01  4.768945e-01
     vertex  1.687194e-01 -2.713478e-01  6.166656e-01
     vertex -2.929924e-01 -3.039711e-01  4.837027e-01
   endloop
 endfacet
 facet normal  9.224039e-02 -9.927769e-01 -7.671913e-02
   outer loop
     vertex -2.929924e-01 -3.039711e-01  4.837027e-01
     vertex  1.687194e-01 -2.713478e-01  6.166656e-01
     vertex -2.852994e-01 -3.037731e-01  4.903904e-01
   endloop
 endfacet
 facet normal  9.391152e-02 -9.921235e-01 -8.289543e-02
   outer loop
     vertex -2.852994e-01 -3.037731e-01  4.903904e-01
     vertex  1.687194e-01 -2.713478e-01  6.166656e-01
     vertex -2.774549e-01 -3.035790e-01  4.969542e-01
   endloop
 endfacet
 facet normal  9.563599e-02 -9.913826e-01 -8.952213e-02
   outer loop
     vertex -2.774549e-01 -3.035790e-01  4.969542e-01
     vertex  1.687194e-01 -2.713478e-01  6.166656e-01
     vertex -2.694586e-01 -3.033889e-01  5.033910e-01
   endloop
 endfacet
 facet normal  9.741535e-02 -9.905404e-01 -9.664342e-02
   outer loop
     vertex -2.694586e-01 -3.033889e-01  5.033910e-01
     vertex  1.687194e-01 -2.713478e-01  6.166656e-01
     vertex -2.613104e-01 -3.032028e-01  5.096972e-01
   endloop
 endfacet
 facet normal  9.925094e-02 -9.895802e-01 -1.043088e-01
   outer loop
     vertex -2.613104e-01 -3.032028e-01  5.096972e-01
     vertex  1.687194e-01 -2.713478e-01  6.166656e-01
     vertex -2.530100e-01 -3.030210e-01  5.158697e-01
   endloop
 endfacet
 facet normal  1.011438e-01 -9.884822e-01 -1.125737e-01
   outer loop
     vertex -2.530100e-01 -3.030210e-01  5.158697e-01
     vertex  1.687194e-01 -2.713478e-01  6.166656e-01
     vertex -2.445574e-01 -3.028434e-01  5.219049e-01
   endloop
 endfacet
 facet normal  1.030947e-01 -9.872229e-01 -1.215004e-01
   outer loop
     vertex -2.445574e-01 -3.028434e-01  5.219049e-01
     vertex  1.687194e-01 -2.713478e-01  6.166656e-01
     vertex -2.359525e-01 -3.026703e-01  5.277996e-01
   endloop
 endfacet
 facet normal  1.051036e-01 -9.857741e-01 -1.311590e-01
   outer loop
     vertex -2.359525e-01 -3.026703e-01  5.277996e-01
     vertex  1.687194e-01 -2.713478e-01  6.166656e-01
     vertex -2.271950e-01 -3.025017e-01  5.335504e-01
   endloop
 endfacet
 facet normal  1.071698e-01 -9.841016e-01 -1.416283e-01
   outer loop
     vertex -2.271950e-01 -3.025017e-01  5.335504e-01
     vertex  1.687194e-01 -2.713478e-01  6.166656e-01
     vertex -2.182849e-01 -3.023378e-01  5.391537e-01
   endloop
 endfacet
 facet normal  1.092917e-01 -9.821646e-01 -1.529969e-01
   outer loop
     vertex -2.182849e-01 -3.023378e-01  5.391537e-01
     vertex  1.687194e-01 -2.713478e-01  6.166656e-01
     vertex -2.092220e-01 -3.021786e-01  5.446062e-01
   endloop
 endfacet
 facet normal  1.114661e-01 -9.799131e-01 -1.653648e-01
   outer loop
     vertex -2.092220e-01 -3.021786e-01  5.446062e-01
     vertex  1.687194e-01 -2.713478e-01  6.166656e-01
     vertex -2.000063e-01 -3.020244e-01  5.499043e-01
   endloop
 endfacet
 facet normal  1.136882e-01 -9.772869e-01 -1.788443e-01
   outer loop
     vertex -2.000063e-01 -3.020244e-01  5.499043e-01
     vertex  1.687194e-01 -2.713478e-01  6.166656e-01
     vertex -1.906377e-01 -3.018753e-01  5.550447e-01
   endloop
 endfacet
 facet normal  1.159507e-01 -9.742122e-01 -1.935616e-01
   outer loop
     vertex -1.906377e-01 -3.018753e-01  5.550447e-01
     vertex  1.687194e-01 -2.713478e-01  6.166656e-01
     vertex -1.811160e-01 -3.017313e-01  5.600236e-01
   endloop
 endfacet
 facet normal  1.182431e-01 -9.705988e-01 -2.096582e-01
   outer loop
     vertex -1.811160e-01 -3.017313e-01  5.600236e-01
     vertex  1.687194e-01 -2.713478e-01  6.166656e-01
     vertex -1.714412e-01 -3.015925e-01  5.648378e-01
   endloop
 endfacet
 facet normal  1.205508e-01 -9.663363e-01 -2.272921e-01
   outer loop
     vertex -1.714412e-01 -3.015925e-01  5.648378e-01
     vertex  1.687194e-01 -2.713478e-01  6.166656e-01
     vertex -1.616133e-01 -3.014592e-01  5.694834e-01
   endloop
 endfacet
 facet normal  1.228540e-01 -9.612889e-01 -2.466384e-01
   outer loop
     vertex -1.616133e-01 -3.014592e-01  5.694834e-01
     vertex  1.687194e-01 -2.713478e-01  6.166656e-01
     vertex -1.516321e-01 -3.013314e-01  5.739571e-01
   endloop
 endfacet
 facet normal  1.251257e-01 -9.552898e-01 -2.678898e-01
   outer loop
     vertex -1.516321e-01 -3.013314e-01  5.739571e-01
     vertex  1.687194e-01 -2.713478e-01  6.166656e-01
     vertex -1.414977e-01 -3.012093e-01  5.782552e-01
   endloop
 endfacet
 facet normal  1.285229e-01 -9.439056e-01 -3.041778e-01
   outer loop
     vertex -1.414977e-01 -3.012093e-01  5.782552e-01
     vertex  1.687194e-01 -2.713478e-01  6.166656e-01
     vertex -1.207689e-01 -3.009825e-01  5.863099e-01
   endloop
 endfacet
 facet normal  1.323469e-01 -9.231710e-01 -3.608872e-01
   outer loop
     vertex -1.207689e-01 -3.009825e-01  5.863099e-01
     vertex  1.687194e-01 -2.713478e-01  6.166656e-01
     vertex -9.942655e-02 -3.007799e-01  5.936184e-01
   endloop
 endfacet
 facet normal  1.349147e-01 -8.930835e-01 -4.291852e-01
   outer loop
     vertex -9.942655e-02 -3.007799e-01  5.936184e-01
     vertex  1.687194e-01 -2.713478e-01  6.166656e-01
     vertex -7.747073e-02 -3.006025e-01  6.001512e-01
   endloop
 endfacet
 facet normal  1.352021e-01 -8.609725e-01 -4.903537e-01
   outer loop
     vertex -7.747073e-02 -3.006025e-01  6.001512e-01
     vertex  1.687194e-01 -2.713478e-01  6.166656e-01
     vertex -6.500796e-02 -3.005153e-01  6.034343e-01
   endloop
 endfacet
 facet normal  1.342782e-01 -8.314279e-01 -5.391633e-01
   outer loop
     vertex -6.500796e-02 -3.005153e-01  6.034343e-01
     vertex  1.687194e-01 -2.713478e-01  6.166656e-01
     vertex -5.235589e-02 -3.004363e-01  6.064635e-01
   endloop
 endfacet
 facet normal  1.318013e-01 -7.931724e-01 -5.945637e-01
   outer loop
     vertex -5.235589e-02 -3.004363e-01  6.064635e-01
     vertex  1.687194e-01 -2.713478e-01  6.166656e-01
     vertex -3.807606e-02 -3.003585e-01  6.095253e-01
   endloop
 endfacet
 facet normal  1.270310e-01 -7.440686e-01 -6.559154e-01
   outer loop
     vertex -3.807606e-02 -3.003585e-01  6.095253e-01
     vertex  1.687194e-01 -2.713478e-01  6.166656e-01
     vertex -2.356266e-02 -3.002915e-01  6.122600e-01
   endloop
 endfacet
 facet normal  1.195822e-01 -6.850387e-01 -7.186252e-01
   outer loop
     vertex -2.356266e-02 -3.002915e-01  6.122600e-01
     vertex  1.687194e-01 -2.713478e-01  6.166656e-01
     vertex -8.815786e-03 -3.002354e-01  6.146605e-01
   endloop
 endfacet
 facet normal  1.090604e-01 -6.161099e-01 -7.800734e-01
   outer loop
     vertex -8.815786e-03 -3.002354e-01  6.146605e-01
     vertex  1.687194e-01 -2.713478e-01  6.166656e-01
     vertex  6.164433e-03 -3.001906e-01  6.167195e-01
   endloop
 endfacet
 facet normal  9.528264e-02 -5.385666e-01 -8.371781e-01
   outer loop
     vertex  6.164433e-03 -3.001906e-01  6.167195e-01
     vertex  1.687194e-01 -2.713478e-01  6.166656e-01
     vertex  2.137785e-02 -3.001573e-01  6.184296e-01
   endloop
 endfacet
 facet normal  7.837262e-02 -4.551317e-01 -8.869684e-01
   outer loop
     vertex  2.137785e-02 -3.001573e-01  6.184296e-01
     vertex  1.687194e-01 -2.713478e-01  6.166656e-01
     vertex  3.682431e-02 -3.001358e-01  6.197833e-01
   endloop
 endfacet
 facet normal  5.877804e-02 -3.697229e-01 -9.272810e-01
   outer loop
     vertex  3.682431e-02 -3.001358e-01  6.197833e-01
     vertex  1.687194e-01 -2.713478e-01  6.166656e-01
     vertex  5.250361e-02 -3.001262e-01  6.207734e-01
   endloop
 endfacet
 facet normal  3.718158e-02 -2.867909e-01 -9.572714e-01
   outer loop
     vertex  5.250361e-02 -3.001262e-01  6.207734e-01
     vertex  1.687194e-01 -2.713478e-01  6.166656e-01
     vertex  6.841556e-02 -3.001290e-01  6.213923e-01
   endloop
 endfacet
 facet normal  1.433887e-02 -2.105032e-01 -9.774880e-01
   outer loop
     vertex  6.841556e-02 -3.001290e-01  6.213923e-01
     vertex  1.687194e-01 -2.713478e-01  6.166656e-01
     vertex  8.455991e-02 -3.001444e-01  6.216324e-01
   endloop
 endfacet
 facet normal -9.082120e-03 -1.441290e-01 -9.895172e-01
   outer loop
     vertex  8.455991e-02 -3.001444e-01  6.216324e-01
     vertex  1.687194e-01 -2.713478e-01  6.166656e-01
     vertex  1.009364e-01 -3.001725e-01  6.214862e-01
   endloop
 endfacet
 facet normal -3.259862e-02 -8.981661e-02 -9.954247e-01
   outer loop
     vertex  1.009364e-01 -3.001725e-01  6.214862e-01
     vertex  1.687194e-01 -2.713478e-01  6.166656e-01
     vertex  1.175449e-01 -3.002138e-01  6.209460e-01
   endloop
 endfacet
 facet normal -5.593230e-02 -4.871996e-02 -9.972452e-01
   outer loop
     vertex  1.175449e-01 -3.002138e-01  6.209460e-01
     vertex  1.687194e-01 -2.713478e-01  6.166656e-01
     vertex  1.343849e-01 -3.002685e-01  6.200042e-01
   endloop
 endfacet
 facet normal -9.061997e-02 -7.378823e-03 -9.958582e-01
   outer loop
     vertex  1.343849e-01 -3.002685e-01  6.200042e-01
     vertex  1.687194e-01 -2.713478e-01  6.166656e-01
     vertex  1.687320e-01 -2.810382e-01  6.167362e-01
   endloop
 endfacet
 facet normal  2.628235e-01  7.693149e-03  9.648133e-01
   outer loop
     vertex  1.687194e-01 -2.713478e-01  6.166656e-01
     vertex  3.283935e-01 -2.895536e-01  5.733142e-01
     vertex  3.283919e-01 -2.883434e-01  5.733049e-01
   endloop
 endfacet
 facet normal -7.898601e-02 -2.826299e-02 -9.964750e-01
   outer loop
     vertex  1.343849e-01 -3.002685e-01  6.200042e-01
     vertex  1.687320e-01 -2.810382e-01  6.167362e-01
     vertex  1.514562e-01 -3.003369e-01  6.186530e-01
   endloop
 endfacet
 facet normal -1.018456e-01 -7.630221e-03 -9.947710e-01
   outer loop
     vertex  1.514562e-01 -3.003369e-01  6.186530e-01
     vertex  1.687320e-01 -2.810382e-01  6.167362e-01
     vertex  1.687450e-01 -2.907287e-01  6.168092e-01
   endloop
 endfacet
 facet normal  2.628205e-01  7.662550e-03  9.648143e-01
   outer loop
     vertex  1.687194e-01 -2.713478e-01  6.166656e-01
     vertex  3.283919e-01 -2.883434e-01  5.733049e-01
     vertex  3.283903e-01 -2.871332e-01  5.732958e-01
   endloop
 endfacet
 facet normal -1.017109e-01 -7.874893e-03 -9.947828e-01
   outer loop
     vertex  1.514562e-01 -3.003369e-01  6.186530e-01
     vertex  1.687450e-01 -2.907287e-01  6.168092e-01
     vertex  1.687584e-01 -3.004192e-01  6.168846e-01
   endloop
 endfacet
 facet normal  2.628178e-01  7.631952e-03  9.648153e-01
   outer loop
     vertex  1.687194e-01 -2.713478e-01  6.166656e-01
     vertex  3.283903e-01 -2.871332e-01  5.732958e-01
     vertex  3.283887e-01 -2.859231e-01  5.732866e-01
   endloop
 endfacet
 facet normal  2.628152e-01  7.601353e-03  9.648162e-01
   outer loop
     vertex  1.687194e-01 -2.713478e-01  6.166656e-01
     vertex  3.283887e-01 -2.859231e-01  5.732866e-01
     vertex  3.283871e-01 -2.847129e-01  5.732775e-01
   endloop
 endfacet
 facet normal  2.628129e-01  7.570754e-03  9.648171e-01
   outer loop
     vertex  1.687194e-01 -2.713478e-01  6.166656e-01
     vertex  3.283871e-01 -2.847129e-01  5.732775e-01
     vertex  3.283855e-01 -2.835027e-01  5.732685e-01
   endloop
 endfacet
 facet normal  2.628108e-01  7.540155e-03  9.648179e-01
   outer loop
     vertex  1.687194e-01 -2.713478e-01  6.166656e-01
     vertex  3.283855e-01 -2.835027e-01  5.732685e-01
     vertex  3.283840e-01 -2.822926e-01  5.732594e-01
   endloop
 endfacet
 facet normal  2.628089e-01  7.509556e-03  9.648187e-01
   outer loop
     vertex  1.687194e-01 -2.713478e-01  6.166656e-01
     vertex  3.283840e-01 -2.822926e-01  5.732594e-01
     vertex  3.283824e-01 -2.810824e-01  5.732504e-01
   endloop
 endfacet
 facet normal  2.628064e-01  7.463656e-03  9.648197e-01
   outer loop
     vertex  1.687194e-01 -2.713478e-01  6.166656e-01
     vertex  3.283824e-01 -2.810824e-01  5.732504e-01
     vertex  3.283793e-01 -2.786621e-01  5.732325e-01
   endloop
 endfacet
 facet normal  2.628039e-01  7.402456e-03  9.648209e-01
   outer loop
     vertex  1.687194e-01 -2.713478e-01  6.166656e-01
     vertex  3.283793e-01 -2.786621e-01  5.732325e-01
     vertex  3.283763e-01 -2.762417e-01  5.732148e-01
   endloop
 endfacet
 facet normal  2.628015e-01  7.310655e-03  9.648222e-01
   outer loop
     vertex  1.687194e-01 -2.713478e-01  6.166656e-01
     vertex  3.283763e-01 -2.762417e-01  5.732148e-01
     vertex  3.283702e-01 -2.714011e-01  5.731798e-01
   endloop
 endfacet
 facet normal  2.628017e-01  7.131010e-03  9.648235e-01
   outer loop
     vertex  1.687194e-01 -2.713478e-01  6.166656e-01
     vertex  3.283702e-01 -2.714011e-01  5.731798e-01
     vertex  1.687073e-01 -2.616573e-01  6.165973e-01
   endloop
 endfacet
 facet normal  2.627883e-01  6.886205e-03  9.648289e-01
   outer loop
     vertex  1.687073e-01 -2.616573e-01  6.165973e-01
     vertex  3.283702e-01 -2.714011e-01  5.731798e-01
     vertex  1.686956e-01 -2.519669e-01  6.165313e-01
   endloop
 endfacet
 facet normal  2.627610e-01  6.641405e-03  9.648381e-01
   outer loop
     vertex  1.686956e-01 -2.519669e-01  6.165313e-01
     vertex  3.283702e-01 -2.714011e-01  5.731798e-01
     vertex  1.686844e-01 -2.422765e-01  6.164677e-01
   endloop
 endfacet
 facet normal  2.627198e-01  6.396612e-03  9.648510e-01
   outer loop
     vertex  1.686844e-01 -2.422765e-01  6.164677e-01
     vertex  3.283702e-01 -2.714011e-01  5.731798e-01
     vertex  1.686735e-01 -2.325861e-01  6.164064e-01
   endloop
 endfacet
 facet normal  2.626786e-01  6.213020e-03  9.648634e-01
   outer loop
     vertex  1.686735e-01 -2.325861e-01  6.164064e-01
     vertex  3.283702e-01 -2.714011e-01  5.731798e-01
     vertex  1.686683e-01 -2.277409e-01  6.163766e-01
   endloop
 endfacet
 facet normal  2.626476e-01  6.090627e-03  9.648726e-01
   outer loop
     vertex  1.686683e-01 -2.277409e-01  6.163766e-01
     vertex  3.283702e-01 -2.714011e-01  5.731798e-01
     vertex  1.686632e-01 -2.228957e-01  6.163474e-01
   endloop
 endfacet
 facet normal  2.626132e-01  5.968234e-03  9.648827e-01
   outer loop
     vertex  1.686632e-01 -2.228957e-01  6.163474e-01
     vertex  3.283702e-01 -2.714011e-01  5.731798e-01
     vertex  1.686582e-01 -2.180505e-01  6.163188e-01
   endloop
 endfacet
 facet normal  2.625753e-01  5.845842e-03  9.648938e-01
   outer loop
     vertex  1.686582e-01 -2.180505e-01  6.163188e-01
     vertex  3.283702e-01 -2.714011e-01  5.731798e-01
     vertex  1.686532e-01 -2.132053e-01  6.162908e-01
   endloop
 endfacet
 facet normal  2.625339e-01  5.723451e-03  9.649058e-01
   outer loop
     vertex  1.686532e-01 -2.132053e-01  6.162908e-01
     vertex  3.283702e-01 -2.714011e-01  5.731798e-01
     vertex  1.686484e-01 -2.083601e-01  6.162633e-01
   endloop
 endfacet
 facet normal  2.624891e-01  5.601061e-03  9.649187e-01
   outer loop
     vertex  1.686484e-01 -2.083601e-01  6.162633e-01
     vertex  3.283702e-01 -2.714011e-01  5.731798e-01
     vertex  1.686437e-01 -2.035149e-01  6.162365e-01
   endloop
 endfacet
 facet normal  2.624408e-01  5.478671e-03  9.649325e-01
   outer loop
     vertex  1.686437e-01 -2.035149e-01  6.162365e-01
     vertex  3.283702e-01 -2.714011e-01  5.731798e-01
     vertex  1.686392e-01 -1.986697e-01  6.162102e-01
   endloop
 endfacet
 facet normal  2.623890e-01  5.356282e-03  9.649473e-01
   outer loop
     vertex  1.686392e-01 -1.986697e-01  6.162102e-01
     vertex  3.283702e-01 -2.714011e-01  5.731798e-01
     vertex  1.686347e-01 -1.938245e-01  6.161845e-01
   endloop
 endfacet
 facet normal  2.623338e-01  5.233893e-03  9.649630e-01
   outer loop
     vertex  1.686347e-01 -1.938245e-01  6.161845e-01
     vertex  3.283702e-01 -2.714011e-01  5.731798e-01
     vertex  1.686303e-01 -1.889793e-01  6.161595e-01
   endloop
 endfacet
 facet normal  2.622751e-01  5.111504e-03  9.649796e-01
   outer loop
     vertex  1.686303e-01 -1.889793e-01  6.161595e-01
     vertex  3.283702e-01 -2.714011e-01  5.731798e-01
     vertex  1.686261e-01 -1.841342e-01  6.161349e-01
   endloop
 endfacet
 facet normal  2.622130e-01  4.989115e-03  9.649971e-01
   outer loop
     vertex  1.686261e-01 -1.841342e-01  6.161349e-01
     vertex  3.283702e-01 -2.714011e-01  5.731798e-01
     vertex  1.686219e-01 -1.792890e-01  6.161110e-01
   endloop
 endfacet
 facet normal  2.621474e-01  4.866726e-03  9.650156e-01
   outer loop
     vertex  1.686219e-01 -1.792890e-01  6.161110e-01
     vertex  3.283702e-01 -2.714011e-01  5.731798e-01
     vertex  1.686179e-01 -1.744438e-01  6.160877e-01
   endloop
 endfacet
 facet normal  2.620783e-01  4.744337e-03  9.650349e-01
   outer loop
     vertex  1.686179e-01 -1.744438e-01  6.160877e-01
     vertex  3.283702e-01 -2.714011e-01  5.731798e-01
     vertex  1.686140e-01 -1.695986e-01  6.160649e-01
   endloop
 endfacet
 facet normal  2.620058e-01  4.621948e-03  9.650552e-01
   outer loop
     vertex  1.686140e-01 -1.695986e-01  6.160649e-01
     vertex  3.283702e-01 -2.714011e-01  5.731798e-01
     vertex  1.686101e-01 -1.647535e-01  6.160428e-01
   endloop
 endfacet
 facet normal  2.619298e-01  4.499559e-03  9.650765e-01
   outer loop
     vertex  1.686101e-01 -1.647535e-01  6.160428e-01
     vertex  3.283702e-01 -2.714011e-01  5.731798e-01
     vertex  1.686064e-01 -1.599083e-01  6.160212e-01
   endloop
 endfacet
 facet normal  2.618503e-01  4.377169e-03  9.650986e-01
   outer loop
     vertex  1.686064e-01 -1.599083e-01  6.160212e-01
     vertex  3.283702e-01 -2.714011e-01  5.731798e-01
     vertex  1.686028e-01 -1.550631e-01  6.160002e-01
   endloop
 endfacet
 facet normal  2.617673e-01  4.254779e-03  9.651216e-01
   outer loop
     vertex  1.686028e-01 -1.550631e-01  6.160002e-01
     vertex  3.283702e-01 -2.714011e-01  5.731798e-01
     vertex  1.685994e-01 -1.502180e-01  6.159798e-01
   endloop
 endfacet
 facet normal  2.616809e-01  4.132388e-03  9.651456e-01
   outer loop
     vertex  1.685994e-01 -1.502180e-01  6.159798e-01
     vertex  3.283702e-01 -2.714011e-01  5.731798e-01
     vertex  1.685960e-01 -1.453728e-01  6.159599e-01
   endloop
 endfacet
 facet normal  2.615910e-01  4.009996e-03  9.651705e-01
   outer loop
     vertex  1.685960e-01 -1.453728e-01  6.159599e-01
     vertex  3.283702e-01 -2.714011e-01  5.731798e-01
     vertex  1.685927e-01 -1.405277e-01  6.159407e-01
   endloop
 endfacet
 facet normal  2.614977e-01  3.887604e-03  9.651963e-01
   outer loop
     vertex  1.685927e-01 -1.405277e-01  6.159407e-01
     vertex  3.283702e-01 -2.714011e-01  5.731798e-01
     vertex  1.685896e-01 -1.356825e-01  6.159220e-01
   endloop
 endfacet
 facet normal  2.614009e-01  3.765210e-03  9.652230e-01
   outer loop
     vertex  1.685896e-01 -1.356825e-01  6.159220e-01
     vertex  3.283702e-01 -2.714011e-01  5.731798e-01
     vertex  1.685865e-01 -1.308373e-01  6.159040e-01
   endloop
 endfacet
 facet normal  2.613006e-01  3.642816e-03  9.652506e-01
   outer loop
     vertex  1.685865e-01 -1.308373e-01  6.159040e-01
     vertex  3.283702e-01 -2.714011e-01  5.731798e-01
     vertex  1.685836e-01 -1.259922e-01  6.158865e-01
   endloop
 endfacet
 facet normal  2.611968e-01  3.520421e-03  9.652791e-01
   outer loop
     vertex  1.685836e-01 -1.259922e-01  6.158865e-01
     vertex  3.283702e-01 -2.714011e-01  5.731798e-01
     vertex  1.685807e-01 -1.211470e-01  6.158696e-01
   endloop
 endfacet
 facet normal  2.610896e-01  3.398024e-03  9.653086e-01
   outer loop
     vertex  1.685807e-01 -1.211470e-01  6.158696e-01
     vertex  3.283702e-01 -2.714011e-01  5.731798e-01
     vertex  1.685780e-01 -1.163019e-01  6.158532e-01
   endloop
 endfacet
 facet normal  2.609789e-01  3.275626e-03  9.653389e-01
   outer loop
     vertex  1.685780e-01 -1.163019e-01  6.158532e-01
     vertex  3.283702e-01 -2.714011e-01  5.731798e-01
     vertex  1.685754e-01 -1.114568e-01  6.158375e-01
   endloop
 endfacet
 facet normal  2.608648e-01  3.153227e-03  9.653702e-01
   outer loop
     vertex  1.685754e-01 -1.114568e-01  6.158375e-01
     vertex  3.283702e-01 -2.714011e-01  5.731798e-01
     vertex  1.685729e-01 -1.066116e-01  6.158223e-01
   endloop
 endfacet
 facet normal  2.607471e-01  3.030826e-03  9.654024e-01
   outer loop
     vertex  1.685729e-01 -1.066116e-01  6.158223e-01
     vertex  3.283702e-01 -2.714011e-01  5.731798e-01
     vertex  1.685705e-01 -1.017665e-01  6.158078e-01
   endloop
 endfacet
 facet normal  2.606260e-01  2.908424e-03  9.654355e-01
   outer loop
     vertex  1.685705e-01 -1.017665e-01  6.158078e-01
     vertex  3.283702e-01 -2.714011e-01  5.731798e-01
     vertex  1.685683e-01 -9.692135e-02  6.157938e-01
   endloop
 endfacet
 facet normal  2.605014e-01  2.786020e-03  9.654694e-01
   outer loop
     vertex  1.685683e-01 -9.692135e-02  6.157938e-01
     vertex  3.283702e-01 -2.714011e-01  5.731798e-01
     vertex  1.685661e-01 -9.207622e-02  6.157804e-01
   endloop
 endfacet
 facet normal  2.603734e-01  2.663614e-03  9.655043e-01
   outer loop
     vertex  1.685661e-01 -9.207622e-02  6.157804e-01
     vertex  3.283702e-01 -2.714011e-01  5.731798e-01
     vertex  1.685640e-01 -8.723109e-02  6.157676e-01
   endloop
 endfacet
 facet normal  2.602418e-01  2.541207e-03  9.655401e-01
   outer loop
     vertex  1.685640e-01 -8.723109e-02  6.157676e-01
     vertex  3.283702e-01 -2.714011e-01  5.731798e-01
     vertex  1.685621e-01 -8.238596e-02  6.157554e-01
   endloop
 endfacet
 facet normal  2.601068e-01  2.418797e-03  9.655768e-01
   outer loop
     vertex  1.685621e-01 -8.238596e-02  6.157554e-01
     vertex  3.283702e-01 -2.714011e-01  5.731798e-01
     vertex  1.685602e-01 -7.754084e-02  6.157437e-01
   endloop
 endfacet
 facet normal  2.599683e-01  2.296385e-03  9.656144e-01
   outer loop
     vertex  1.685602e-01 -7.754084e-02  6.157437e-01
     vertex  3.283702e-01 -2.714011e-01  5.731798e-01
     vertex  1.685585e-01 -7.269572e-02  6.157327e-01
   endloop
 endfacet
 facet normal  2.598264e-01  2.173972e-03  9.656529e-01
   outer loop
     vertex  1.685585e-01 -7.269572e-02  6.157327e-01
     vertex  3.283702e-01 -2.714011e-01  5.731798e-01
     vertex  1.685569e-01 -6.785060e-02  6.157222e-01
   endloop
 endfacet
 facet normal  2.596809e-01  2.051555e-03  9.656923e-01
   outer loop
     vertex  1.685569e-01 -6.785060e-02  6.157222e-01
     vertex  3.283702e-01 -2.714011e-01  5.731798e-01
     vertex  1.685554e-01 -6.300548e-02  6.157123e-01
   endloop
 endfacet
 facet normal  2.595320e-01  1.929137e-03  9.657326e-01
   outer loop
     vertex  1.685554e-01 -6.300548e-02  6.157123e-01
     vertex  3.283702e-01 -2.714011e-01  5.731798e-01
     vertex  1.685540e-01 -5.816036e-02  6.157030e-01
   endloop
 endfacet
 facet normal  2.593797e-01  1.806716e-03  9.657737e-01
   outer loop
     vertex  1.685540e-01 -5.816036e-02  6.157030e-01
     vertex  3.283702e-01 -2.714011e-01  5.731798e-01
     vertex  1.685527e-01 -5.331525e-02  6.156943e-01
   endloop
 endfacet
 facet normal  2.592238e-01  1.684293e-03  9.658158e-01
   outer loop
     vertex  1.685527e-01 -5.331525e-02  6.156943e-01
     vertex  3.283702e-01 -2.714011e-01  5.731798e-01
     vertex  1.685515e-01 -4.847014e-02  6.156862e-01
   endloop
 endfacet
 facet normal  2.590644e-01  1.561867e-03  9.658588e-01
   outer loop
     vertex  1.685515e-01 -4.847014e-02  6.156862e-01
     vertex  3.283702e-01 -2.714011e-01  5.731798e-01
     vertex  1.685504e-01 -4.362504e-02  6.156786e-01
   endloop
 endfacet
 facet normal  2.589016e-01  1.439438e-03  9.659026e-01
   outer loop
     vertex  1.685504e-01 -4.362504e-02  6.156786e-01
     vertex  3.283702e-01 -2.714011e-01  5.731798e-01
     vertex  1.685495e-01 -3.877993e-02  6.156717e-01
   endloop
 endfacet
 facet normal  2.587353e-01  1.317007e-03  9.659474e-01
   outer loop
     vertex  1.685495e-01 -3.877993e-02  6.156717e-01
     vertex  3.283702e-01 -2.714011e-01  5.731798e-01
     vertex  1.685486e-01 -3.393483e-02  6.156653e-01
   endloop
 endfacet
 facet normal  2.585655e-01  1.194572e-03  9.659930e-01
   outer loop
     vertex  1.685486e-01 -3.393483e-02  6.156653e-01
     vertex  3.283702e-01 -2.714011e-01  5.731798e-01
     vertex  1.685479e-01 -2.908973e-02  6.156595e-01
   endloop
 endfacet
 facet normal  2.583056e-01  1.010915e-03  9.660627e-01
   outer loop
     vertex  1.685479e-01 -2.908973e-02  6.156595e-01
     vertex  3.283702e-01 -2.714011e-01  5.731798e-01
     vertex  1.685467e-01 -1.939954e-02  6.156497e-01
   endloop
 endfacet
 facet normal  2.580353e-01  8.272513e-04  9.661351e-01
   outer loop
     vertex  1.685467e-01 -1.939954e-02  6.156497e-01
     vertex  3.283702e-01 -2.714011e-01  5.731798e-01
     vertex  1.685463e-01 -1.455445e-02  6.156456e-01
   endloop
 endfacet
 facet normal  2.578515e-01  7.048047e-04  9.661843e-01
   outer loop
     vertex  1.685463e-01 -1.455445e-02  6.156456e-01
     vertex  3.283702e-01 -2.714011e-01  5.731798e-01
     vertex  1.685460e-01 -9.709357e-03  6.156422e-01
   endloop
 endfacet
 facet normal  2.576643e-01  5.823547e-04  9.662343e-01
   outer loop
     vertex  1.685460e-01 -9.709357e-03  6.156422e-01
     vertex  3.283702e-01 -2.714011e-01  5.731798e-01
     vertex  1.685458e-01 -4.864270e-03  6.156393e-01
   endloop
 endfacet
 facet normal  2.574736e-01  4.599014e-04  9.662852e-01
   outer loop
     vertex  1.685458e-01 -4.864270e-03  6.156393e-01
     vertex  3.283702e-01 -2.714011e-01  5.731798e-01
     vertex  1.685457e-01 -1.918548e-05  6.156370e-01
   endloop
 endfacet
 facet normal  2.572795e-01  3.374446e-04  9.663370e-01
   outer loop
     vertex  1.685457e-01 -1.918548e-05  6.156370e-01
     vertex  3.283702e-01 -2.714011e-01  5.731798e-01
     vertex  1.685457e-01  4.825896e-03  6.156353e-01
   endloop
 endfacet
 facet normal  2.570818e-01  2.149843e-04  9.663896e-01
   outer loop
     vertex  1.685457e-01  4.825896e-03  6.156353e-01
     vertex  3.283702e-01 -2.714011e-01  5.731798e-01
     vertex  1.685459e-01  9.670976e-03  6.156342e-01
   endloop
 endfacet
 facet normal  2.568806e-01  9.252032e-05  9.664431e-01
   outer loop
     vertex  1.685459e-01  9.670976e-03  6.156342e-01
     vertex  3.283702e-01 -2.714011e-01  5.731798e-01
     vertex  1.685461e-01  1.451605e-02  6.156337e-01
   endloop
 endfacet
 facet normal  2.566760e-01 -2.994732e-05  9.664975e-01
   outer loop
     vertex  1.685461e-01  1.451605e-02  6.156337e-01
     vertex  3.283702e-01 -2.714011e-01  5.731798e-01
     vertex  1.685465e-01  1.936113e-02  6.156337e-01
   endloop
 endfacet
 facet normal  2.564679e-01 -1.524187e-04  9.665527e-01
   outer loop
     vertex  1.685465e-01  1.936113e-02  6.156337e-01
     vertex  3.283702e-01 -2.714011e-01  5.731798e-01
     vertex  1.685469e-01  2.420620e-02  6.156344e-01
   endloop
 endfacet
 facet normal  2.562562e-01 -2.748940e-04  9.666088e-01
   outer loop
     vertex  1.685469e-01  2.420620e-02  6.156344e-01
     vertex  3.283702e-01 -2.714011e-01  5.731798e-01
     vertex  1.685475e-01  2.905127e-02  6.156356e-01
   endloop
 endfacet
 facet normal  2.560411e-01 -3.973731e-04  9.666658e-01
   outer loop
     vertex  1.685475e-01  2.905127e-02  6.156356e-01
     vertex  3.283702e-01 -2.714011e-01  5.731798e-01
     vertex  1.685482e-01  3.389634e-02  6.156374e-01
   endloop
 endfacet
 facet normal  2.558225e-01 -5.198563e-04  9.667236e-01
   outer loop
     vertex  1.685482e-01  3.389634e-02  6.156374e-01
     vertex  3.283702e-01 -2.714011e-01  5.731798e-01
     vertex  1.685490e-01  3.874140e-02  6.156398e-01
   endloop
 endfacet
 facet normal  2.556004e-01 -6.423435e-04  9.667823e-01
   outer loop
     vertex  1.685490e-01  3.874140e-02  6.156398e-01
     vertex  3.283702e-01 -2.714011e-01  5.731798e-01
     vertex  1.685499e-01  4.358646e-02  6.156428e-01
   endloop
 endfacet
 facet normal  2.553748e-01 -7.648348e-04  9.668418e-01
   outer loop
     vertex  1.685499e-01  4.358646e-02  6.156428e-01
     vertex  3.283702e-01 -2.714011e-01  5.731798e-01
     vertex  1.685509e-01  4.843152e-02  6.156463e-01
   endloop
 endfacet
 facet normal  2.551457e-01 -8.873304e-04  9.669022e-01
   outer loop
     vertex  1.685509e-01  4.843152e-02  6.156463e-01
     vertex  3.283702e-01 -2.714011e-01  5.731798e-01
     vertex  1.685520e-01  5.327658e-02  6.156505e-01
   endloop
 endfacet
 facet normal  2.549131e-01 -1.009830e-03  9.669634e-01
   outer loop
     vertex  1.685520e-01  5.327658e-02  6.156505e-01
     vertex  3.283702e-01 -2.714011e-01  5.731798e-01
     vertex  1.685532e-01  5.812163e-02  6.156552e-01
   endloop
 endfacet
 facet normal  2.546770e-01 -1.132334e-03  9.670255e-01
   outer loop
     vertex  1.685532e-01  5.812163e-02  6.156552e-01
     vertex  3.283702e-01 -2.714011e-01  5.731798e-01
     vertex  1.685546e-01  6.296668e-02  6.156606e-01
   endloop
 endfacet
 facet normal  2.544374e-01 -1.254843e-03  9.670884e-01
   outer loop
     vertex  1.685546e-01  6.296668e-02  6.156606e-01
     vertex  3.283702e-01 -2.714011e-01  5.731798e-01
     vertex  1.685560e-01  6.781173e-02  6.156665e-01
   endloop
 endfacet
 facet normal  2.541943e-01 -1.377356e-03  9.671522e-01
   outer loop
     vertex  1.685560e-01  6.781173e-02  6.156665e-01
     vertex  3.283702e-01 -2.714011e-01  5.731798e-01
     vertex  1.685576e-01  7.265678e-02  6.156729e-01
   endloop
 endfacet
 facet normal  2.539477e-01 -1.499874e-03  9.672168e-01
   outer loop
     vertex  1.685576e-01  7.265678e-02  6.156729e-01
     vertex  3.283702e-01 -2.714011e-01  5.731798e-01
     vertex  1.685593e-01  7.750182e-02  6.156800e-01
   endloop
 endfacet
 facet normal  2.536977e-01 -1.622396e-03  9.672822e-01
   outer loop
     vertex  1.685593e-01  7.750182e-02  6.156800e-01
     vertex  3.283702e-01 -2.714011e-01  5.731798e-01
     vertex  1.685610e-01  8.234687e-02  6.156877e-01
   endloop
 endfacet
 facet normal  2.534441e-01 -1.744922e-03  9.673485e-01
   outer loop
     vertex  1.685610e-01  8.234687e-02  6.156877e-01
     vertex  3.283702e-01 -2.714011e-01  5.731798e-01
     vertex  1.685629e-01  8.719191e-02  6.156959e-01
   endloop
 endfacet
 facet normal  2.531870e-01 -1.867454e-03  9.674156e-01
   outer loop
     vertex  1.685629e-01  8.719191e-02  6.156959e-01
     vertex  3.283702e-01 -2.714011e-01  5.731798e-01
     vertex  1.685649e-01  9.203694e-02  6.157048e-01
   endloop
 endfacet
 facet normal  2.529264e-01 -1.989990e-03  9.674835e-01
   outer loop
     vertex  1.685649e-01  9.203694e-02  6.157048e-01
     vertex  3.283702e-01 -2.714011e-01  5.731798e-01
     vertex  1.685670e-01  9.688198e-02  6.157142e-01
   endloop
 endfacet
 facet normal  2.526622e-01 -2.112531e-03  9.675522e-01
   outer loop
     vertex  1.685670e-01  9.688198e-02  6.157142e-01
     vertex  3.283702e-01 -2.714011e-01  5.731798e-01
     vertex  1.685692e-01  1.017270e-01  6.157242e-01
   endloop
 endfacet
 facet normal  2.523946e-01 -2.235077e-03  9.676218e-01
   outer loop
     vertex  1.685692e-01  1.017270e-01  6.157242e-01
     vertex  3.283702e-01 -2.714011e-01  5.731798e-01
     vertex  1.685716e-01  1.065720e-01  6.157348e-01
   endloop
 endfacet
 facet normal  2.521235e-01 -2.357628e-03  9.676922e-01
   outer loop
     vertex  1.685716e-01  1.065720e-01  6.157348e-01
     vertex  3.283702e-01 -2.714011e-01  5.731798e-01
     vertex  1.685740e-01  1.114171e-01  6.157459e-01
   endloop
 endfacet
 facet normal  2.518489e-01 -2.480184e-03  9.677634e-01
   outer loop
     vertex  1.685740e-01  1.114171e-01  6.157459e-01
     vertex  3.283702e-01 -2.714011e-01  5.731798e-01
     vertex  1.685766e-01  1.162621e-01  6.157577e-01
   endloop
 endfacet
 facet normal  2.515707e-01 -2.602745e-03  9.678354e-01
   outer loop
     vertex  1.685766e-01  1.162621e-01  6.157577e-01
     vertex  3.283702e-01 -2.714011e-01  5.731798e-01
     vertex  1.685792e-01  1.211071e-01  6.157700e-01
   endloop
 endfacet
 facet normal  2.512891e-01 -2.725311e-03  9.679082e-01
   outer loop
     vertex  1.685792e-01  1.211071e-01  6.157700e-01
     vertex  3.283702e-01 -2.714011e-01  5.731798e-01
     vertex  1.685820e-01  1.259521e-01  6.157829e-01
   endloop
 endfacet
 facet normal  2.510039e-01 -2.847882e-03  9.679819e-01
   outer loop
     vertex  1.685820e-01  1.259521e-01  6.157829e-01
     vertex  3.283702e-01 -2.714011e-01  5.731798e-01
     vertex  1.685849e-01  1.307971e-01  6.157964e-01
   endloop
 endfacet
 facet normal  2.507152e-01 -2.970458e-03  9.680563e-01
   outer loop
     vertex  1.685849e-01  1.307971e-01  6.157964e-01
     vertex  3.283702e-01 -2.714011e-01  5.731798e-01
     vertex  1.685878e-01  1.356422e-01  6.158105e-01
   endloop
 endfacet
 facet normal  2.504230e-01 -3.093040e-03  9.681316e-01
   outer loop
     vertex  1.685878e-01  1.356422e-01  6.158105e-01
     vertex  3.283702e-01 -2.714011e-01  5.731798e-01
     vertex  1.685909e-01  1.404872e-01  6.158252e-01
   endloop
 endfacet
 facet normal  2.501273e-01 -3.215627e-03  9.682076e-01
   outer loop
     vertex  1.685909e-01  1.404872e-01  6.158252e-01
     vertex  3.283702e-01 -2.714011e-01  5.731798e-01
     vertex  1.685941e-01  1.453322e-01  6.158405e-01
   endloop
 endfacet
 facet normal  2.498281e-01 -3.338219e-03  9.682845e-01
   outer loop
     vertex  1.685941e-01  1.453322e-01  6.158405e-01
     vertex  3.283702e-01 -2.714011e-01  5.731798e-01
     vertex  1.685975e-01  1.501772e-01  6.158563e-01
   endloop
 endfacet
 facet normal  2.495253e-01 -3.460816e-03  9.683621e-01
   outer loop
     vertex  1.685975e-01  1.501772e-01  6.158563e-01
     vertex  3.283702e-01 -2.714011e-01  5.731798e-01
     vertex  1.686009e-01  1.550222e-01  6.158728e-01
   endloop
 endfacet
 facet normal  2.492190e-01 -3.583419e-03  9.684405e-01
   outer loop
     vertex  1.686009e-01  1.550222e-01  6.158728e-01
     vertex  3.283702e-01 -2.714011e-01  5.731798e-01
     vertex  1.686044e-01  1.598672e-01  6.158898e-01
   endloop
 endfacet
 facet normal  2.489093e-01 -3.706027e-03  9.685197e-01
   outer loop
     vertex  1.686044e-01  1.598672e-01  6.158898e-01
     vertex  3.283702e-01 -2.714011e-01  5.731798e-01
     vertex  1.686081e-01  1.647122e-01  6.159074e-01
   endloop
 endfacet
 facet normal  2.485959e-01 -3.828640e-03  9.685997e-01
   outer loop
     vertex  1.686081e-01  1.647122e-01  6.159074e-01
     vertex  3.283702e-01 -2.714011e-01  5.731798e-01
     vertex  1.686118e-01  1.695572e-01  6.159256e-01
   endloop
 endfacet
 facet normal  2.482791e-01 -3.951259e-03  9.686805e-01
   outer loop
     vertex  1.686118e-01  1.695572e-01  6.159256e-01
     vertex  3.283702e-01 -2.714011e-01  5.731798e-01
     vertex  1.686157e-01  1.744022e-01  6.159443e-01
   endloop
 endfacet
 facet normal  2.479587e-01 -4.073884e-03  9.687620e-01
   outer loop
     vertex  1.686157e-01  1.744022e-01  6.159443e-01
     vertex  3.283702e-01 -2.714011e-01  5.731798e-01
     vertex  1.686197e-01  1.792472e-01  6.159637e-01
   endloop
 endfacet
 facet normal  2.476349e-01 -4.196514e-03  9.688443e-01
   outer loop
     vertex  1.686197e-01  1.792472e-01  6.159637e-01
     vertex  3.283702e-01 -2.714011e-01  5.731798e-01
     vertex  1.686237e-01  1.840922e-01  6.159836e-01
   endloop
 endfacet
 facet normal  2.473074e-01 -4.319149e-03  9.689274e-01
   outer loop
     vertex  1.686237e-01  1.840922e-01  6.159836e-01
     vertex  3.283702e-01 -2.714011e-01  5.731798e-01
     vertex  1.686279e-01  1.889372e-01  6.160042e-01
   endloop
 endfacet
 facet normal  2.469765e-01 -4.441790e-03  9.690113e-01
   outer loop
     vertex  1.686279e-01  1.889372e-01  6.160042e-01
     vertex  3.283702e-01 -2.714011e-01  5.731798e-01
     vertex  1.686322e-01  1.937821e-01  6.160253e-01
   endloop
 endfacet
 facet normal  2.466420e-01 -4.564437e-03  9.690959e-01
   outer loop
     vertex  1.686322e-01  1.937821e-01  6.160253e-01
     vertex  3.283702e-01 -2.714011e-01  5.731798e-01
     vertex  1.686367e-01  1.986271e-01  6.160470e-01
   endloop
 endfacet
 facet normal  2.463040e-01 -4.687089e-03  9.691813e-01
   outer loop
     vertex  1.686367e-01  1.986271e-01  6.160470e-01
     vertex  3.283702e-01 -2.714011e-01  5.731798e-01
     vertex  1.686412e-01  2.034721e-01  6.160693e-01
   endloop
 endfacet
 facet normal  2.459625e-01 -4.809747e-03  9.692674e-01
   outer loop
     vertex  1.686412e-01  2.034721e-01  6.160693e-01
     vertex  3.283702e-01 -2.714011e-01  5.731798e-01
     vertex  1.686458e-01  2.083171e-01  6.160921e-01
   endloop
 endfacet
 facet normal  2.456174e-01 -4.932411e-03  9.693543e-01
   outer loop
     vertex  1.686458e-01  2.083171e-01  6.160921e-01
     vertex  3.283702e-01 -2.714011e-01  5.731798e-01
     vertex  1.686505e-01  2.131620e-01  6.161156e-01
   endloop
 endfacet
 facet normal  2.452688e-01 -5.055080e-03  9.694419e-01
   outer loop
     vertex  1.686505e-01  2.131620e-01  6.161156e-01
     vertex  3.283702e-01 -2.714011e-01  5.731798e-01
     vertex  1.686554e-01  2.180070e-01  6.161396e-01
   endloop
 endfacet
 facet normal  2.449167e-01 -5.177755e-03  9.695303e-01
   outer loop
     vertex  1.686554e-01  2.180070e-01  6.161396e-01
     vertex  3.283702e-01 -2.714011e-01  5.731798e-01
     vertex  1.686604e-01  2.228520e-01  6.161642e-01
   endloop
 endfacet
 facet normal  2.445610e-01 -5.300436e-03  9.696194e-01
   outer loop
     vertex  1.686604e-01  2.228520e-01  6.161642e-01
     vertex  3.283702e-01 -2.714011e-01  5.731798e-01
     vertex  1.686654e-01  2.276970e-01  6.161894e-01
   endloop
 endfacet
 facet normal  2.442018e-01 -5.423122e-03  9.697093e-01
   outer loop
     vertex  1.686654e-01  2.276970e-01  6.161894e-01
     vertex  3.283702e-01 -2.714011e-01  5.731798e-01
     vertex  1.686706e-01  2.325419e-01  6.162152e-01
   endloop
 endfacet
 facet normal  2.438391e-01 -5.545814e-03  9.697999e-01
   outer loop
     vertex  1.686706e-01  2.325419e-01  6.162152e-01
     vertex  3.283702e-01 -2.714011e-01  5.731798e-01
     vertex  1.686759e-01  2.373869e-01  6.162416e-01
   endloop
 endfacet
 facet normal  2.434728e-01 -5.668511e-03  9.698912e-01
   outer loop
     vertex  1.686759e-01  2.373869e-01  6.162416e-01
     vertex  3.283702e-01 -2.714011e-01  5.731798e-01
     vertex  1.686813e-01  2.422318e-01  6.162686e-01
   endloop
 endfacet
 facet normal  2.431029e-01 -5.791215e-03  9.699832e-01
   outer loop
     vertex  1.686813e-01  2.422318e-01  6.162686e-01
     vertex  3.283702e-01 -2.714011e-01  5.731798e-01
     vertex  1.686868e-01  2.470768e-01  6.162961e-01
   endloop
 endfacet
 facet normal  2.427295e-01 -5.913923e-03  9.700760e-01
   outer loop
     vertex  1.686868e-01  2.470768e-01  6.162961e-01
     vertex  3.283702e-01 -2.714011e-01  5.731798e-01
     vertex  1.686924e-01  2.519218e-01  6.163242e-01
   endloop
 endfacet
 facet normal  2.423526e-01 -6.036638e-03  9.701695e-01
   outer loop
     vertex  1.686924e-01  2.519218e-01  6.163242e-01
     vertex  3.283702e-01 -2.714011e-01  5.731798e-01
     vertex  1.686982e-01  2.567667e-01  6.163530e-01
   endloop
 endfacet
 facet normal  2.419722e-01 -6.159358e-03  9.702636e-01
   outer loop
     vertex  1.686982e-01  2.567667e-01  6.163530e-01
     vertex  3.283702e-01 -2.714011e-01  5.731798e-01
     vertex  1.687040e-01  2.616117e-01  6.163823e-01
   endloop
 endfacet
 facet normal  2.415881e-01 -6.282084e-03  9.703585e-01
   outer loop
     vertex  1.687040e-01  2.616117e-01  6.163823e-01
     vertex  3.283702e-01 -2.714011e-01  5.731798e-01
     vertex  1.687099e-01  2.664566e-01  6.164121e-01
   endloop
 endfacet
 facet normal  2.412006e-01 -6.404816e-03  9.704542e-01
   outer loop
     vertex  1.687099e-01  2.664566e-01  6.164121e-01
     vertex  3.283702e-01 -2.714011e-01  5.731798e-01
     vertex  1.687160e-01  2.713015e-01  6.164426e-01
   endloop
 endfacet
 facet normal  2.408095e-01 -6.527553e-03  9.705505e-01
   outer loop
     vertex  1.687160e-01  2.713015e-01  6.164426e-01
     vertex  3.283702e-01 -2.714011e-01  5.731798e-01
     vertex  1.687222e-01  2.761465e-01  6.164737e-01
   endloop
 endfacet
 facet normal  2.404148e-01 -6.650296e-03  9.706475e-01
   outer loop
     vertex  1.687222e-01  2.761465e-01  6.164737e-01
     vertex  3.283702e-01 -2.714011e-01  5.731798e-01
     vertex  1.687284e-01  2.809914e-01  6.165053e-01
   endloop
 endfacet
 facet normal  2.400166e-01 -6.773044e-03  9.707452e-01
   outer loop
     vertex  1.687284e-01  2.809914e-01  6.165053e-01
     vertex  3.283702e-01 -2.714011e-01  5.731798e-01
     vertex  1.687348e-01  2.858364e-01  6.165375e-01
   endloop
 endfacet
 facet normal  2.396148e-01 -6.895798e-03  9.708435e-01
   outer loop
     vertex  1.687348e-01  2.858364e-01  6.165375e-01
     vertex  3.283702e-01 -2.714011e-01  5.731798e-01
     vertex  1.687413e-01  2.906813e-01  6.165703e-01
   endloop
 endfacet
 facet normal  2.392095e-01 -7.018558e-03  9.709426e-01
   outer loop
     vertex  1.687413e-01  2.906813e-01  6.165703e-01
     vertex  3.283702e-01 -2.714011e-01  5.731798e-01
     vertex  1.687479e-01  2.955262e-01  6.166037e-01
   endloop
 endfacet
 facet normal  2.388006e-01 -7.141323e-03  9.710424e-01
   outer loop
     vertex  1.687479e-01  2.955262e-01  6.166037e-01
     vertex  3.283702e-01 -2.714011e-01  5.731798e-01
     vertex  1.687547e-01  3.003712e-01  6.166377e-01
   endloop
 endfacet
 facet normal  2.381819e-01 -7.325481e-03  9.711929e-01
   outer loop
     vertex  1.687547e-01  3.003712e-01  6.166377e-01
     vertex  3.283702e-01 -2.714011e-01  5.731798e-01
     vertex  1.687684e-01  3.100610e-01  6.167074e-01
   endloop
 endfacet
 facet normal  2.373428e-01 -7.571044e-03  9.713965e-01
   outer loop
     vertex  1.687684e-01  3.100610e-01  6.167074e-01
     vertex  3.283702e-01 -2.714011e-01  5.731798e-01
     vertex  1.687826e-01  3.197508e-01  6.167795e-01
   endloop
 endfacet
 facet normal -8.968899e-02  4.915458e-02 -9.947561e-01
   outer loop
     vertex  1.687826e-01  3.197508e-01  6.167795e-01
     vertex  3.283702e-01 -2.714011e-01  5.731798e-01
     vertex  1.338278e-01  3.198977e-01  6.199383e-01
   endloop
 endfacet
 facet normal -4.282173e-02  6.475036e-02 -9.969823e-01
   outer loop
     vertex  1.338278e-01  3.198977e-01  6.199383e-01
     vertex  3.283702e-01 -2.714011e-01  5.731798e-01
     vertex  9.982962e-02  3.199881e-01  6.214045e-01
   endloop
 endfacet
 facet normal  4.968673e-03  8.318129e-02 -9.965220e-01
   outer loop
     vertex  9.982962e-02  3.199881e-01  6.214045e-01
     vertex  3.283702e-01 -2.714011e-01  5.731798e-01
     vertex  6.679061e-02  3.200244e-01  6.212428e-01
   endloop
 endfacet
 facet normal  5.337127e-02  1.043120e-01 -9.931115e-01
   outer loop
     vertex  6.679061e-02  3.200244e-01  6.212428e-01
     vertex  3.283702e-01 -2.714011e-01  5.731798e-01
     vertex  3.471295e-02  3.200089e-01  6.195172e-01
   endloop
 endfacet
 facet normal  1.020223e-01  1.279525e-01 -9.865189e-01
   outer loop
     vertex  3.471295e-02  3.200089e-01  6.195172e-01
     vertex  3.283702e-01 -2.714011e-01  5.731798e-01
     vertex  3.598465e-03  3.199439e-01  6.162911e-01
   endloop
 endfacet
 facet normal  1.481115e-01  1.525805e-01 -9.771296e-01
   outer loop
     vertex  3.598465e-03  3.199439e-01  6.162911e-01
     vertex  3.283702e-01 -2.714011e-01  5.731798e-01
     vertex -2.357984e-02  3.198448e-01  6.121560e-01
   endloop
 endfacet
 facet normal  1.891504e-01  1.762758e-01 -9.659964e-01
   outer loop
     vertex -2.357984e-02  3.198448e-01  6.121560e-01
     vertex  3.283702e-01 -2.714011e-01  5.731798e-01
     vertex -4.737157e-02  3.197242e-01  6.074753e-01
   endloop
 endfacet
 facet normal  2.273645e-01  1.998173e-01 -9.530889e-01
   outer loop
     vertex -4.737157e-02  3.197242e-01  6.074753e-01
     vertex  3.283702e-01 -2.714011e-01  5.731798e-01
     vertex -7.052930e-02  3.195750e-01  6.019196e-01
   endloop
 endfacet
 facet normal  2.646908e-01  2.242729e-01 -9.378915e-01
   outer loop
     vertex -7.052930e-02  3.195750e-01  6.019196e-01
     vertex  3.283702e-01 -2.714011e-01  5.731798e-01
     vertex -9.305272e-02  3.193983e-01  5.955208e-01
   endloop
 endfacet
 facet normal  3.008895e-01  2.494346e-01 -9.204607e-01
   outer loop
     vertex -9.305272e-02  3.193983e-01  5.955208e-01
     vertex  3.283702e-01 -2.714011e-01  5.731798e-01
     vertex -1.149417e-01  3.191952e-01  5.883105e-01
   endloop
 endfacet
 facet normal  3.357349e-01  2.750889e-01 -9.008930e-01
   outer loop
     vertex -1.149417e-01  3.191952e-01  5.883105e-01
     vertex  3.283702e-01 -2.714011e-01  5.731798e-01
     vertex -1.361963e-01  3.189669e-01  5.803198e-01
   endloop
 endfacet
 facet normal  3.690226e-01  3.010224e-01 -8.793224e-01
   outer loop
     vertex -1.361963e-01  3.189669e-01  5.803198e-01
     vertex  3.283702e-01 -2.714011e-01  5.731798e-01
     vertex -1.568167e-01  3.187143e-01  5.715797e-01
   endloop
 endfacet
 facet normal  4.005753e-01  3.270282e-01 -8.559159e-01
   outer loop
     vertex -1.568167e-01  3.187143e-01  5.715797e-01
     vertex  3.283702e-01 -2.714011e-01  5.731798e-01
     vertex -1.768032e-01  3.184387e-01  5.621206e-01
   endloop
 endfacet
 facet normal  4.302476e-01  3.529110e-01 -8.308675e-01
   outer loop
     vertex -1.768032e-01  3.184387e-01  5.621206e-01
     vertex  3.283702e-01 -2.714011e-01  5.731798e-01
     vertex -1.961563e-01  3.181410e-01  5.519725e-01
   endloop
 endfacet
 facet normal  4.579291e-01  3.784921e-01 -8.043909e-01
   outer loop
     vertex -1.961563e-01  3.181410e-01  5.519725e-01
     vertex  3.283702e-01 -2.714011e-01  5.731798e-01
     vertex -2.148766e-01  3.178224e-01  5.411654e-01
   endloop
 endfacet
 facet normal  4.835446e-01  4.036128e-01 -7.767119e-01
   outer loop
     vertex -2.148766e-01  3.178224e-01  5.411654e-01
     vertex  3.283702e-01 -2.714011e-01  5.731798e-01
     vertex -2.329650e-01  3.174837e-01  5.297284e-01
   endloop
 endfacet
 facet normal  5.070544e-01  4.281368e-01 -7.480606e-01
   outer loop
     vertex -2.329650e-01  3.174837e-01  5.297284e-01
     vertex  3.283702e-01 -2.714011e-01  5.731798e-01
     vertex -2.504222e-01  3.171261e-01  5.176908e-01
   endloop
 endfacet
 facet normal  5.284515e-01  4.519515e-01 -7.186646e-01
   outer loop
     vertex -2.504222e-01  3.171261e-01  5.176908e-01
     vertex  3.283702e-01 -2.714011e-01  5.731798e-01
     vertex -2.672496e-01  3.167506e-01  5.050810e-01
   endloop
 endfacet
 facet normal  5.477584e-01  4.749682e-01 -6.887423e-01
   outer loop
     vertex -2.672496e-01  3.167506e-01  5.050810e-01
     vertex  3.283702e-01 -2.714011e-01  5.731798e-01
     vertex -2.834483e-01  3.163580e-01  4.919275e-01
   endloop
 endfacet
 facet normal  5.650231e-01  4.971205e-01 -6.584984e-01
   outer loop
     vertex -2.834483e-01  3.163580e-01  4.919275e-01
     vertex  3.283702e-01 -2.714011e-01  5.731798e-01
     vertex -2.990197e-01  3.159495e-01  4.782581e-01
   endloop
 endfacet
 facet normal  5.803142e-01  5.183634e-01 -6.281200e-01
   outer loop
     vertex -2.990197e-01  3.159495e-01  4.782581e-01
     vertex  3.283702e-01 -2.714011e-01  5.731798e-01
     vertex -3.139653e-01  3.155259e-01  4.641003e-01
   endloop
 endfacet
 facet normal  5.937167e-01  5.386708e-01 -5.977744e-01
   outer loop
     vertex -3.139653e-01  3.155259e-01  4.641003e-01
     vertex  3.283702e-01 -2.714011e-01  5.731798e-01
     vertex -3.282870e-01  3.150882e-01  4.494815e-01
   endloop
 endfacet
 facet normal  6.053270e-01  5.580328e-01 -5.676077e-01
   outer loop
     vertex -3.282870e-01  3.150882e-01  4.494815e-01
     vertex  3.283702e-01 -2.714011e-01  5.731798e-01
     vertex -3.419865e-01  3.146374e-01  4.344284e-01
   endloop
 endfacet
 facet normal  6.152496e-01  5.764534e-01 -5.377447e-01
   outer loop
     vertex -3.419865e-01  3.146374e-01  4.344284e-01
     vertex  3.283702e-01 -2.714011e-01  5.731798e-01
     vertex -3.550659e-01  3.141742e-01  4.189674e-01
   endloop
 endfacet
 facet normal  6.235927e-01  5.939479e-01 -5.082894e-01
   outer loop
     vertex -3.550659e-01  3.141742e-01  4.189674e-01
     vertex  3.283702e-01 -2.714011e-01  5.731798e-01
     vertex -3.675273e-01  3.136997e-01  4.031247e-01
   endloop
 endfacet
 facet normal  6.304656e-01  6.105402e-01 -4.793264e-01
   outer loop
     vertex -3.675273e-01  3.136997e-01  4.031247e-01
     vertex  3.283702e-01 -2.714011e-01  5.731798e-01
     vertex -3.793731e-01  3.132148e-01  3.869260e-01
   endloop
 endfacet
 facet normal  6.359765e-01  6.262611e-01 -4.509222e-01
   outer loop
     vertex -3.793731e-01  3.132148e-01  3.869260e-01
     vertex  3.283702e-01 -2.714011e-01  5.731798e-01
     vertex -3.906057e-01  3.127202e-01  3.703967e-01
   endloop
 endfacet
 facet normal  6.402303e-01  6.411462e-01 -4.231272e-01
   outer loop
     vertex -3.906057e-01  3.127202e-01  3.703967e-01
     vertex  3.283702e-01 -2.714011e-01  5.731798e-01
     vertex -4.012278e-01  3.122168e-01  3.535617e-01
   endloop
 endfacet
 facet normal  6.433271e-01  6.552341e-01 -3.959778e-01
   outer loop
     vertex -4.012278e-01  3.122168e-01  3.535617e-01
     vertex  3.283702e-01 -2.714011e-01  5.731798e-01
     vertex -4.112422e-01  3.117055e-01  3.364458e-01
   endloop
 endfacet
 facet normal  6.453617e-01  6.685654e-01 -3.694978e-01
   outer loop
     vertex -4.112422e-01  3.117055e-01  3.364458e-01
     vertex  3.283702e-01 -2.714011e-01  5.731798e-01
     vertex -4.206518e-01  3.111871e-01  3.190732e-01
   endloop
 endfacet
 facet normal  6.464226e-01  6.811811e-01 -3.437006e-01
   outer loop
     vertex -4.206518e-01  3.111871e-01  3.190732e-01
     vertex  3.283702e-01 -2.714011e-01  5.731798e-01
     vertex -4.294596e-01  3.106625e-01  3.014677e-01
   endloop
 endfacet
 facet normal  6.465916e-01  6.931226e-01 -3.185912e-01
   outer loop
     vertex -4.294596e-01  3.106625e-01  3.014677e-01
     vertex  3.283702e-01 -2.714011e-01  5.731798e-01
     vertex -4.376691e-01  3.101323e-01  2.836529e-01
   endloop
 endfacet
 facet normal  6.459444e-01  7.044301e-01 -2.941668e-01
   outer loop
     vertex -4.376691e-01  3.101323e-01  2.836529e-01
     vertex  3.283702e-01 -2.714011e-01  5.731798e-01
     vertex -4.452834e-01  3.095974e-01  2.656521e-01
   endloop
 endfacet
 facet normal  6.445497e-01  7.151426e-01 -2.704195e-01
   outer loop
     vertex -4.452834e-01  3.095974e-01  2.656521e-01
     vertex  3.283702e-01 -2.714011e-01  5.731798e-01
     vertex -4.523063e-01  3.090586e-01  2.474880e-01
   endloop
 endfacet
 facet normal  6.424702e-01  7.252977e-01 -2.473362e-01
   outer loop
     vertex -4.523063e-01  3.090586e-01  2.474880e-01
     vertex  3.283702e-01 -2.714011e-01  5.731798e-01
     vertex -4.587414e-01  3.085165e-01  2.291831e-01
   endloop
 endfacet
 facet normal  6.397625e-01  7.349310e-01 -2.249006e-01
   outer loop
     vertex -4.587414e-01  3.085165e-01  2.291831e-01
     vertex  3.283702e-01 -2.714011e-01  5.731798e-01
     vertex -4.645925e-01  3.079721e-01  2.107594e-01
   endloop
 endfacet
 facet normal  6.364776e-01  7.440760e-01 -2.030939e-01
   outer loop
     vertex -4.645925e-01  3.079721e-01  2.107594e-01
     vertex  3.283702e-01 -2.714011e-01  5.731798e-01
     vertex -4.698637e-01  3.074258e-01  1.922386e-01
   endloop
 endfacet
 facet normal  6.326611e-01  7.527644e-01 -1.818950e-01
   outer loop
     vertex -4.698637e-01  3.074258e-01  1.922386e-01
     vertex  3.283702e-01 -2.714011e-01  5.731798e-01
     vertex -4.745592e-01  3.068786e-01  1.736422e-01
   endloop
 endfacet
 facet normal  6.283537e-01  7.610255e-01 -1.612819e-01
   outer loop
     vertex -4.745592e-01  3.068786e-01  1.736422e-01
     vertex  3.283702e-01 -2.714011e-01  5.731798e-01
     vertex -4.786832e-01  3.063310e-01  1.549911e-01
   endloop
 endfacet
 facet normal  6.235919e-01  7.688867e-01 -1.412317e-01
   outer loop
     vertex -4.786832e-01  3.063310e-01  1.549911e-01
     vertex  3.283702e-01 -2.714011e-01  5.731798e-01
     vertex -4.822403e-01  3.057837e-01  1.363059e-01
   endloop
 endfacet
 facet normal  6.184078e-01  7.763734e-01 -1.217215e-01
   outer loop
     vertex -4.822403e-01  3.057837e-01  1.363059e-01
     vertex  3.283702e-01 -2.714011e-01  5.731798e-01
     vertex -4.852350e-01  3.052374e-01  1.176069e-01
   endloop
 endfacet
 facet normal  6.128299e-01  7.835091e-01 -1.027280e-01
   outer loop
     vertex -4.852350e-01  3.052374e-01  1.176069e-01
     vertex  3.283702e-01 -2.714011e-01  5.731798e-01
     vertex -4.876722e-01  3.046928e-01  9.891394e-02
   endloop
 endfacet
 facet normal  6.068833e-01  7.903153e-01 -8.422855e-02
   outer loop
     vertex -4.876722e-01  3.046928e-01  9.891394e-02
     vertex  3.283702e-01 -2.714011e-01  5.731798e-01
     vertex -4.895568e-01  3.041505e-01  8.024659e-02
   endloop
 endfacet
 facet normal  6.005901e-01  7.968117e-01 -6.620097e-02
   outer loop
     vertex -4.895568e-01  3.041505e-01  8.024659e-02
     vertex  3.283702e-01 -2.714011e-01  5.731798e-01
     vertex -4.908938e-01  3.036111e-01  6.162399e-02
   endloop
 endfacet
 facet normal  5.939697e-01  8.030166e-01 -4.862376e-02
   outer loop
     vertex -4.908938e-01  3.036111e-01  6.162399e-02
     vertex  3.283702e-01 -2.714011e-01  5.731798e-01
     vertex -4.916885e-01  3.030751e-01  4.306493e-02
   endloop
 endfacet
 facet normal  5.870391e-01  8.089465e-01 -3.147626e-02
   outer loop
     vertex -4.916885e-01  3.030751e-01  4.306493e-02
     vertex  3.283702e-01 -2.714011e-01  5.731798e-01
     vertex -4.919464e-01  3.025433e-01  2.458786e-02
   endloop
 endfacet
 facet normal  5.798128e-01  8.146164e-01 -1.473876e-02
   outer loop
     vertex -4.919464e-01  3.025433e-01  2.458786e-02
     vertex  3.283702e-01 -2.714011e-01  5.731798e-01
     vertex -4.916729e-01  3.020162e-01  6.210827e-03
   endloop
 endfacet
 facet normal  5.723037e-01  8.200401e-01  1.607470e-03
   outer loop
     vertex -4.916729e-01  3.020162e-01  6.210827e-03
     vertex  3.283702e-01 -2.714011e-01  5.731798e-01
     vertex -4.908738e-01  3.014943e-01 -1.204846e-02
   endloop
 endfacet
 facet normal  5.645230e-01  8.252301e-01  1.758013e-02
   outer loop
     vertex -4.908738e-01  3.014943e-01 -1.204846e-02
     vertex  3.283702e-01 -2.714011e-01  5.731798e-01
     vertex -4.895549e-01  3.009781e-01 -3.017267e-02
   endloop
 endfacet
 facet normal  5.564801e-01  8.301976e-01  3.319583e-02
   outer loop
     vertex -4.895549e-01  3.009781e-01 -3.017267e-02
     vertex  3.283702e-01 -2.714011e-01  5.731798e-01
     vertex -4.877222e-01  3.004683e-01 -4.814483e-02
   endloop
 endfacet
 facet normal  5.481832e-01  8.349526e-01  4.847013e-02
   outer loop
     vertex -4.877222e-01  3.004683e-01 -4.814483e-02
     vertex  3.283702e-01 -2.714011e-01  5.731798e-01
     vertex -4.853819e-01  2.999653e-01 -6.594833e-02
   endloop
 endfacet
 facet normal  5.396393e-01  8.395044e-01  6.341751e-02
   outer loop
     vertex -4.853819e-01  2.999653e-01 -6.594833e-02
     vertex  3.283702e-01 -2.714011e-01  5.731798e-01
     vertex -4.825404e-01  2.994697e-01 -8.356695e-02
   endloop
 endfacet
 facet normal  5.308546e-01  8.438610e-01  7.805135e-02
   outer loop
     vertex -4.825404e-01  2.994697e-01 -8.356695e-02
     vertex  3.283702e-01 -2.714011e-01  5.731798e-01
     vertex -4.792039e-01  2.989818e-01 -1.009848e-01
   endloop
 endfacet
 facet normal  5.218340e-01  8.480298e-01  9.238403e-02
   outer loop
     vertex -4.792039e-01  2.989818e-01 -1.009848e-01
     vertex  3.283702e-01 -2.714011e-01  5.731798e-01
     vertex -4.753793e-01  2.985023e-01 -1.181864e-01
   endloop
 endfacet
 facet normal  5.125819e-01  8.520171e-01  1.064269e-01
   outer loop
     vertex -4.753793e-01  2.985023e-01 -1.181864e-01
     vertex  3.283702e-01 -2.714011e-01  5.731798e-01
     vertex -4.710733e-01  2.980315e-01 -1.351565e-01
   endloop
 endfacet
 facet normal  5.031020e-01  8.558286e-01  1.201902e-01
   outer loop
     vertex -4.710733e-01  2.980315e-01 -1.351565e-01
     vertex  3.283702e-01 -2.714011e-01  5.731798e-01
     vertex -4.662927e-01  2.975699e-01 -1.518805e-01
   endloop
 endfacet
 facet normal  4.933975e-01  8.594694e-01  1.336833e-01
   outer loop
     vertex -4.662927e-01  2.975699e-01 -1.518805e-01
     vertex  3.283702e-01 -2.714011e-01  5.731798e-01
     vertex -4.610448e-01  2.971179e-01 -1.683438e-01
   endloop
 endfacet
 facet normal  4.834710e-01  8.629437e-01  1.469147e-01
   outer loop
     vertex -4.610448e-01  2.971179e-01 -1.683438e-01
     vertex  3.283702e-01 -2.714011e-01  5.731798e-01
     vertex -4.553366e-01  2.966760e-01 -1.845325e-01
   endloop
 endfacet
 facet normal  4.733247e-01  8.662553e-01  1.598918e-01
   outer loop
     vertex -4.553366e-01  2.966760e-01 -1.845325e-01
     vertex  3.283702e-01 -2.714011e-01  5.731798e-01
     vertex -4.491757e-01  2.962445e-01 -2.004328e-01
   endloop
 endfacet
 facet normal  4.629608e-01  8.694074e-01  1.726212e-01
   outer loop
     vertex -4.491757e-01  2.962445e-01 -2.004328e-01
     vertex  3.283702e-01 -2.714011e-01  5.731798e-01
     vertex -4.425695e-01  2.958238e-01 -2.160315e-01
   endloop
 endfacet
 facet normal  4.523810e-01  8.724025e-01  1.851087e-01
   outer loop
     vertex -4.425695e-01  2.958238e-01 -2.160315e-01
     vertex  3.283702e-01 -2.714011e-01  5.731798e-01
     vertex -4.355258e-01  2.954144e-01 -2.313156e-01
   endloop
 endfacet
 facet normal  4.415869e-01  8.752430e-01  1.973594e-01
   outer loop
     vertex -4.355258e-01  2.954144e-01 -2.313156e-01
     vertex  3.283702e-01 -2.714011e-01  5.731798e-01
     vertex -4.280524e-01  2.950164e-01 -2.462725e-01
   endloop
 endfacet
 facet normal  4.305800e-01  8.779305e-01  2.093774e-01
   outer loop
     vertex -4.280524e-01  2.950164e-01 -2.462725e-01
     vertex  3.283702e-01 -2.714011e-01  5.731798e-01
     vertex -4.201573e-01  2.946304e-01 -2.608899e-01
   endloop
 endfacet
 facet normal  4.193617e-01  8.804665e-01  2.211661e-01
   outer loop
     vertex -4.201573e-01  2.946304e-01 -2.608899e-01
     vertex  3.283702e-01 -2.714011e-01  5.731798e-01
     vertex -4.118487e-01  2.942566e-01 -2.751560e-01
   endloop
 endfacet
 facet normal  4.079336e-01  8.828520e-01  2.327284e-01
   outer loop
     vertex -4.118487e-01  2.942566e-01 -2.751560e-01
     vertex  3.283702e-01 -2.714011e-01  5.731798e-01
     vertex -4.031348e-01  2.938953e-01 -2.890594e-01
   endloop
 endfacet
 facet normal  3.962969e-01  8.850877e-01  2.440665e-01
   outer loop
     vertex -4.031348e-01  2.938953e-01 -2.890594e-01
     vertex  3.283702e-01 -2.714011e-01  5.731798e-01
     vertex -3.940242e-01  2.935468e-01 -3.025889e-01
   endloop
 endfacet
 facet normal  3.844534e-01  8.871741e-01  2.551817e-01
   outer loop
     vertex -3.940242e-01  2.935468e-01 -3.025889e-01
     vertex  3.283702e-01 -2.714011e-01  5.731798e-01
     vertex -3.845255e-01  2.932115e-01 -3.157337e-01
   endloop
 endfacet
 facet normal  3.724046e-01  8.891113e-01  2.660751e-01
   outer loop
     vertex -3.845255e-01  2.932115e-01 -3.157337e-01
     vertex  3.283702e-01 -2.714011e-01  5.731798e-01
     vertex -3.746474e-01  2.928895e-01 -3.284834e-01
   endloop
 endfacet
 facet normal  3.601524e-01  8.908992e-01  2.767470e-01
   outer loop
     vertex -3.746474e-01  2.928895e-01 -3.284834e-01
     vertex  3.283702e-01 -2.714011e-01  5.731798e-01
     vertex -3.643988e-01  2.925812e-01 -3.408281e-01
   endloop
 endfacet
 facet normal  3.476985e-01  8.925376e-01  2.871973e-01
   outer loop
     vertex -3.643988e-01  2.925812e-01 -3.408281e-01
     vertex  3.283702e-01 -2.714011e-01  5.731798e-01
     vertex -3.537889e-01  2.922867e-01 -3.527580e-01
   endloop
 endfacet
 facet normal  3.350453e-01  8.940262e-01  2.974254e-01
   outer loop
     vertex -3.537889e-01  2.922867e-01 -3.527580e-01
     vertex  3.283702e-01 -2.714011e-01  5.731798e-01
     vertex -3.428268e-01  2.920063e-01 -3.642638e-01
   endloop
 endfacet
 facet normal  3.221949e-01  8.953642e-01  3.074303e-01
   outer loop
     vertex -3.428268e-01  2.920063e-01 -3.642638e-01
     vertex  3.283702e-01 -2.714011e-01  5.731798e-01
     vertex -3.315220e-01  2.917403e-01 -3.753366e-01
   endloop
 endfacet
 facet normal  3.091499e-01  8.965511e-01  3.172105e-01
   outer loop
     vertex -3.315220e-01  2.917403e-01 -3.753366e-01
     vertex  3.283702e-01 -2.714011e-01  5.731798e-01
     vertex -3.198840e-01  2.914887e-01 -3.859678e-01
   endloop
 endfacet
 facet normal  2.959129e-01  8.975860e-01  3.267643e-01
   outer loop
     vertex -3.198840e-01  2.914887e-01 -3.859678e-01
     vertex  3.283702e-01 -2.714011e-01  5.731798e-01
     vertex -3.079225e-01  2.912518e-01 -3.961493e-01
   endloop
 endfacet
 facet normal  2.824871e-01  8.984681e-01  3.360894e-01
   outer loop
     vertex -3.079225e-01  2.912518e-01 -3.961493e-01
     vertex  3.283702e-01 -2.714011e-01  5.731798e-01
     vertex -2.956473e-01  2.910298e-01 -4.058731e-01
   endloop
 endfacet
 facet normal  2.688754e-01  8.991965e-01  3.451835e-01
   outer loop
     vertex -2.956473e-01  2.910298e-01 -4.058731e-01
     vertex  3.283702e-01 -2.714011e-01  5.731798e-01
     vertex -2.830685e-01  2.908227e-01 -4.151319e-01
   endloop
 endfacet
 facet normal  2.550813e-01  8.997702e-01  3.540438e-01
   outer loop
     vertex -2.830685e-01  2.908227e-01 -4.151319e-01
     vertex  3.283702e-01 -2.714011e-01  5.731798e-01
     vertex -2.701961e-01  2.906308e-01 -4.239184e-01
   endloop
 endfacet
 facet normal  2.411084e-01  9.001883e-01  3.626675e-01
   outer loop
     vertex -2.701961e-01  2.906308e-01 -4.239184e-01
     vertex  3.283702e-01 -2.714011e-01  5.731798e-01
     vertex -2.570405e-01  2.904541e-01 -4.322260e-01
   endloop
 endfacet
 facet normal  2.269605e-01  9.004498e-01  3.710514e-01
   outer loop
     vertex -2.570405e-01  2.904541e-01 -4.322260e-01
     vertex  3.283702e-01 -2.714011e-01  5.731798e-01
     vertex -2.436122e-01  2.902928e-01 -4.400483e-01
   endloop
 endfacet
 facet normal  2.126417e-01  9.005536e-01  3.791922e-01
   outer loop
     vertex -2.436122e-01  2.902928e-01 -4.400483e-01
     vertex  3.283702e-01 -2.714011e-01  5.731798e-01
     vertex -2.299217e-01  2.901470e-01 -4.473792e-01
   endloop
 endfacet
 facet normal  1.981560e-01  9.004989e-01  3.870864e-01
   outer loop
     vertex -2.299217e-01  2.901470e-01 -4.473792e-01
     vertex  3.283702e-01 -2.714011e-01  5.731798e-01
     vertex -2.159799e-01  2.900167e-01 -4.542131e-01
   endloop
 endfacet
 facet normal  1.835080e-01  9.002848e-01  3.947305e-01
   outer loop
     vertex -2.159799e-01  2.900167e-01 -4.542131e-01
     vertex  3.283702e-01 -2.714011e-01  5.731798e-01
     vertex -2.017976e-01  2.899020e-01 -4.605447e-01
   endloop
 endfacet
 facet normal  1.687020e-01  8.999103e-01  4.021207e-01
   outer loop
     vertex -2.017976e-01  2.899020e-01 -4.605447e-01
     vertex  3.283702e-01 -2.714011e-01  5.731798e-01
     vertex -1.873860e-01  2.898029e-01 -4.663691e-01
   endloop
 endfacet
 facet normal  1.537427e-01  8.993747e-01  4.092534e-01
   outer loop
     vertex -1.873860e-01  2.898029e-01 -4.663691e-01
     vertex  3.283702e-01 -2.714011e-01  5.731798e-01
     vertex -1.727562e-01  2.897195e-01 -4.716818e-01
   endloop
 endfacet
 facet normal  1.386348e-01  8.986772e-01  4.161247e-01
   outer loop
     vertex -1.727562e-01  2.897195e-01 -4.716818e-01
     vertex  3.283702e-01 -2.714011e-01  5.731798e-01
     vertex -1.579196e-01  2.896518e-01 -4.764784e-01
   endloop
 endfacet
 facet normal  1.233832e-01  8.978170e-01  4.227307e-01
   outer loop
     vertex -1.579196e-01  2.896518e-01 -4.764784e-01
     vertex  3.283702e-01 -2.714011e-01  5.731798e-01
     vertex -1.428878e-01  2.895998e-01 -4.807554e-01
   endloop
 endfacet
 facet normal  1.079926e-01  8.967935e-01  4.290677e-01
   outer loop
     vertex -1.428878e-01  2.895998e-01 -4.807554e-01
     vertex  3.283702e-01 -2.714011e-01  5.731798e-01
     vertex -1.276725e-01  2.895635e-01 -4.845091e-01
   endloop
 endfacet
 facet normal  9.246796e-02  8.956060e-01  4.351317e-01
   outer loop
     vertex -1.276725e-01  2.895635e-01 -4.845091e-01
     vertex  3.283702e-01 -2.714011e-01  5.731798e-01
     vertex -1.122855e-01  2.895429e-01 -4.877364e-01
   endloop
 endfacet
 facet normal  7.681409e-02  8.942540e-01  4.409187e-01
   outer loop
     vertex -1.122855e-01  2.895429e-01 -4.877364e-01
     vertex  3.283702e-01 -2.714011e-01  5.731798e-01
     vertex -9.673871e-02  2.895378e-01 -4.904347e-01
   endloop
 endfacet
 facet normal  6.103580e-02  8.927370e-01  4.464250e-01
   outer loop
     vertex -9.673871e-02  2.895378e-01 -4.904347e-01
     vertex  3.283702e-01 -2.714011e-01  5.731798e-01
     vertex -8.104441e-02  2.895484e-01 -4.926016e-01
   endloop
 endfacet
 facet normal  4.513779e-02  8.910544e-01  4.516465e-01
   outer loop
     vertex -8.104441e-02  2.895484e-01 -4.926016e-01
     vertex  3.283702e-01 -2.714011e-01  5.731798e-01
     vertex -6.521485e-02  2.895745e-01 -4.942350e-01
   endloop
 endfacet
 facet normal  2.912466e-02  8.892058e-01  4.565795e-01
   outer loop
     vertex -6.521485e-02  2.895745e-01 -4.942350e-01
     vertex  3.283702e-01 -2.714011e-01  5.731798e-01
     vertex -4.926249e-02  2.896160e-01 -4.953334e-01
   endloop
 endfacet
 facet normal  1.300088e-02  8.871906e-01  4.612199e-01
   outer loop
     vertex -4.926249e-02  2.896160e-01 -4.953334e-01
     vertex  3.283702e-01 -2.714011e-01  5.731798e-01
     vertex -3.319993e-02  2.896728e-01 -4.958955e-01
   endloop
 endfacet
 facet normal -3.229282e-03  8.850084e-01  4.655638e-01
   outer loop
     vertex -3.319993e-02  2.896728e-01 -4.958955e-01
     vertex  3.283702e-01 -2.714011e-01  5.731798e-01
     vertex -1.703995e-02  2.897448e-01 -4.959203e-01
   endloop
 endfacet
 facet normal -1.956175e-02  8.826587e-01  4.696072e-01
   outer loop
     vertex -1.703995e-02  2.897448e-01 -4.959203e-01
     vertex  3.283702e-01 -2.714011e-01  5.731798e-01
     vertex -7.954498e-04  2.898319e-01 -4.954073e-01
   endloop
 endfacet
 facet normal -3.599269e-02  8.801408e-01  4.733462e-01
   outer loop
     vertex -7.954498e-04  2.898319e-01 -4.954073e-01
     vertex  3.283702e-01 -2.714011e-01  5.731798e-01
     vertex  1.552050e-02  2.899340e-01 -4.943565e-01
   endloop
 endfacet
 facet normal -5.251856e-02  8.774542e-01  4.767765e-01
   outer loop
     vertex  1.552050e-02  2.899340e-01 -4.943565e-01
     vertex  3.283702e-01 -2.714011e-01  5.731798e-01
     vertex  3.189466e-02  2.900508e-01 -4.927678e-01
   endloop
 endfacet
 facet normal -6.913608e-02  8.745981e-01  4.798941e-01
   outer loop
     vertex  3.189466e-02  2.900508e-01 -4.927678e-01
     vertex  3.283702e-01 -2.714011e-01  5.731798e-01
     vertex  4.831368e-02  2.901823e-01 -4.906420e-01
   endloop
 endfacet
 facet normal -8.584231e-02  8.715717e-01  4.826944e-01
   outer loop
     vertex  4.831368e-02  2.901823e-01 -4.906420e-01
     vertex  3.283702e-01 -2.714011e-01  5.731798e-01
     vertex  6.476401e-02  2.903282e-01 -4.879799e-01
   endloop
 endfacet
 facet normal -1.026347e-01  8.683739e-01  4.851731e-01
   outer loop
     vertex  6.476401e-02  2.903282e-01 -4.879799e-01
     vertex  3.283702e-01 -2.714011e-01  5.731798e-01
     vertex  8.123198e-02  2.904883e-01 -4.847828e-01
   endloop
 endfacet
 facet normal -1.195109e-01  8.650035e-01  4.873254e-01
   outer loop
     vertex  8.123198e-02  2.904883e-01 -4.847828e-01
     vertex  3.283702e-01 -2.714011e-01  5.731798e-01
     vertex  9.770375e-02  2.906624e-01 -4.810524e-01
   endloop
 endfacet
 facet normal -1.364693e-01  8.614593e-01  4.891462e-01
   outer loop
     vertex  9.770375e-02  2.906624e-01 -4.810524e-01
     vertex  3.283702e-01 -2.714011e-01  5.731798e-01
     vertex  1.141653e-01  2.908503e-01 -4.767906e-01
   endloop
 endfacet
 facet normal -1.535083e-01  8.577395e-01  4.906304e-01
   outer loop
     vertex  1.141653e-01  2.908503e-01 -4.767906e-01
     vertex  3.283702e-01 -2.714011e-01  5.731798e-01
     vertex  1.306026e-01  2.910518e-01 -4.719999e-01
   endloop
 endfacet
 facet normal -1.706269e-01  8.538422e-01  4.917723e-01
   outer loop
     vertex  1.306026e-01  2.910518e-01 -4.719999e-01
     vertex  3.283702e-01 -2.714011e-01  5.731798e-01
     vertex  1.470012e-01  2.912665e-01 -4.666831e-01
   endloop
 endfacet
 facet normal -1.878245e-01  8.497652e-01  4.925658e-01
   outer loop
     vertex  1.470012e-01  2.912665e-01 -4.666831e-01
     vertex  3.283702e-01 -2.714011e-01  5.731798e-01
     vertex  1.633467e-01  2.914943e-01 -4.608431e-01
   endloop
 endfacet
 facet normal -2.051010e-01  8.455059e-01  4.930044e-01
   outer loop
     vertex  1.633467e-01  2.914943e-01 -4.608431e-01
     vertex  3.283702e-01 -2.714011e-01  5.731798e-01
     vertex  1.796245e-01  2.917347e-01 -4.544836e-01
   endloop
 endfacet
 facet normal -2.224566e-01  8.410614e-01  4.930810e-01
   outer loop
     vertex  1.796245e-01  2.917347e-01 -4.544836e-01
     vertex  3.283702e-01 -2.714011e-01  5.731798e-01
     vertex  1.958199e-01  2.919876e-01 -4.476083e-01
   endloop
 endfacet
 facet normal -2.398920e-01  8.364281e-01  4.927878e-01
   outer loop
     vertex  1.958199e-01  2.919876e-01 -4.476083e-01
     vertex  3.283702e-01 -2.714011e-01  5.731798e-01
     vertex  2.119179e-01  2.922526e-01 -4.402215e-01
   endloop
 endfacet
 facet normal -2.574083e-01  8.316023e-01  4.921165e-01
   outer loop
     vertex  2.119179e-01  2.922526e-01 -4.402215e-01
     vertex  3.283702e-01 -2.714011e-01  5.731798e-01
     vertex  2.279035e-01  2.925294e-01 -4.323276e-01
   endloop
 endfacet
 facet normal -2.750069e-01  8.265794e-01  4.910578e-01
   outer loop
     vertex  2.279035e-01  2.925294e-01 -4.323276e-01
     vertex  3.283702e-01 -2.714011e-01  5.731798e-01
     vertex  2.437615e-01  2.928176e-01 -4.239318e-01
   endloop
 endfacet
 facet normal -2.926896e-01  8.213544e-01  4.896017e-01
   outer loop
     vertex  2.437615e-01  2.928176e-01 -4.239318e-01
     vertex  3.283702e-01 -2.714011e-01  5.731798e-01
     vertex  2.594765e-01  2.931168e-01 -4.150392e-01
   endloop
 endfacet
 facet normal -3.104585e-01  8.159216e-01  4.877370e-01
   outer loop
     vertex  2.594765e-01  2.931168e-01 -4.150392e-01
     vertex  3.283702e-01 -2.714011e-01  5.731798e-01
     vertex  2.750329e-01  2.934267e-01 -4.056556e-01
   endloop
 endfacet
 facet normal -3.283162e-01  8.102748e-01  4.854516e-01
   outer loop
     vertex  2.750329e-01  2.934267e-01 -4.056556e-01
     vertex  3.283702e-01 -2.714011e-01  5.731798e-01
     vertex  2.904151e-01  2.937470e-01 -3.957869e-01
   endloop
 endfacet
 facet normal -3.492832e-01  8.033870e-01  4.822557e-01
   outer loop
     vertex  2.904151e-01  2.937470e-01 -3.957869e-01
     vertex  3.283702e-01 -2.714011e-01  5.731798e-01
     vertex  3.106264e-01  2.941892e-01 -3.818853e-01
   endloop
 endfacet
 facet normal -3.749086e-01  7.946099e-01  4.775339e-01
   outer loop
     vertex  3.106264e-01  2.941892e-01 -3.818853e-01
     vertex  3.283702e-01 -2.714011e-01  5.731798e-01
     vertex  3.329129e-01  2.947066e-01 -3.652491e-01
   endloop
 endfacet
 facet normal -4.022460e-01  7.847954e-01  4.714810e-01
   outer loop
     vertex  3.329129e-01  2.947066e-01 -3.652491e-01
     vertex  3.283702e-01 -2.714011e-01  5.731798e-01
     vertex  3.546689e-01  2.952434e-01 -3.475814e-01
   endloop
 endfacet
 facet normal -4.298144e-01  7.743968e-01  4.642942e-01
   outer loop
     vertex  3.546689e-01  2.952434e-01 -3.475814e-01
     vertex  3.283702e-01 -2.714011e-01  5.731798e-01
     vertex  3.758390e-01  2.957981e-01 -3.289087e-01
   endloop
 endfacet
 facet normal -4.576211e-01  7.633731e-01  4.558997e-01
   outer loop
     vertex  3.758390e-01  2.957981e-01 -3.289087e-01
     vertex  3.283702e-01 -2.714011e-01  5.731798e-01
     vertex  3.963668e-01  2.963691e-01 -3.092595e-01
   endloop
 endfacet
 facet normal -4.856706e-01  7.516769e-01  4.462129e-01
   outer loop
     vertex  3.963668e-01  2.963691e-01 -3.092595e-01
     vertex  3.283702e-01 -2.714011e-01  5.731798e-01
     vertex  4.161951e-01  2.969547e-01 -2.886642e-01
   endloop
 endfacet
 facet normal -5.139630e-01  7.392545e-01  4.351377e-01
   outer loop
     vertex  4.161951e-01  2.969547e-01 -2.886642e-01
     vertex  3.283702e-01 -2.714011e-01  5.731798e-01
     vertex  4.352662e-01  2.975530e-01 -2.671549e-01
   endloop
 endfacet
 facet normal -5.424916e-01  7.260452e-01  4.225652e-01
   outer loop
     vertex  4.352662e-01  2.975530e-01 -2.671549e-01
     vertex  3.283702e-01 -2.714011e-01  5.731798e-01
     vertex  4.535213e-01  2.981622e-01 -2.447657e-01
   endloop
 endfacet
 facet normal -5.712401e-01  7.119806e-01  4.083728e-01
   outer loop
     vertex  4.535213e-01  2.981622e-01 -2.447657e-01
     vertex  3.283702e-01 -2.714011e-01  5.731798e-01
     vertex  4.709010e-01  2.987804e-01 -2.215323e-01
   endloop
 endfacet
 facet normal -6.001803e-01  6.969846e-01  3.924233e-01
   outer loop
     vertex  4.709010e-01  2.987804e-01 -2.215323e-01
     vertex  3.283702e-01 -2.714011e-01  5.731798e-01
     vertex  4.873451e-01  2.994055e-01 -1.974926e-01
   endloop
 endfacet
 facet normal -6.292669e-01  6.809734e-01  3.745644e-01
   outer loop
     vertex  4.873451e-01  2.994055e-01 -1.974926e-01
     vertex  3.283702e-01 -2.714011e-01  5.731798e-01
     vertex  5.027927e-01  3.000355e-01 -1.726861e-01
   endloop
 endfacet
 facet normal -6.584338e-01  6.638550e-01  3.546286e-01
   outer loop
     vertex  5.027927e-01  3.000355e-01 -1.726861e-01
     vertex  3.283702e-01 -2.714011e-01  5.731798e-01
     vertex  5.171819e-01  3.006682e-01 -1.471542e-01
   endloop
 endfacet
 facet normal -6.875880e-01  6.455309e-01  3.324343e-01
   outer loop
     vertex  5.171819e-01  3.006682e-01 -1.471542e-01
     vertex  3.283702e-01 -2.714011e-01  5.731798e-01
     vertex  5.304502e-01  3.013013e-01 -1.209402e-01
   endloop
 endfacet
 facet normal -7.166031e-01  6.258968e-01  3.077874e-01
   outer loop
     vertex  5.304502e-01  3.013013e-01 -1.209402e-01
     vertex  3.283702e-01 -2.714011e-01  5.731798e-01
     vertex  5.425344e-01  3.019326e-01 -9.408916e-02
   endloop
 endfacet
 facet normal -7.453121e-01  6.048453e-01  2.804852e-01
   outer loop
     vertex  5.425344e-01  3.019326e-01 -9.408916e-02
     vertex  3.283702e-01 -2.714011e-01  5.731798e-01
     vertex  5.533702e-01  3.025596e-01 -6.664808e-02
   endloop
 endfacet
 facet normal -7.734994e-01  5.822696e-01  2.503213e-01
   outer loop
     vertex  5.533702e-01  3.025596e-01 -6.664808e-02
     vertex  3.283702e-01 -2.714011e-01  5.731798e-01
     vertex  5.628929e-01  3.031800e-01 -3.866576e-02
   endloop
 endfacet
 facet normal -7.995180e-01  5.593594e-01  2.188334e-01
   outer loop
     vertex  5.628929e-01  3.031800e-01 -3.866576e-02
     vertex  3.283702e-01 -2.714011e-01  5.731798e-01
     vertex  5.702863e-01  3.037305e-01 -1.306075e-02
   endloop
 endfacet
 facet normal -8.220880e-01  5.374259e-01  1.880019e-01
   outer loop
     vertex  5.702863e-01  3.037305e-01 -1.306075e-02
     vertex  3.283702e-01 -2.714011e-01  5.731798e-01
     vertex  5.759455e-01  3.042180e-01  1.029198e-02
   endloop
 endfacet
 facet normal -8.425199e-01  5.154249e-01  1.565166e-01
   outer loop
     vertex  5.759455e-01  3.042180e-01  1.029198e-02
     vertex  3.283702e-01 -2.714011e-01  5.731798e-01
     vertex  5.806252e-01  3.046965e-01  3.390697e-02
   endloop
 endfacet
 facet normal -8.617593e-01  4.922428e-01  1.227519e-01
   outer loop
     vertex  5.806252e-01  3.046965e-01  3.390697e-02
     vertex  3.283702e-01 -2.714011e-01  5.731798e-01
     vertex  5.842895e-01  3.051645e-01  5.775473e-02
   endloop
 endfacet
 facet normal -8.795336e-01  4.678769e-01  8.667044e-02
   outer loop
     vertex  5.842895e-01  3.051645e-01  5.775473e-02
     vertex  3.283702e-01 -2.714011e-01  5.731798e-01
     vertex  5.869021e-01  3.056206e-01  8.180498e-02
   endloop
 endfacet
 facet normal -8.955429e-01  4.423493e-01  4.827016e-02
   outer loop
     vertex  5.869021e-01  3.056206e-01  8.180498e-02
     vertex  3.283702e-01 -2.714011e-01  5.731798e-01
     vertex  5.884263e-01  3.060633e-01  1.060266e-01
   endloop
 endfacet
 facet normal -9.094647e-01  4.157119e-01  7.592822e-03
   outer loop
     vertex  5.884263e-01  3.060633e-01  1.060266e-01
     vertex  3.283702e-01 -2.714011e-01  5.731798e-01
     vertex  5.888252e-01  3.064910e-01  1.303878e-01
   endloop
 endfacet
 facet normal -9.209620e-01  3.880530e-01 -3.526798e-02
   outer loop
     vertex  5.888252e-01  3.064910e-01  1.303878e-01
     vertex  3.283702e-01 -2.714011e-01  5.731798e-01
     vertex  5.880614e-01  3.069021e-01  1.548558e-01
   endloop
 endfacet
 facet normal -9.296952e-01  3.595015e-01 -8.015986e-02
   outer loop
     vertex  5.880614e-01  3.069021e-01  1.548558e-01
     vertex  3.283702e-01 -2.714011e-01  5.731798e-01
     vertex  5.860973e-01  3.072950e-01  1.793972e-01
   endloop
 endfacet
 facet normal -9.351158e-01  3.317583e-01 -1.244786e-01
   outer loop
     vertex  5.860973e-01  3.072950e-01  1.793972e-01
     vertex  3.283702e-01 -2.714011e-01  5.731798e-01
     vertex  5.832721e-01  3.076317e-01  2.015189e-01
   endloop
 endfacet
 facet normal -9.373971e-01  3.063879e-01 -1.655692e-01
   outer loop
     vertex  5.832721e-01  3.076317e-01  2.015189e-01
     vertex  3.283702e-01 -2.714011e-01  5.731798e-01
     vertex  5.798487e-01  3.079200e-01  2.214345e-01
   endloop
 endfacet
 facet normal -9.371427e-01  2.821148e-01 -2.053650e-01
   outer loop
     vertex  5.798487e-01  3.079200e-01  2.214345e-01
     vertex  3.283702e-01 -2.714011e-01  5.731798e-01
     vertex  5.755698e-01  3.081935e-01  2.413360e-01
   endloop
 endfacet
 facet normal -9.344113e-01  2.578058e-01 -2.457880e-01
   outer loop
     vertex  5.755698e-01  3.081935e-01  2.413360e-01
     vertex  3.283702e-01 -2.714011e-01  5.731798e-01
     vertex  5.704147e-01  3.084511e-01  2.612043e-01
   endloop
 endfacet
 facet normal -9.291221e-01  2.336320e-01 -2.866150e-01
   outer loop
     vertex  5.704147e-01  3.084511e-01  2.612043e-01
     vertex  3.283702e-01 -2.714011e-01  5.731798e-01
     vertex  5.643626e-01  3.086920e-01  2.810196e-01
   endloop
 endfacet
 facet normal -9.212313e-01  2.097761e-01 -3.276078e-01
   outer loop
     vertex  5.643626e-01  3.086920e-01  2.810196e-01
     vertex  3.283702e-01 -2.714011e-01  5.731798e-01
     vertex  5.573927e-01  3.089152e-01  3.007620e-01
   endloop
 endfacet
 facet normal -9.107348e-01  1.864285e-01 -3.685195e-01
   outer loop
     vertex  5.573927e-01  3.089152e-01  3.007620e-01
     vertex  3.283702e-01 -2.714011e-01  5.731798e-01
     vertex  5.494838e-01  3.091198e-01  3.204111e-01
   endloop
 endfacet
 facet normal -8.976700e-01  1.637822e-01 -4.091014e-01
   outer loop
     vertex  5.494838e-01  3.091198e-01  3.204111e-01
     vertex  3.283702e-01 -2.714011e-01  5.731798e-01
     vertex  5.406146e-01  3.093048e-01  3.399462e-01
   endloop
 endfacet
 facet normal -8.821155e-01  1.420279e-01 -4.491106e-01
   outer loop
     vertex  5.406146e-01  3.093048e-01  3.399462e-01
     vertex  3.283702e-01 -2.714011e-01  5.731798e-01
     vertex  5.307639e-01  3.094692e-01  3.593464e-01
   endloop
 endfacet
 facet normal -8.641884e-01  1.213489e-01 -4.883163e-01
   outer loop
     vertex  5.307639e-01  3.094692e-01  3.593464e-01
     vertex  3.283702e-01 -2.714011e-01  5.731798e-01
     vertex  5.199102e-01  3.096120e-01  3.785901e-01
   endloop
 endfacet
 facet normal -8.440404e-01  1.019164e-01 -5.265063e-01
   outer loop
     vertex  5.199102e-01  3.096120e-01  3.785901e-01
     vertex  3.283702e-01 -2.714011e-01  5.731798e-01
     vertex  5.080317e-01  3.097321e-01  3.976558e-01
   endloop
 endfacet
 facet normal -8.218517e-01  8.388558e-02 -5.634918e-01
   outer loop
     vertex  5.080317e-01  3.097321e-01  3.976558e-01
     vertex  3.283702e-01 -2.714011e-01  5.731798e-01
     vertex  4.951066e-01  3.098287e-01  4.165213e-01
   endloop
 endfacet
 facet normal -7.978246e-01  6.739256e-02 -5.991111e-01
   outer loop
     vertex  4.951066e-01  3.098287e-01  4.165213e-01
     vertex  3.283702e-01 -2.714011e-01  5.731798e-01
     vertex  4.811131e-01  3.099006e-01  4.351643e-01
   endloop
 endfacet
 facet normal -7.721766e-01  5.255232e-02 -6.332311e-01
   outer loop
     vertex  4.811131e-01  3.099006e-01  4.351643e-01
     vertex  3.283702e-01 -2.714011e-01  5.731798e-01
     vertex  4.660290e-01  3.099468e-01  4.535619e-01
   endloop
 endfacet
 facet normal -7.451324e-01  3.945775e-02 -6.657483e-01
   outer loop
     vertex  4.660290e-01  3.099468e-01  4.535619e-01
     vertex  3.283702e-01 -2.714011e-01  5.731798e-01
     vertex  4.498322e-01  3.099661e-01  4.716913e-01
   endloop
 endfacet
 facet normal -7.169183e-01  2.817958e-02 -6.965874e-01
   outer loop
     vertex  4.498322e-01  3.099661e-01  4.716913e-01
     vertex  3.283702e-01 -2.714011e-01  5.731798e-01
     vertex  4.325002e-01  3.099577e-01  4.895288e-01
   endloop
 endfacet
 facet normal -6.877556e-01  1.876719e-02 -7.256997e-01
   outer loop
     vertex  4.325002e-01  3.099577e-01  4.895288e-01
     vertex  3.283702e-01 -2.714011e-01  5.731798e-01
     vertex  4.140105e-01  3.099202e-01  5.070508e-01
   endloop
 endfacet
 facet normal  9.828593e-01 -1.070235e-04 -1.843570e-01
   outer loop
     vertex  3.282676e-01  1.545682e-01  5.723851e-01
     vertex  3.283702e-01 -2.714011e-01  5.731798e-01
     vertex  3.283585e-01 -2.617197e-01  5.731115e-01
   endloop
 endfacet
 facet normal  9.828593e-01 -1.070235e-04 -1.843570e-01
   outer loop
     vertex  3.282676e-01  1.545682e-01  5.723851e-01
     vertex  3.283585e-01 -2.617197e-01  5.731115e-01
     vertex  3.282067e-01 -3.276080e-04  5.721505e-01
   endloop
 endfacet
 facet normal  9.828593e-01 -1.070235e-04 -1.843570e-01
   outer loop
     vertex  3.282067e-01 -3.276080e-04  5.721505e-01
     vertex  3.283585e-01 -2.617197e-01  5.731115e-01
     vertex  3.283528e-01 -2.568791e-01  5.730782e-01
   endloop
 endfacet
 facet normal  9.828593e-01 -1.070235e-04 -1.843570e-01
   outer loop
     vertex  3.282067e-01 -3.276080e-04  5.721505e-01
     vertex  3.283528e-01 -2.568791e-01  5.730782e-01
     vertex  3.282581e-01 -1.552258e-01  5.725143e-01
   endloop
 endfacet
 facet normal  9.828593e-01 -1.070235e-04 -1.843570e-01
   outer loop
     vertex  3.282581e-01 -1.552258e-01  5.725143e-01
     vertex  3.283528e-01 -2.568791e-01  5.730782e-01
     vertex  3.283471e-01 -2.520384e-01  5.730455e-01
   endloop
 endfacet
 facet normal  9.828593e-01 -1.070235e-04 -1.843570e-01
   outer loop
     vertex  3.282581e-01 -1.552258e-01  5.725143e-01
     vertex  3.283471e-01 -2.520384e-01  5.730455e-01
     vertex  3.283258e-01 -2.326758e-01  5.729206e-01
   endloop
 endfacet
 facet normal -7.298012e-01  2.981769e-02 -6.830089e-01
   outer loop
     vertex  3.392624e-01  2.773814e-01  5.854993e-01
     vertex  4.140105e-01  3.099202e-01  5.070508e-01
     vertex  3.283702e-01 -2.714011e-01  5.731798e-01
   endloop
 endfacet
 facet normal  7.537568e-01  2.691392e-03 -6.571480e-01
   outer loop
     vertex  3.392624e-01  2.773814e-01  5.854993e-01
     vertex  3.282676e-01  1.545682e-01  5.723851e-01
     vertex  3.284407e-01  3.094616e-01  5.732180e-01
   endloop
 endfacet
 facet normal -6.283187e-01 -2.935593e-01 -7.204433e-01
   outer loop
     vertex  3.392624e-01  2.773814e-01  5.854993e-01
     vertex  3.943404e-01  3.098527e-01  5.242331e-01
     vertex  4.140105e-01  3.099202e-01  5.070508e-01
   endloop
 endfacet
 facet normal -5.796814e-01 -3.783700e-01 -7.216686e-01
   outer loop
     vertex  3.392624e-01  2.773814e-01  5.854993e-01
     vertex  3.734672e-01  3.097540e-01  5.410513e-01
     vertex  3.943404e-01  3.098527e-01  5.242331e-01
   endloop
 endfacet
 facet normal -5.374052e-01 -4.290335e-01 -7.260344e-01
   outer loop
     vertex  3.392624e-01  2.773814e-01  5.854993e-01
     vertex  3.515675e-01  3.096242e-01  5.573380e-01
     vertex  3.734672e-01  3.097540e-01  5.410513e-01
   endloop
 endfacet
 facet normal -5.028416e-01 -4.517464e-01 -7.369366e-01
   outer loop
     vertex  3.392624e-01  2.773814e-01  5.854993e-01
     vertex  3.284407e-01  3.094616e-01  5.732180e-01
     vertex  3.515675e-01  3.096242e-01  5.573380e-01
   endloop
 endfacet
 facet normal  7.709131e-01 -1.002420e-03 -6.369395e-01
   outer loop
     vertex  3.392624e-01  2.773814e-01  5.854993e-01
     vertex  3.283702e-01 -2.714011e-01  5.731798e-01
     vertex  3.282676e-01  1.545682e-01  5.723851e-01
   endloop
 endfacet
 facet normal  5.602226e-02 -9.980246e-01  2.843255e-02
   outer loop
     vertex -1.824756e-01 -2.824399e-01  6.442979e-01
     vertex -4.916481e-01 -3.172712e-01  3.084878e-02
     vertex -4.916622e-01 -3.175301e-01  2.178659e-02
   endloop
 endfacet
 facet normal  5.456024e-02 -9.980845e-01  2.916208e-02
   outer loop
     vertex -1.824756e-01 -2.824399e-01  6.442979e-01
     vertex -4.916622e-01 -3.175301e-01  2.178659e-02
     vertex -4.915481e-01 -3.177879e-01  1.274934e-02
   endloop
 endfacet
 facet normal  5.315861e-02 -9.981398e-01  2.985111e-02
   outer loop
     vertex -1.824756e-01 -2.824399e-01  6.442979e-01
     vertex -4.915481e-01 -3.177879e-01  1.274934e-02
     vertex -4.913065e-01 -3.180445e-01  3.739135e-03
   endloop
 endfacet
 facet normal  5.181348e-02 -9.981908e-01  3.050248e-02
   outer loop
     vertex -1.824756e-01 -2.824399e-01  6.442979e-01
     vertex -4.913065e-01 -3.180445e-01  3.739135e-03
     vertex -4.909381e-01 -3.182999e-01 -5.241943e-03
   endloop
 endfacet
 facet normal  5.052124e-02 -9.982381e-01  3.111876e-02
   outer loop
     vertex -1.824756e-01 -2.824399e-01  6.442979e-01
     vertex -4.909381e-01 -3.182999e-01 -5.241943e-03
     vertex -4.904435e-01 -3.185538e-01 -1.419183e-02
   endloop
 endfacet
 facet normal  4.927863e-02 -9.982818e-01  3.170231e-02
   outer loop
     vertex -1.824756e-01 -2.824399e-01  6.442979e-01
     vertex -4.904435e-01 -3.185538e-01 -1.419183e-02
     vertex -4.898235e-01 -3.188064e-01 -2.310847e-02
   endloop
 endfacet
 facet normal  4.808261e-02 -9.983224e-01  3.225531e-02
   outer loop
     vertex -1.824756e-01 -2.824399e-01  6.442979e-01
     vertex -4.898235e-01 -3.188064e-01 -2.310847e-02
     vertex -4.890787e-01 -3.190575e-01 -3.198986e-02
   endloop
 endfacet
 facet normal  4.693042e-02 -9.983602e-01  3.277971e-02
   outer loop
     vertex -1.824756e-01 -2.824399e-01  6.442979e-01
     vertex -4.890787e-01 -3.190575e-01 -3.198986e-02
     vertex -4.882100e-01 -3.193070e-01 -4.083399e-02
   endloop
 endfacet
 facet normal  4.581948e-02 -9.983953e-01  3.327735e-02
   outer loop
     vertex -1.824756e-01 -2.824399e-01  6.442979e-01
     vertex -4.882100e-01 -3.193070e-01 -4.083399e-02
     vertex -4.872180e-01 -3.195550e-01 -4.963888e-02
   endloop
 endfacet
 facet normal  4.474743e-02 -9.984281e-01  3.374989e-02
   outer loop
     vertex -1.824756e-01 -2.824399e-01  6.442979e-01
     vertex -4.872180e-01 -3.195550e-01 -4.963888e-02
     vertex -4.861034e-01 -3.198013e-01 -5.840257e-02
   endloop
 endfacet
 facet normal  2.554620e-02 -9.987882e-01  4.206564e-02
   outer loop
     vertex -1.824756e-01 -2.824399e-01  6.442979e-01
     vertex -4.861034e-01 -3.198013e-01 -5.840257e-02
     vertex  1.474531e-01 -3.267020e-01 -6.070069e-01
   endloop
 endfacet
 facet normal -3.352672e-01  6.857127e-03  9.420981e-01
   outer loop
     vertex -6.942227e-01 -2.814204e-01  2.093332e-01
     vertex  3.284007e-01 -2.949993e-01  5.733561e-01
     vertex  3.283999e-01 -2.943942e-01  5.733514e-01
   endloop
 endfacet
 facet normal -4.015935e-01  6.576462e-03  9.157944e-01
   outer loop
     vertex -7.244188e-01 -2.821631e-01  1.115822e-01
     vertex  3.284015e-01 -2.956044e-01  5.733608e-01
     vertex  3.284007e-01 -2.949993e-01  5.733561e-01
   endloop
 endfacet
 facet normal -5.050734e-01  6.050119e-03  8.630552e-01
   outer loop
     vertex -7.389621e-01 -2.834517e-01 -5.136226e-02
     vertex  3.284032e-01 -2.968146e-01  5.733702e-01
     vertex  3.284024e-01 -2.962095e-01  5.733655e-01
   endloop
 endfacet
 facet normal -5.759353e-01  5.609174e-03  8.174760e-01
   outer loop
     vertex -7.236789e-01 -2.844298e-01 -1.679367e-01
     vertex  3.284040e-01 -2.974197e-01  5.733749e-01
     vertex  3.284032e-01 -2.968146e-01  5.733702e-01
   endloop
 endfacet
 facet normal -6.826163e-01  4.804600e-03  7.307612e-01
   outer loop
     vertex -6.568294e-01 -2.860922e-01 -3.470225e-01
     vertex  3.284057e-01 -2.986298e-01  5.733844e-01
     vertex  3.284048e-01 -2.980248e-01  5.733797e-01
   endloop
 endfacet
 facet normal  3.128390e-01 -8.460729e-01 -4.316161e-01
   outer loop
     vertex -4.561745e-01 -2.805775e-01  5.125485e-01
     vertex -4.876543e-01 -2.796071e-01  4.878295e-01
     vertex -4.378602e-01 -2.805229e-01  5.257157e-01
   endloop
 endfacet
 facet normal  5.464114e-01 -4.392303e-01 -7.130998e-01
   outer loop
     vertex -4.746503e-01 -2.806386e-01  4.984291e-01
     vertex -4.876543e-01 -2.796071e-01  4.878295e-01
     vertex -4.561745e-01 -2.805775e-01  5.125485e-01
   endloop
 endfacet
 facet normal  6.621470e-01 -2.767737e-01 -6.963890e-01
   outer loop
     vertex -5.303925e-01 -2.808650e-01  4.499611e-01
     vertex -5.400133e-01 -2.797539e-01  4.403718e-01
     vertex -5.141408e-01 -2.796717e-01  4.649394e-01
   endloop
 endfacet
 facet normal  7.016482e-01 -4.062435e-01 -5.853683e-01
   outer loop
     vertex -6.029572e-01 -2.791485e-01  3.686230e-01
     vertex -5.701543e-01 -2.799730e-01  4.085141e-01
     vertex -5.849907e-01 -2.811660e-01  3.915585e-01
   endloop
 endfacet
 facet normal  7.808306e-01 -1.549454e-01 -6.052235e-01
   outer loop
     vertex -6.029572e-01 -2.791485e-01  3.686230e-01
     vertex -5.989904e-01 -2.802154e-01  3.740139e-01
     vertex -6.025209e-01 -2.812847e-01  3.697327e-01
   endloop
 endfacet
 facet normal  7.329565e-01 -3.167696e-01 -6.020230e-01
   outer loop
     vertex -6.029572e-01 -2.791485e-01  3.686230e-01
     vertex -5.849907e-01 -2.811660e-01  3.915585e-01
     vertex -5.989904e-01 -2.802154e-01  3.740139e-01
   endloop
 endfacet
 facet normal  8.136422e-01 -1.478352e-01 -5.622554e-01
   outer loop
     vertex -6.231378e-01 -2.792972e-01  3.409332e-01
     vertex -6.195482e-01 -2.814132e-01  3.466841e-01
     vertex -6.261814e-01 -2.804814e-01  3.368401e-01
   endloop
 endfacet
 facet normal  8.016772e-01 -1.849240e-01 -5.684336e-01
   outer loop
     vertex -6.231378e-01 -2.792972e-01  3.409332e-01
     vertex -6.131046e-01 -2.792211e-01  3.550586e-01
     vertex -6.195482e-01 -2.814132e-01  3.466841e-01
   endloop
 endfacet
 facet normal  8.124677e-01 -2.146658e-01 -5.420470e-01
   outer loop
     vertex -6.350345e-01 -2.794410e-01  3.231584e-01
     vertex -6.231378e-01 -2.792972e-01  3.409332e-01
     vertex -6.261814e-01 -2.804814e-01  3.368401e-01
   endloop
 endfacet
 facet normal -6.350236e-04 -9.995348e-01 -3.049121e-02
   outer loop
     vertex -7.046096e-01 -2.824028e-01  1.819425e-01
     vertex -7.111037e-01 -2.817801e-01  1.616658e-01
     vertex  3.284007e-01 -2.949993e-01  5.733561e-01
   endloop
 endfacet
 facet normal -8.291216e-01  3.275595e-03  5.590587e-01
   outer loop
     vertex -4.554191e-01 -2.884528e-01 -5.891401e-01
     vertex  3.284081e-01 -3.004451e-01  5.733987e-01
     vertex  3.284073e-01 -2.998400e-01  5.733940e-01
   endloop
 endfacet
 facet normal -8.750628e-01  2.624950e-03  4.840024e-01
   outer loop
     vertex -3.537397e-01 -2.897954e-01 -6.599632e-01
     vertex  3.284090e-01 -3.010502e-01  5.734035e-01
     vertex  3.284081e-01 -3.004451e-01  5.733987e-01
   endloop
 endfacet
 facet normal -9.161288e-01  1.914579e-03  4.008794e-01
   outer loop
     vertex -2.364709e-01 -2.912857e-01 -7.175618e-01
     vertex  3.284098e-01 -3.016553e-01  5.734083e-01
     vertex  3.284090e-01 -3.010502e-01  5.734035e-01
   endloop
 endfacet
 facet normal -3.676507e-02 -9.964973e-01  7.510976e-02
   outer loop
     vertex -2.653262e-01 -2.814174e-01  6.173092e-01
     vertex -4.916481e-01 -3.172712e-01  3.084878e-02
     vertex -1.824756e-01 -2.824399e-01  6.442979e-01
   endloop
 endfacet
 facet normal -4.499675e-02 -9.959177e-01  7.825103e-02
   outer loop
     vertex -2.653262e-01 -2.814174e-01  6.173092e-01
     vertex -3.446637e-01 -2.806264e-01  5.817554e-01
     vertex -4.916481e-01 -3.172712e-01  3.084878e-02
   endloop
 endfacet
 facet normal  4.722965e-01 -3.976469e-01 -7.866466e-01
   outer loop
     vertex -3.905190e-01 -2.810670e-01  5.563373e-01
     vertex -4.078000e-01 -2.805307e-01  5.456908e-01
     vertex -3.762940e-01 -2.805668e-01  5.646250e-01
   endloop
 endfacet
 facet normal  5.054406e-01 -2.289057e-01 -8.319447e-01
   outer loop
     vertex -4.005929e-01 -2.810776e-01  5.502199e-01
     vertex -4.078000e-01 -2.805307e-01  5.456908e-01
     vertex -3.905190e-01 -2.810670e-01  5.563373e-01
   endloop
 endfacet
 facet normal  5.316816e-01 -7.098087e-03 -8.469146e-01
   outer loop
     vertex -4.108996e-01 -2.810892e-01  5.437496e-01
     vertex -4.078000e-01 -2.805307e-01  5.456908e-01
     vertex -4.005929e-01 -2.810776e-01  5.502199e-01
   endloop
 endfacet
 facet normal  3.783574e-01 -6.773847e-01 -6.308690e-01
   outer loop
     vertex -4.191556e-01 -2.800332e-01  5.383462e-01
     vertex -3.762940e-01 -2.805668e-01  5.646250e-01
     vertex -4.078000e-01 -2.805307e-01  5.456908e-01
   endloop
 endfacet
 facet normal -6.705507e-02 -9.943295e-01  8.253801e-02
   outer loop
     vertex -4.191556e-01 -2.800332e-01  5.383462e-01
     vertex -4.876543e-01 -2.796071e-01  4.878295e-01
     vertex -4.916481e-01 -3.172712e-01  3.084878e-02
   endloop
 endfacet
 facet normal -5.506222e-02 -9.952011e-01  8.088887e-02
   outer loop
     vertex -4.191556e-01 -2.800332e-01  5.383462e-01
     vertex -4.916481e-01 -3.172712e-01  3.084878e-02
     vertex -3.446637e-01 -2.806264e-01  5.817554e-01
   endloop
 endfacet
 facet normal  7.706522e-02 -9.863189e-01 -1.457257e-01
   outer loop
     vertex -4.191556e-01 -2.800332e-01  5.383462e-01
     vertex -3.446637e-01 -2.806264e-01  5.817554e-01
     vertex -3.762940e-01 -2.805668e-01  5.646250e-01
   endloop
 endfacet
 facet normal  3.177284e-01 -8.409965e-01 -4.379196e-01
   outer loop
     vertex -4.191556e-01 -2.800332e-01  5.383462e-01
     vertex -4.378602e-01 -2.805229e-01  5.257157e-01
     vertex -4.876543e-01 -2.796071e-01  4.878295e-01
   endloop
 endfacet
 facet normal  5.545329e-01 -1.699604e-01 -8.146206e-01
   outer loop
     vertex -4.191556e-01 -2.800332e-01  5.383462e-01
     vertex -4.227679e-01 -2.805245e-01  5.359897e-01
     vertex -4.378602e-01 -2.805229e-01  5.257157e-01
   endloop
 endfacet
 facet normal  5.391104e-01 -7.677532e-02 -8.387285e-01
   outer loop
     vertex -4.191556e-01 -2.800332e-01  5.383462e-01
     vertex -4.078000e-01 -2.805307e-01  5.456908e-01
     vertex -4.108996e-01 -2.810892e-01  5.437496e-01
   endloop
 endfacet
 facet normal  5.506205e-01 -5.258083e-02 -8.330980e-01
   outer loop
     vertex -4.214287e-01 -2.811020e-01  5.369113e-01
     vertex -4.227679e-01 -2.805245e-01  5.359897e-01
     vertex -4.191556e-01 -2.800332e-01  5.383462e-01
   endloop
 endfacet
 facet normal  5.573785e-01 -1.374892e-01 -8.187954e-01
   outer loop
     vertex -4.321685e-01 -2.811161e-01  5.296898e-01
     vertex -4.378602e-01 -2.805229e-01  5.257157e-01
     vertex -4.227679e-01 -2.805245e-01  5.359897e-01
   endloop
 endfacet
 facet normal  5.756569e-01 -1.692620e-01 -7.999809e-01
   outer loop
     vertex -4.431060e-01 -2.811318e-01  5.220697e-01
     vertex -4.561745e-01 -2.805775e-01  5.125485e-01
     vertex -4.378602e-01 -2.805229e-01  5.257157e-01
   endloop
 endfacet
 facet normal  5.923739e-01 -2.230277e-01 -7.741782e-01
   outer loop
     vertex -4.655164e-01 -2.811689e-01  5.055708e-01
     vertex -4.746503e-01 -2.806386e-01  4.984291e-01
     vertex -4.561745e-01 -2.805775e-01  5.125485e-01
   endloop
 endfacet
 facet normal  6.374992e-01 -8.949353e-02 -7.652357e-01
   outer loop
     vertex -4.885304e-01 -2.812149e-01  4.872877e-01
     vertex -4.932249e-01 -2.807065e-01  4.833173e-01
     vertex -4.876543e-01 -2.796071e-01  4.878295e-01
   endloop
 endfacet
 facet normal  6.403190e-01 -1.908562e-01 -7.440198e-01
   outer loop
     vertex -5.002170e-01 -2.812418e-01  4.774370e-01
     vertex -4.876543e-01 -2.796071e-01  4.878295e-01
     vertex -4.932249e-01 -2.807065e-01  4.833173e-01
   endloop
 endfacet
 facet normal  6.390302e-01 -2.139359e-01 -7.388314e-01
   outer loop
     vertex -5.002170e-01 -2.812418e-01  4.774370e-01
     vertex -5.141408e-01 -2.796717e-01  4.649394e-01
     vertex -4.876543e-01 -2.796071e-01  4.878295e-01
   endloop
 endfacet
 facet normal  6.658760e-01 -1.017559e-01 -7.390906e-01
   outer loop
     vertex -5.119956e-01 -2.812717e-01  4.670924e-01
     vertex -5.141408e-01 -2.796717e-01  4.649394e-01
     vertex -5.118303e-01 -2.807819e-01  4.671739e-01
   endloop
 endfacet
 facet normal  6.731452e-01 -1.870083e-01 -7.154743e-01
   outer loop
     vertex -5.238431e-01 -2.813046e-01  4.562379e-01
     vertex -5.303925e-01 -2.808650e-01  4.499611e-01
     vertex -5.141408e-01 -2.796717e-01  4.649394e-01
   endloop
 endfacet
 facet normal  6.731689e-01 -8.579397e-02 -7.344951e-01
   outer loop
     vertex -5.238431e-01 -2.813046e-01  4.562379e-01
     vertex -5.141408e-01 -2.796717e-01  4.649394e-01
     vertex -5.119956e-01 -2.812717e-01  4.670924e-01
   endloop
 endfacet
 facet normal  6.902028e-01 -1.439747e-01 -7.091484e-01
   outer loop
     vertex -5.357350e-01 -2.813408e-01  4.448579e-01
     vertex -5.400133e-01 -2.797539e-01  4.403718e-01
     vertex -5.303925e-01 -2.808650e-01  4.499611e-01
   endloop
 endfacet
 facet normal  7.047305e-01 -8.965533e-02 -7.037875e-01
   outer loop
     vertex -5.476451e-01 -2.813806e-01  4.329370e-01
     vertex -5.400133e-01 -2.797539e-01  4.403718e-01
     vertex -5.357350e-01 -2.813408e-01  4.448579e-01
   endloop
 endfacet
 facet normal  7.059641e-01 -1.303697e-01 -6.961454e-01
   outer loop
     vertex -5.491888e-01 -2.793205e-01  4.309857e-01
     vertex -5.400133e-01 -2.797539e-01  4.403718e-01
     vertex -5.476451e-01 -2.813806e-01  4.329370e-01
   endloop
 endfacet
 facet normal  4.753231e-01 -7.252053e-01 -4.981418e-01
   outer loop
     vertex -5.491888e-01 -2.793205e-01  4.309857e-01
     vertex -5.141408e-01 -2.796717e-01  4.649394e-01
     vertex -5.400133e-01 -2.797539e-01  4.403718e-01
   endloop
 endfacet
 facet normal -8.090559e-02 -9.932954e-01  8.257384e-02
   outer loop
     vertex -5.491888e-01 -2.793205e-01  4.309857e-01
     vertex -4.916481e-01 -3.172712e-01  3.084878e-02
     vertex -4.876543e-01 -2.796071e-01  4.878295e-01
   endloop
 endfacet
 facet normal  3.859911e-01 -8.594613e-01 -3.351674e-01
   outer loop
     vertex -5.491888e-01 -2.793205e-01  4.309857e-01
     vertex -5.701543e-01 -2.799730e-01  4.085141e-01
     vertex -6.029572e-01 -2.791485e-01  3.686230e-01
   endloop
 endfacet
 facet normal  7.110590e-01 -1.229150e-01 -6.923056e-01
   outer loop
     vertex -5.491888e-01 -2.793205e-01  4.309857e-01
     vertex -5.476451e-01 -2.813806e-01  4.329370e-01
     vertex -5.488316e-01 -2.809565e-01  4.316431e-01
   endloop
 endfacet
 facet normal -9.625640e-02 -9.921159e-01  8.025448e-02
   outer loop
     vertex -5.491888e-01 -2.793205e-01  4.309857e-01
     vertex -6.029572e-01 -2.791485e-01  3.686230e-01
     vertex -4.916481e-01 -3.172712e-01  3.084878e-02
   endloop
 endfacet
 facet normal  1.040705e-01 -9.875883e-01 -1.176377e-01
   outer loop
     vertex -5.491888e-01 -2.793205e-01  4.309857e-01
     vertex -4.876543e-01 -2.796071e-01  4.878295e-01
     vertex -5.141408e-01 -2.796717e-01  4.649394e-01
   endloop
 endfacet
 facet normal  7.173447e-01 -2.139510e-01 -6.630548e-01
   outer loop
     vertex -5.595454e-01 -2.814240e-01  4.204599e-01
     vertex -5.701543e-01 -2.799730e-01  4.085141e-01
     vertex -5.491888e-01 -2.793205e-01  4.309857e-01
   endloop
 endfacet
 facet normal  7.388468e-01 -1.310767e-01 -6.610025e-01
   outer loop
     vertex -5.714061e-01 -2.814714e-01  4.074121e-01
     vertex -5.701543e-01 -2.799730e-01  4.085141e-01
     vertex -5.670616e-01 -2.810567e-01  4.121859e-01
   endloop
 endfacet
 facet normal  7.851577e-01 -1.515860e-01 -6.004573e-01
   outer loop
     vertex -6.055940e-01 -2.816385e-01  3.658037e-01
     vertex -6.029572e-01 -2.791485e-01  3.686230e-01
     vertex -6.025209e-01 -2.812847e-01  3.697327e-01
   endloop
 endfacet
 facet normal  9.074300e-02 -9.939069e-01 -6.256750e-02
   outer loop
     vertex -6.483185e-01 -2.790690e-01  3.015714e-01
     vertex -6.029572e-01 -2.791485e-01  3.686230e-01
     vertex -6.131046e-01 -2.792211e-01  3.550586e-01
   endloop
 endfacet
 facet normal  1.556801e-01 -9.821805e-01 -1.052863e-01
   outer loop
     vertex -6.483185e-01 -2.790690e-01  3.015714e-01
     vertex -6.131046e-01 -2.792211e-01  3.550586e-01
     vertex -6.231378e-01 -2.792972e-01  3.409332e-01
   endloop
 endfacet
 facet normal  4.697881e-02  9.924990e-01 -1.128662e-01
   outer loop
     vertex -6.483185e-01 -2.790690e-01  3.015714e-01
     vertex  3.283999e-01 -2.943942e-01  5.733514e-01
     vertex -4.916481e-01 -3.172712e-01  3.084878e-02
   endloop
 endfacet
 facet normal  4.096294e-01 -8.722717e-01 -2.671065e-01
   outer loop
     vertex -6.483185e-01 -2.790690e-01  3.015714e-01
     vertex -6.231378e-01 -2.792972e-01  3.409332e-01
     vertex -6.350345e-01 -2.794410e-01  3.231584e-01
   endloop
 endfacet
 facet normal -1.123270e-01 -9.908508e-01  7.481585e-02
   outer loop
     vertex -6.483185e-01 -2.790690e-01  3.015714e-01
     vertex -4.916481e-01 -3.172712e-01  3.084878e-02
     vertex -6.029572e-01 -2.791485e-01  3.686230e-01
   endloop
 endfacet
 facet normal  8.153428e-01 -2.803616e-01 -5.065703e-01
   outer loop
     vertex -6.483185e-01 -2.790690e-01  3.015714e-01
     vertex -6.350345e-01 -2.794410e-01  3.231584e-01
     vertex -6.467035e-01 -2.795901e-01  3.044592e-01
   endloop
 endfacet
 facet normal  8.504480e-01 -1.799221e-01 -4.943342e-01
   outer loop
     vertex -6.525346e-01 -2.791126e-01  2.943762e-01
     vertex -6.513691e-01 -2.807709e-01  2.969849e-01
     vertex -6.516488e-01 -2.817005e-01  2.968421e-01
   endloop
 endfacet
 facet normal  8.163773e-01 -3.928226e-01 -4.233420e-01
   outer loop
     vertex -6.525346e-01 -2.791126e-01  2.943762e-01
     vertex -6.664852e-01 -2.818598e-01  2.700229e-01
     vertex -6.741787e-01 -2.810839e-01  2.544666e-01
   endloop
 endfacet
 facet normal -2.075248e-02 -9.996187e-01  1.821293e-02
   outer loop
     vertex -6.525346e-01 -2.791126e-01  2.943762e-01
     vertex  3.283999e-01 -2.943942e-01  5.733514e-01
     vertex -6.483185e-01 -2.790690e-01  3.015714e-01
   endloop
 endfacet
 facet normal -3.492649e-02 -9.970607e-01  6.819183e-02
   outer loop
     vertex -6.525346e-01 -2.791126e-01  2.943762e-01
     vertex -6.741787e-01 -2.810839e-01  2.544666e-01
     vertex  3.283999e-01 -2.943942e-01  5.733514e-01
   endloop
 endfacet
 facet normal  8.485415e-01 -1.840313e-01 -4.960946e-01
   outer loop
     vertex -6.525346e-01 -2.791126e-01  2.943762e-01
     vertex -6.483185e-01 -2.790690e-01  3.015714e-01
     vertex -6.513691e-01 -2.807709e-01  2.969849e-01
   endloop
 endfacet
 facet normal -1.061625e-02 -9.999382e-01 -3.308306e-03
   outer loop
     vertex -7.368043e-01 -2.831133e-01  3.324946e-02
     vertex -7.387414e-01 -2.829988e-01  4.842493e-03
     vertex  3.284024e-01 -2.962095e-01  5.733655e-01
   endloop
 endfacet
 facet normal -4.521678e-01  6.334768e-03  8.919104e-01
   outer loop
     vertex -7.368043e-01 -2.831133e-01  3.324946e-02
     vertex  3.284024e-01 -2.962095e-01  5.733655e-01
     vertex  3.284015e-01 -2.956044e-01  5.733608e-01
   endloop
 endfacet
 facet normal -3.318629e-02 -9.989107e-01  3.280421e-02
   outer loop
     vertex -7.326927e-01 -2.843112e-01 -1.193484e-01
     vertex  3.284032e-01 -2.968146e-01  5.733702e-01
     vertex -7.340562e-01 -2.839285e-01 -1.090735e-01
   endloop
 endfacet
 facet normal -4.507049e-03 -9.999367e-01 -1.030907e-02
   outer loop
     vertex -7.270541e-01 -2.845775e-01 -1.521330e-01
     vertex -7.236789e-01 -2.844298e-01 -1.679367e-01
     vertex  3.284032e-01 -2.968146e-01  5.733702e-01
   endloop
 endfacet
 facet normal -1.511032e-02 -9.998765e-01  4.309427e-03
   outer loop
     vertex -7.103563e-01 -2.851351e-01 -2.186070e-01
     vertex  3.284040e-01 -2.974197e-01  5.733749e-01
     vertex -7.195574e-01 -2.848535e-01 -1.855280e-01
   endloop
 endfacet
 facet normal  2.741941e-03 -9.998137e-01 -1.910456e-02
   outer loop
     vertex -7.103563e-01 -2.851351e-01 -2.186070e-01
     vertex -7.075190e-01 -2.849567e-01 -2.275403e-01
     vertex  3.284040e-01 -2.974197e-01  5.733749e-01
   endloop
 endfacet
 facet normal -7.919840e-01  3.725857e-03  6.105305e-01
   outer loop
     vertex -5.215821e-01 -2.878875e-01 -5.292904e-01
     vertex  3.284073e-01 -2.998400e-01  5.733940e-01
     vertex  3.284065e-01 -2.992349e-01  5.733892e-01
   endloop
 endfacet
 facet normal -5.118478e-01 -7.757267e-01  3.691341e-01
   outer loop
     vertex -4.997661e-01 -2.881994e-01 -5.505034e-01
     vertex  3.284073e-01 -2.998400e-01  5.733940e-01
     vertex -5.000715e-01 -2.878301e-01 -5.501507e-01
   endloop
 endfacet
 facet normal -3.145695e-03 -9.999656e-01 -7.673874e-03
   outer loop
     vertex -4.764932e-01 -2.885219e-01 -5.714999e-01
     vertex -4.554191e-01 -2.884528e-01 -5.891401e-01
     vertex  3.284073e-01 -2.998400e-01  5.733940e-01
   endloop
 endfacet
 facet normal -3.984168e-02 -9.990938e-01  1.497239e-02
   outer loop
     vertex -3.976342e-01 -2.895585e-01 -6.321572e-01
     vertex  3.284081e-01 -3.004451e-01  5.733987e-01
     vertex -4.066125e-01 -2.891070e-01 -6.259196e-01
   endloop
 endfacet
 facet normal  3.010194e-03 -9.999424e-01 -1.029907e-02
   outer loop
     vertex -3.682673e-01 -2.899292e-01 -6.512140e-01
     vertex -3.537397e-01 -2.897954e-01 -6.599632e-01
     vertex  3.284081e-01 -3.004451e-01  5.733987e-01
   endloop
 endfacet
 facet normal -2.792946e-02 -9.995899e-01  6.325675e-03
   outer loop
     vertex -3.373458e-01 -2.903137e-01 -6.694763e-01
     vertex  3.284090e-01 -3.010502e-01  5.734035e-01
     vertex -3.537397e-01 -2.897954e-01 -6.599632e-01
   endloop
 endfacet
 facet normal -9.900153e-01 -2.487213e-04  1.409598e-01
   outer loop
     vertex  1.374534e-01 -2.959654e-01 -7.677428e-01
     vertex  3.284123e-01 -3.034705e-01  5.734228e-01
     vertex  3.284115e-01 -3.028654e-01  5.734179e-01
   endloop
 endfacet
 facet normal -1.156426e-02 -9.999226e-01  4.594009e-03
   outer loop
     vertex -8.781011e-02 -2.834464e-01  6.635185e-01
     vertex -1.824756e-01 -2.824399e-01  6.442979e-01
     vertex -7.008151e-02 -2.836411e-01  6.657668e-01
   endloop
 endfacet
 facet normal -9.678308e-03 -9.999421e-01 -4.695745e-03
   outer loop
     vertex -1.060045e-01 -2.832574e-01  6.607660e-01
     vertex -1.824756e-01 -2.824399e-01  6.442979e-01
     vertex -8.781011e-02 -2.834464e-01  6.635185e-01
   endloop
 endfacet
 facet normal  6.291596e-05 -9.987557e-01 -4.987113e-02
   outer loop
     vertex -1.413792e-01 -2.829283e-01  6.541302e-01
     vertex -1.824756e-01 -2.824399e-01  6.442979e-01
     vertex -1.060045e-01 -2.832574e-01  6.607660e-01
   endloop
 endfacet
 facet normal  7.681926e-02 -9.591805e-01 -2.721611e-01
   outer loop
     vertex -2.141507e-01 -2.823719e-01  6.351177e-01
     vertex -2.653262e-01 -2.814174e-01  6.173092e-01
     vertex -1.824756e-01 -2.824399e-01  6.442979e-01
   endloop
 endfacet
 facet normal  5.520868e-01 -4.806634e-02 -8.324000e-01
   outer loop
     vertex -4.240221e-01 -2.813430e-01  5.352052e-01
     vertex -4.227679e-01 -2.805245e-01  5.359897e-01
     vertex -4.214287e-01 -2.811020e-01  5.369113e-01
   endloop
 endfacet
 facet normal  5.583618e-01 -8.854896e-02 -8.248582e-01
   outer loop
     vertex -4.304572e-01 -2.813446e-01  5.308728e-01
     vertex -4.321685e-01 -2.811161e-01  5.296898e-01
     vertex -4.227679e-01 -2.805245e-01  5.359897e-01
   endloop
 endfacet
 facet normal  5.574601e-01 -6.052316e-02 -8.279947e-01
   outer loop
     vertex -4.304572e-01 -2.813446e-01  5.308728e-01
     vertex -4.227679e-01 -2.805245e-01  5.359897e-01
     vertex -4.240221e-01 -2.813430e-01  5.352052e-01
   endloop
 endfacet
 facet normal  5.788583e-01 -1.427688e-01 -8.028326e-01
   outer loop
     vertex -4.505430e-01 -2.813516e-01  5.167466e-01
     vertex -4.561745e-01 -2.805775e-01  5.125485e-01
     vertex -4.431060e-01 -2.811318e-01  5.220697e-01
   endloop
 endfacet
 facet normal  5.868512e-01 -9.285939e-02 -8.043524e-01
   outer loop
     vertex -4.505430e-01 -2.813516e-01  5.167466e-01
     vertex -4.542271e-01 -2.811493e-01  5.140353e-01
     vertex -4.561745e-01 -2.805775e-01  5.125485e-01
   endloop
 endfacet
 facet normal  5.923356e-01 -1.006366e-02 -8.056285e-01
   outer loop
     vertex -4.574861e-01 -2.813549e-01  5.116417e-01
     vertex -4.542271e-01 -2.811493e-01  5.140353e-01
     vertex -4.505430e-01 -2.813516e-01  5.167466e-01
   endloop
 endfacet
 facet normal  5.933623e-01 -6.530149e-02 -8.022823e-01
   outer loop
     vertex -4.574861e-01 -2.813549e-01  5.116417e-01
     vertex -4.561745e-01 -2.805775e-01  5.125485e-01
     vertex -4.542271e-01 -2.811493e-01  5.140353e-01
   endloop
 endfacet
 facet normal  5.993827e-01 -1.046156e-01 -7.935969e-01
   outer loop
     vertex -4.645462e-01 -2.813588e-01  5.063285e-01
     vertex -4.655164e-01 -2.811689e-01  5.055708e-01
     vertex -4.561745e-01 -2.805775e-01  5.125485e-01
   endloop
 endfacet
 facet normal  6.173065e-01 -6.789514e-02 -7.837876e-01
   outer loop
     vertex -4.717186e-01 -2.813635e-01  5.008009e-01
     vertex -4.769569e-01 -2.811907e-01  4.966602e-01
     vertex -4.746503e-01 -2.806386e-01  4.984291e-01
   endloop
 endfacet
 facet normal  6.099210e-01 -4.186213e-02 -7.913557e-01
   outer loop
     vertex -4.717186e-01 -2.813635e-01  5.008009e-01
     vertex -4.655164e-01 -2.811689e-01  5.055708e-01
     vertex -4.645462e-01 -2.813588e-01  5.063285e-01
   endloop
 endfacet
 facet normal  6.079682e-01 -1.126614e-01 -7.859275e-01
   outer loop
     vertex -4.717186e-01 -2.813635e-01  5.008009e-01
     vertex -4.746503e-01 -2.806386e-01  4.984291e-01
     vertex -4.655164e-01 -2.811689e-01  5.055708e-01
   endloop
 endfacet
 facet normal  6.210135e-01 -1.067383e-01 -7.764980e-01
   outer loop
     vertex -4.789979e-01 -2.813690e-01  4.950524e-01
     vertex -4.746503e-01 -2.806386e-01  4.984291e-01
     vertex -4.769569e-01 -2.811907e-01  4.966602e-01
   endloop
 endfacet
 facet normal  6.286354e-01 -8.192122e-02 -7.733735e-01
   outer loop
     vertex -4.789979e-01 -2.813690e-01  4.950524e-01
     vertex -4.885304e-01 -2.812149e-01  4.872877e-01
     vertex -4.876543e-01 -2.796071e-01  4.878295e-01
   endloop
 endfacet
 facet normal  6.214675e-01 -1.203096e-01 -7.741471e-01
   outer loop
     vertex -4.789979e-01 -2.813690e-01  4.950524e-01
     vertex -4.876543e-01 -2.796071e-01  4.878295e-01
     vertex -4.746503e-01 -2.806386e-01  4.984291e-01
   endloop
 endfacet
 facet normal  6.196638e-01 -1.759544e-02 -7.846701e-01
   outer loop
     vertex -4.789979e-01 -2.813690e-01  4.950524e-01
     vertex -4.769569e-01 -2.811907e-01  4.966602e-01
     vertex -4.717186e-01 -2.813635e-01  5.008009e-01
   endloop
 endfacet
 facet normal  6.195223e-01  2.098978e-01 -7.563961e-01
   outer loop
     vertex -4.933097e-01 -2.813843e-01  4.833262e-01
     vertex -4.885304e-01 -2.812149e-01  4.872877e-01
     vertex -4.789979e-01 -2.813690e-01  4.950524e-01
   endloop
 endfacet
 facet normal  6.450388e-01 -9.061750e-02 -7.587578e-01
   outer loop
     vertex -4.933097e-01 -2.813843e-01  4.833262e-01
     vertex -5.002170e-01 -2.812418e-01  4.774370e-01
     vertex -4.932249e-01 -2.807065e-01  4.833173e-01
   endloop
 endfacet
 facet normal  6.374673e-01 -8.975587e-02 -7.652316e-01
   outer loop
     vertex -4.933097e-01 -2.813843e-01  4.833262e-01
     vertex -4.932249e-01 -2.807065e-01  4.833173e-01
     vertex -4.885304e-01 -2.812149e-01  4.872877e-01
   endloop
 endfacet
 facet normal  6.569715e-01 -1.280710e-01 -7.429578e-01
   outer loop
     vertex -5.072843e-01 -2.814054e-01  4.713013e-01
     vertex -5.118303e-01 -2.807819e-01  4.671739e-01
     vertex -5.141408e-01 -2.796717e-01  4.649394e-01
   endloop
 endfacet
 facet normal  6.613422e-01 -9.950027e-02 -7.434555e-01
   outer loop
     vertex -5.072843e-01 -2.814054e-01  4.713013e-01
     vertex -5.119956e-01 -2.812717e-01  4.670924e-01
     vertex -5.118303e-01 -2.807819e-01  4.671739e-01
   endloop
 endfacet
 facet normal  6.491887e-01 -1.606917e-01 -7.434596e-01
   outer loop
     vertex -5.072843e-01 -2.814054e-01  4.713013e-01
     vertex -5.141408e-01 -2.796717e-01  4.649394e-01
     vertex -5.002170e-01 -2.812418e-01  4.774370e-01
   endloop
 endfacet
 facet normal  8.455099e-01 -1.750756e-01 -5.044419e-01
   outer loop
     vertex -6.465733e-01 -2.818039e-01  3.054457e-01
     vertex -6.483185e-01 -2.790690e-01  3.015714e-01
     vertex -6.467035e-01 -2.795901e-01  3.044592e-01
   endloop
 endfacet
 facet normal  8.406890e-01 -3.054919e-01 -4.471204e-01
   outer loop
     vertex -6.628578e-01 -2.819622e-01  2.769132e-01
     vertex -6.664852e-01 -2.818598e-01  2.700229e-01
     vertex -6.525346e-01 -2.791126e-01  2.943762e-01
   endloop
 endfacet
 facet normal  8.575806e-01 -1.982576e-01 -4.746045e-01
   outer loop
     vertex -6.628578e-01 -2.819622e-01  2.769132e-01
     vertex -6.525346e-01 -2.791126e-01  2.943762e-01
     vertex -6.547959e-01 -2.818814e-01  2.914468e-01
   endloop
 endfacet
 facet normal  8.555260e-01 -2.777383e-01 -4.369631e-01
   outer loop
     vertex -6.707273e-01 -2.820466e-01  2.618361e-01
     vertex -6.741787e-01 -2.810839e-01  2.544666e-01
     vertex -6.664852e-01 -2.818598e-01  2.700229e-01
   endloop
 endfacet
 facet normal  8.903350e-01 -1.354785e-01 -4.346828e-01
   outer loop
     vertex -6.783709e-01 -2.821345e-01  2.462075e-01
     vertex -6.741787e-01 -2.810839e-01  2.544666e-01
     vertex -6.707273e-01 -2.820466e-01  2.618361e-01
   endloop
 endfacet
 facet normal -6.315369e-02 -9.855102e-01  1.574207e-01
   outer loop
     vertex -6.783709e-01 -2.821345e-01  2.462075e-01
     vertex  3.283999e-01 -2.943942e-01  5.733514e-01
     vertex -6.741787e-01 -2.810839e-01  2.544666e-01
   endloop
 endfacet
 facet normal -4.971456e-03 -9.997419e-01 -2.216589e-02
   outer loop
     vertex -6.783709e-01 -2.821345e-01  2.462075e-01
     vertex -6.803457e-01 -2.820299e-01  2.419304e-01
     vertex  3.283999e-01 -2.943942e-01  5.733514e-01
   endloop
 endfacet
 facet normal -5.741226e-02 -9.947553e-01  8.465038e-02
   outer loop
     vertex -7.391156e-01 -2.835270e-01 -1.618409e-03
     vertex  3.284024e-01 -2.962095e-01  5.733655e-01
     vertex -7.387414e-01 -2.829988e-01  4.842493e-03
   endloop
 endfacet
 facet normal -5.906762e-03 -9.999266e-01 -1.057918e-02
   outer loop
     vertex -7.395190e-01 -2.836473e-01 -1.773448e-02
     vertex -7.395403e-01 -2.835669e-01 -2.532260e-02
     vertex  3.284024e-01 -2.962095e-01  5.733655e-01
   endloop
 endfacet
 facet normal -2.453286e-02 -9.994423e-01  2.265638e-02
   outer loop
     vertex -7.395089e-01 -2.837708e-01 -3.428501e-02
     vertex  3.284024e-01 -2.962095e-01  5.733655e-01
     vertex -7.395403e-01 -2.835669e-01 -2.532260e-02
   endloop
 endfacet
 facet normal -9.964744e-04 -9.998244e-01 -1.871531e-02
   outer loop
     vertex -7.395089e-01 -2.837708e-01 -3.428501e-02
     vertex -7.389621e-01 -2.834517e-01 -5.136226e-02
     vertex  3.284024e-01 -2.962095e-01  5.733655e-01
   endloop
 endfacet
 facet normal  9.806213e-01 -1.908432e-01  4.427943e-02
   outer loop
     vertex -7.390532e-01 -2.838977e-01 -5.126649e-02
     vertex -7.388268e-01 -2.838062e-01 -5.588619e-02
     vertex -7.389621e-01 -2.834517e-01 -5.136226e-02
   endloop
 endfacet
 facet normal -3.152060e-02 -9.989750e-01  3.248556e-02
   outer loop
     vertex -7.381486e-01 -2.840261e-01 -6.823856e-02
     vertex  3.284032e-01 -2.968146e-01  5.733702e-01
     vertex -7.389621e-01 -2.834517e-01 -5.136226e-02
   endloop
 endfacet
 facet normal -1.226811e-02 -9.999246e-01  4.630569e-04
   outer loop
     vertex -7.381486e-01 -2.840261e-01 -6.823856e-02
     vertex -7.365807e-01 -2.840542e-01 -8.724561e-02
     vertex  3.284032e-01 -2.968146e-01  5.733702e-01
   endloop
 endfacet
 facet normal  2.466570e-02 -9.992788e-01 -2.886958e-02
   outer loop
     vertex -5.081440e-01 -2.882483e-01 -5.425726e-01
     vertex -5.000715e-01 -2.878301e-01 -5.501507e-01
     vertex  3.284073e-01 -2.998400e-01  5.733940e-01
   endloop
 endfacet
 facet normal -3.809972e-02 -9.991167e-01  1.772657e-02
   outer loop
     vertex -4.957972e-01 -2.884168e-01 -5.542277e-01
     vertex  3.284073e-01 -2.998400e-01  5.733940e-01
     vertex -4.997661e-01 -2.881994e-01 -5.505034e-01
   endloop
 endfacet
 facet normal  1.252878e-03 -9.999413e-01 -1.076598e-02
   outer loop
     vertex -4.828651e-01 -2.885898e-01 -5.659363e-01
     vertex -4.764932e-01 -2.885219e-01 -5.714999e-01
     vertex  3.284073e-01 -2.998400e-01  5.733940e-01
   endloop
 endfacet
 facet normal -1.356554e-02 -9.999080e-01 -2.140378e-04
   outer loop
     vertex -4.828651e-01 -2.885898e-01 -5.659363e-01
     vertex  3.284073e-01 -2.998400e-01  5.733940e-01
     vertex -4.957972e-01 -2.884168e-01 -5.542277e-01
   endloop
 endfacet
 facet normal  5.716100e-01 -4.575829e-01  6.810873e-01
   outer loop
     vertex -4.693318e-01 -2.887673e-01 -5.776751e-01
     vertex -4.554191e-01 -2.884528e-01 -5.891401e-01
     vertex -4.764932e-01 -2.885219e-01 -5.714999e-01
   endloop
 endfacet
 facet normal  6.216126e-01 -1.336317e-01  7.718422e-01
   outer loop
     vertex -4.555391e-01 -2.889465e-01 -5.891290e-01
     vertex -4.517305e-01 -2.888555e-01 -5.921806e-01
     vertex -4.554191e-01 -2.884528e-01 -5.891401e-01
   endloop
 endfacet
 facet normal -7.017466e-03 -9.999653e-01 -4.492852e-03
   outer loop
     vertex -2.566800e-01 -2.911812e-01 -7.092544e-01
     vertex -2.364709e-01 -2.912857e-01 -7.175618e-01
     vertex  3.284090e-01 -3.010502e-01  5.734035e-01
   endloop
 endfacet
 facet normal  2.714882e-01  7.083824e-01  6.515278e-01
   outer loop
     vertex -2.243752e-01 -2.915848e-01 -7.222768e-01
     vertex -2.364709e-01 -2.912857e-01 -7.175618e-01
     vertex -2.566800e-01 -2.911812e-01 -7.092544e-01
   endloop
 endfacet
 facet normal -2.379067e-02 -9.997141e-01  2.379829e-03
   outer loop
     vertex -2.243752e-01 -2.915848e-01 -7.222768e-01
     vertex  3.284098e-01 -3.016553e-01  5.734083e-01
     vertex -2.364709e-01 -2.912857e-01 -7.175618e-01
   endloop
 endfacet
 facet normal  8.889339e-02 -9.951905e-01 -4.115726e-02
   outer loop
     vertex -1.738062e-01 -2.922157e-01 -7.395518e-01
     vertex -1.725953e-01 -2.920933e-01 -7.398970e-01
     vertex  3.284098e-01 -3.016553e-01  5.734083e-01
   endloop
 endfacet
 facet normal -1.319988e-02 -9.999106e-01 -2.139837e-03
   outer loop
     vertex -1.738062e-01 -2.922157e-01 -7.395518e-01
     vertex  3.284098e-01 -3.016553e-01  5.734083e-01
     vertex -1.907643e-01 -2.920034e-01 -7.341718e-01
   endloop
 endfacet
 facet normal -9.999017e-01 -1.502900e-03 -1.394218e-02
   outer loop
     vertex  3.462279e-01 -2.991715e-01 -7.047373e-01
     vertex  3.284140e-01 -3.046807e-01  5.734324e-01
     vertex  3.284132e-01 -3.040756e-01  5.734276e-01
   endloop
 endfacet
 facet normal -3.889827e-02  2.516932e-01 -9.670251e-01
   outer loop
     vertex  3.506706e-02 -2.853377e-01  6.699675e-01
     vertex  4.170667e-02 -2.853667e-01  6.696928e-01
     vertex  4.417337e-02 -2.854920e-01  6.695610e-01
   endloop
 endfacet
 facet normal -3.354627e-02 -6.716364e-01 -7.401210e-01
   outer loop
     vertex  2.592688e-02 -2.851877e-01  6.702456e-01
     vertex  4.170667e-02 -2.853667e-01  6.696928e-01
     vertex  3.506706e-02 -2.853377e-01  6.699675e-01
   endloop
 endfacet
 facet normal -2.150575e-02 -9.519258e-01 -3.055730e-01
   outer loop
     vertex  2.592688e-02 -2.851877e-01  6.702456e-01
     vertex  6.918388e-03 -2.848156e-01  6.704241e-01
     vertex  4.170667e-02 -2.853667e-01  6.696928e-01
   endloop
 endfacet
 facet normal  6.358450e-02 -9.208762e-01 -3.846350e-01
   outer loop
     vertex -1.314352e-01 -2.830899e-01  6.561611e-01
     vertex -1.413792e-01 -2.829283e-01  6.541302e-01
     vertex -1.060045e-01 -2.832574e-01  6.607660e-01
   endloop
 endfacet
 facet normal  2.002790e-01  1.215030e-02 -9.796636e-01
   outer loop
     vertex -1.407355e-01 -2.830054e-01  6.542608e-01
     vertex -1.413792e-01 -2.829283e-01  6.541302e-01
     vertex -1.314352e-01 -2.830899e-01  6.561611e-01
   endloop
 endfacet
 facet normal  2.290014e-01 -8.170176e-01 -5.291886e-01
   outer loop
     vertex -2.943765e-01 -2.818747e-01  6.054440e-01
     vertex -3.446637e-01 -2.806264e-01  5.817554e-01
     vertex -2.653262e-01 -2.814174e-01  6.173092e-01
   endloop
 endfacet
 facet normal  5.660834e-01 -7.077703e-02 -8.213040e-01
   outer loop
     vertex -4.343857e-01 -2.814207e-01  5.281878e-01
     vertex -4.378602e-01 -2.805229e-01  5.257157e-01
     vertex -4.321685e-01 -2.811161e-01  5.296898e-01
   endloop
 endfacet
 facet normal  5.643056e-01 -4.212577e-02 -8.244905e-01
   outer loop
     vertex -4.343857e-01 -2.814207e-01  5.281878e-01
     vertex -4.321685e-01 -2.811161e-01  5.296898e-01
     vertex -4.304572e-01 -2.813446e-01  5.308728e-01
   endloop
 endfacet
 facet normal  5.679405e-01 -6.201081e-02 -8.207303e-01
   outer loop
     vertex -4.343857e-01 -2.814207e-01  5.281878e-01
     vertex -4.370247e-01 -2.813465e-01  5.263561e-01
     vertex -4.378602e-01 -2.805229e-01  5.257157e-01
   endloop
 endfacet
 facet normal  5.747948e-01 -7.026271e-02 -8.152754e-01
   outer loop
     vertex -4.420541e-01 -2.814182e-01  5.228360e-01
     vertex -4.431060e-01 -2.811318e-01  5.220697e-01
     vertex -4.378602e-01 -2.805229e-01  5.257157e-01
   endloop
 endfacet
 facet normal  5.687917e-01  1.111158e-01 -8.149413e-01
   outer loop
     vertex -4.420541e-01 -2.814182e-01  5.228360e-01
     vertex -4.370247e-01 -2.813465e-01  5.263561e-01
     vertex -4.343857e-01 -2.814207e-01  5.281878e-01
   endloop
 endfacet
 facet normal  5.730760e-01 -5.443834e-02 -8.176921e-01
   outer loop
     vertex -4.420541e-01 -2.814182e-01  5.228360e-01
     vertex -4.378602e-01 -2.805229e-01  5.257157e-01
     vertex -4.370247e-01 -2.813465e-01  5.263561e-01
   endloop
 endfacet
 facet normal  5.772778e-01 -5.886222e-02 -8.144235e-01
   outer loop
     vertex -4.420541e-01 -2.814182e-01  5.228360e-01
     vertex -4.437211e-01 -2.813488e-01  5.216494e-01
     vertex -4.431060e-01 -2.811318e-01  5.220697e-01
   endloop
 endfacet
 facet normal  7.211817e-01 -8.132195e-02 -6.879561e-01
   outer loop
     vertex -5.594351e-01 -2.814836e-01  4.205898e-01
     vertex -5.488316e-01 -2.809565e-01  4.316431e-01
     vertex -5.476451e-01 -2.813806e-01  4.329370e-01
   endloop
 endfacet
 facet normal  7.195978e-01 -1.470922e-01 -6.786331e-01
   outer loop
     vertex -5.594351e-01 -2.814836e-01  4.205898e-01
     vertex -5.595454e-01 -2.814240e-01  4.204599e-01
     vertex -5.491888e-01 -2.793205e-01  4.309857e-01
   endloop
 endfacet
 facet normal  7.194033e-01 -1.179582e-01 -6.845032e-01
   outer loop
     vertex -5.594351e-01 -2.814836e-01  4.205898e-01
     vertex -5.491888e-01 -2.793205e-01  4.309857e-01
     vertex -5.488316e-01 -2.809565e-01  4.316431e-01
   endloop
 endfacet
 facet normal  7.892025e-01 -1.722746e-01 -5.894751e-01
   outer loop
     vertex -6.109430e-01 -2.816700e-01  3.586683e-01
     vertex -6.131046e-01 -2.792211e-01  3.550586e-01
     vertex -6.029572e-01 -2.791485e-01  3.686230e-01
   endloop
 endfacet
 facet normal  7.892904e-01 -1.667253e-01 -5.909512e-01
   outer loop
     vertex -6.109430e-01 -2.816700e-01  3.586683e-01
     vertex -6.029572e-01 -2.791485e-01  3.686230e-01
     vertex -6.055940e-01 -2.816385e-01  3.658037e-01
   endloop
 endfacet
 facet normal  8.420031e-01 -1.775062e-01 -5.094333e-01
   outer loop
     vertex -6.453477e-01 -2.818588e-01  3.074907e-01
     vertex -6.465733e-01 -2.818039e-01  3.054457e-01
     vertex -6.467035e-01 -2.795901e-01  3.044592e-01
   endloop
 endfacet
 facet normal  8.457238e-01 -1.746434e-01 -5.042331e-01
   outer loop
     vertex -6.498682e-01 -2.818976e-01  2.999520e-01
     vertex -6.483185e-01 -2.790690e-01  3.015714e-01
     vertex -6.465733e-01 -2.818039e-01  3.054457e-01
   endloop
 endfacet
 facet normal  8.485334e-01 -1.799857e-01 -4.975904e-01
   outer loop
     vertex -6.498682e-01 -2.818976e-01  2.999520e-01
     vertex -6.513691e-01 -2.807709e-01  2.969849e-01
     vertex -6.483185e-01 -2.790690e-01  3.015714e-01
   endloop
 endfacet
 facet normal  8.735055e-01  4.437094e-02 -4.847879e-01
   outer loop
     vertex -6.542820e-01 -2.819373e-01  2.923676e-01
     vertex -6.628578e-01 -2.819622e-01  2.769132e-01
     vertex -6.547959e-01 -2.818814e-01  2.914468e-01
   endloop
 endfacet
 facet normal  8.539773e-01 -1.815601e-01 -4.876050e-01
   outer loop
     vertex -6.542820e-01 -2.819373e-01  2.923676e-01
     vertex -6.547959e-01 -2.818814e-01  2.914468e-01
     vertex -6.525346e-01 -2.791126e-01  2.943762e-01
   endloop
 endfacet
 facet normal  8.522592e-01 -1.772464e-01 -4.921767e-01
   outer loop
     vertex -6.542820e-01 -2.819373e-01  2.923676e-01
     vertex -6.525346e-01 -2.791126e-01  2.943762e-01
     vertex -6.516488e-01 -2.817005e-01  2.968421e-01
   endloop
 endfacet
 facet normal  9.436382e-01 -1.259208e-01 -3.060896e-01
   outer loop
     vertex -7.123922e-01 -2.826104e-01  1.580351e-01
     vertex -7.111037e-01 -2.817801e-01  1.616658e-01
     vertex -7.046096e-01 -2.824028e-01  1.819425e-01
   endloop
 endfacet
 facet normal -1.152086e-01 -9.586798e-01  2.601153e-01
   outer loop
     vertex -7.123922e-01 -2.826104e-01  1.580351e-01
     vertex  3.284007e-01 -2.949993e-01  5.733561e-01
     vertex -7.111037e-01 -2.817801e-01  1.616658e-01
   endloop
 endfacet
 facet normal -1.141768e-01 -9.606390e-01  2.532515e-01
   outer loop
     vertex -7.148230e-01 -2.826626e-01  1.498215e-01
     vertex  3.284007e-01 -2.949993e-01  5.733561e-01
     vertex -7.147379e-01 -2.826060e-01  1.500746e-01
   endloop
 endfacet
 facet normal  8.649120e-01 -4.982207e-01 -6.085490e-02
   outer loop
     vertex -7.381942e-01 -2.834565e-01  1.636679e-02
     vertex -7.383296e-01 -2.834098e-01  1.406092e-02
     vertex -7.387414e-01 -2.829988e-01  4.842493e-03
   endloop
 endfacet
 facet normal  8.632769e-01 -5.010444e-01 -6.088941e-02
   outer loop
     vertex -7.381942e-01 -2.834565e-01  1.636679e-02
     vertex -7.387414e-01 -2.829988e-01  4.842493e-03
     vertex -7.368043e-01 -2.831133e-01  3.324946e-02
   endloop
 endfacet
 facet normal  9.705135e-01 -2.349583e-01 -5.383365e-02
   outer loop
     vertex -7.386978e-01 -2.835172e-01  7.891121e-03
     vertex -7.387414e-01 -2.829988e-01  4.842493e-03
     vertex -7.383296e-01 -2.834098e-01  1.406092e-02
   endloop
 endfacet
 facet normal  9.979154e-01 -2.590755e-02 -5.910741e-02
   outer loop
     vertex -7.386978e-01 -2.835172e-01  7.891121e-03
     vertex -7.383296e-01 -2.834098e-01  1.406092e-02
     vertex -7.381942e-01 -2.834565e-01  1.636679e-02
   endloop
 endfacet
 facet normal  9.794952e-01 -1.958343e-01 -4.730890e-02
   outer loop
     vertex -7.386978e-01 -2.835172e-01  7.891121e-03
     vertex -7.388301e-01 -2.833360e-01  4.401270e-03
     vertex -7.387414e-01 -2.829988e-01  4.842493e-03
   endloop
 endfacet
 facet normal -1.107473e-02 -9.999384e-01 -7.544774e-04
   outer loop
     vertex -7.286208e-01 -2.845663e-01 -1.440014e-01
     vertex -7.270541e-01 -2.845775e-01 -1.521330e-01
     vertex  3.284032e-01 -2.968146e-01  5.733702e-01
   endloop
 endfacet
 facet normal -1.673189e-02 -9.998313e-01  7.582990e-03
   outer loop
     vertex -7.286208e-01 -2.845663e-01 -1.440014e-01
     vertex  3.284032e-01 -2.968146e-01  5.733702e-01
     vertex -7.326927e-01 -2.843112e-01 -1.193484e-01
   endloop
 endfacet
 facet normal  8.759801e-01 -9.129782e-02  4.736281e-01
   outer loop
     vertex -6.532798e-01 -2.862768e-01 -3.536231e-01
     vertex -6.568294e-01 -2.860922e-01 -3.470225e-01
     vertex -6.574291e-01 -2.862001e-01 -3.459341e-01
   endloop
 endfacet
 facet normal -2.584856e-02 -9.995671e-01  1.405324e-02
   outer loop
     vertex -6.532798e-01 -2.862768e-01 -3.536231e-01
     vertex  3.284057e-01 -2.986298e-01  5.733844e-01
     vertex -6.568294e-01 -2.860922e-01 -3.470225e-01
   endloop
 endfacet
 facet normal -1.870043e-02 -9.998073e-01  5.973199e-03
   outer loop
     vertex -6.169107e-01 -2.868436e-01 -4.133331e-01
     vertex  3.284057e-01 -2.986298e-01  5.733844e-01
     vertex -6.219286e-01 -2.867046e-01 -4.057726e-01
   endloop
 endfacet
 facet normal -1.396879e-02 -9.999014e-01  1.438968e-03
   outer loop
     vertex -6.119461e-01 -2.869234e-01 -4.206153e-01
     vertex  3.284057e-01 -2.986298e-01  5.733844e-01
     vertex -6.169107e-01 -2.868436e-01 -4.133331e-01
   endloop
 endfacet
 facet normal -1.348768e-02 -9.999056e-01 -2.603840e-03
   outer loop
     vertex -2.757237e-02 -2.939618e-01 -7.693668e-01
     vertex  3.284106e-01 -3.022603e-01  5.734131e-01
     vertex -3.627727e-02 -2.938469e-01 -7.684058e-01
   endloop
 endfacet
 facet normal  1.034846e-01 -9.942589e-01 -2.720493e-02
   outer loop
     vertex  5.043891e-02 -2.949468e-01 -7.733604e-01
     vertex  5.105465e-02 -2.948831e-01 -7.733464e-01
     vertex  3.284115e-01 -3.028654e-01  5.734179e-01
   endloop
 endfacet
 facet normal -8.299605e-02 -7.293244e-01  6.791153e-01
   outer loop
     vertex  1.277129e-01 -2.959702e-01 -7.689384e-01
     vertex  1.374534e-01 -2.959654e-01 -7.677428e-01
     vertex  1.191613e-01 -2.958465e-01 -7.698507e-01
   endloop
 endfacet
 facet normal -5.637666e-03 -9.999746e-01 -4.368803e-03
   outer loop
     vertex  1.950483e-01 -2.969023e-01 -7.578675e-01
     vertex  2.031220e-01 -2.969558e-01 -7.560514e-01
     vertex  3.284123e-01 -3.034705e-01  5.734228e-01
   endloop
 endfacet
 facet normal -2.183641e-01 -1.319211e-01  9.669095e-01
   outer loop
     vertex  2.033776e-01 -2.970301e-01 -7.560038e-01
     vertex  2.031220e-01 -2.969558e-01 -7.560514e-01
     vertex  1.950483e-01 -2.969023e-01 -7.578675e-01
   endloop
 endfacet
 facet normal -6.041411e-03 -9.999741e-01 -3.920909e-03
   outer loop
     vertex  3.388588e-01 -2.991127e-01 -7.083784e-01
     vertex  3.462279e-01 -2.991715e-01 -7.047373e-01
     vertex  3.284132e-01 -3.040756e-01  5.734276e-01
   endloop
 endfacet
 facet normal -9.934249e-01 -2.302493e-03 -1.144622e-01
   outer loop
     vertex  4.665764e-01 -3.014238e-01 -6.257535e-01
     vertex  3.284148e-01 -3.052858e-01  5.734373e-01
     vertex  3.284140e-01 -3.046807e-01  5.734324e-01
   endloop
 endfacet
 facet normal -2.193056e-01 -1.473060e-02 -9.755450e-01
   outer loop
     vertex  1.323152e-01 -2.873818e-01  6.583672e-01
     vertex  1.320191e-01 -2.873361e-01  6.584331e-01
     vertex  1.481861e-01 -2.877257e-01  6.548046e-01
   endloop
 endfacet
 facet normal  2.562357e-01  1.404032e-01 -9.563630e-01
   outer loop
     vertex -1.868322e-01 -2.825957e-01  6.431078e-01
     vertex -1.824756e-01 -2.824399e-01  6.442979e-01
     vertex -1.774753e-01 -2.826329e-01  6.456093e-01
   endloop
 endfacet
 facet normal  2.656096e-01 -1.314033e-01 -9.550836e-01
   outer loop
     vertex -1.868322e-01 -2.825957e-01  6.431078e-01
     vertex -1.958671e-01 -2.824968e-01  6.405816e-01
     vertex -1.824756e-01 -2.824399e-01  6.442979e-01
   endloop
 endfacet
 facet normal  1.019232e-01 -9.338108e-01 -3.429418e-01
   outer loop
     vertex -2.187028e-01 -2.823423e-01  6.336844e-01
     vertex -2.653262e-01 -2.814174e-01  6.173092e-01
     vertex -2.141507e-01 -2.823719e-01  6.351177e-01
   endloop
 endfacet
 facet normal  1.399334e-01 -8.828687e-01 -4.482873e-01
   outer loop
     vertex -2.277826e-01 -2.822853e-01  6.307377e-01
     vertex -2.653262e-01 -2.814174e-01  6.173092e-01
     vertex -2.187028e-01 -2.823423e-01  6.336844e-01
   endloop
 endfacet
 facet normal  3.481066e-01 -5.558024e-02 -9.358059e-01
   outer loop
     vertex -2.591358e-01 -2.820741e-01  6.196510e-01
     vertex -2.653262e-01 -2.814174e-01  6.173092e-01
     vertex -2.515704e-01 -2.820095e-01  6.224614e-01
   endloop
 endfacet
 facet normal  5.919044e-01  3.879779e-02 -8.050738e-01
   outer loop
     vertex -4.496468e-01 -2.814172e-01  5.174023e-01
     vertex -4.574861e-01 -2.813549e-01  5.116417e-01
     vertex -4.505430e-01 -2.813516e-01  5.167466e-01
   endloop
 endfacet
 facet normal  5.799277e-01 -1.246540e-01 -8.050747e-01
   outer loop
     vertex -4.496468e-01 -2.814172e-01  5.174023e-01
     vertex -4.505430e-01 -2.813516e-01  5.167466e-01
     vertex -4.431060e-01 -2.811318e-01  5.220697e-01
   endloop
 endfacet
 facet normal  7.243710e-01 -1.839512e-01 -6.644160e-01
   outer loop
     vertex -5.625129e-01 -2.814948e-01  4.172664e-01
     vertex -5.670616e-01 -2.810567e-01  4.121859e-01
     vertex -5.701543e-01 -2.799730e-01  4.085141e-01
   endloop
 endfacet
 facet normal  7.191112e-01 -2.060025e-01 -6.636581e-01
   outer loop
     vertex -5.625129e-01 -2.814948e-01  4.172664e-01
     vertex -5.701543e-01 -2.799730e-01  4.085141e-01
     vertex -5.595454e-01 -2.814240e-01  4.204599e-01
   endloop
 endfacet
 facet normal  7.506941e-01 -2.477483e-01 -6.124370e-01
   outer loop
     vertex -5.890383e-01 -2.815795e-01  3.867645e-01
     vertex -5.989904e-01 -2.802154e-01  3.740139e-01
     vertex -5.849907e-01 -2.811660e-01  3.915585e-01
   endloop
 endfacet
 facet normal  7.603416e-01 -2.071078e-01 -6.156192e-01
   outer loop
     vertex -5.946865e-01 -2.816079e-01  3.797980e-01
     vertex -5.989904e-01 -2.802154e-01  3.740139e-01
     vertex -5.890383e-01 -2.815795e-01  3.867645e-01
   endloop
 endfacet
 facet normal  7.806143e-01 -1.282355e-01 -6.117164e-01
   outer loop
     vertex -5.946865e-01 -2.816079e-01  3.797980e-01
     vertex -6.025209e-01 -2.812847e-01  3.697327e-01
     vertex -5.989904e-01 -2.802154e-01  3.740139e-01
   endloop
 endfacet
 facet normal  7.416930e-02  9.954397e-01 -5.998947e-02
   outer loop
     vertex -5.946865e-01 -2.816079e-01  3.797980e-01
     vertex -6.109430e-01 -2.816700e-01  3.586683e-01
     vertex -6.055940e-01 -2.816385e-01  3.658037e-01
   endloop
 endfacet
 facet normal  7.885133e-01 -2.443561e-02 -6.145320e-01
   outer loop
     vertex -5.946865e-01 -2.816079e-01  3.797980e-01
     vertex -6.055940e-01 -2.816385e-01  3.658037e-01
     vertex -6.025209e-01 -2.812847e-01  3.697327e-01
   endloop
 endfacet
 facet normal  7.960218e-01 -1.584290e-01 -5.841657e-01
   outer loop
     vertex -6.135794e-01 -2.816861e-01  3.550801e-01
     vertex -6.131046e-01 -2.792211e-01  3.550586e-01
     vertex -6.109430e-01 -2.816700e-01  3.586683e-01
   endloop
 endfacet
 facet normal -1.629164e-02 -9.997866e-01  1.269850e-02
   outer loop
     vertex -6.923365e-01 -2.823190e-01  2.145049e-01
     vertex  3.283999e-01 -2.943942e-01  5.733514e-01
     vertex -6.890112e-01 -2.822719e-01  2.224834e-01
   endloop
 endfacet
 facet normal  5.537955e-02 -9.801223e-01 -1.905080e-01
   outer loop
     vertex -6.923365e-01 -2.823190e-01  2.145049e-01
     vertex -6.942227e-01 -2.814204e-01  2.093332e-01
     vertex  3.283999e-01 -2.943942e-01  5.733514e-01
   endloop
 endfacet
 facet normal  9.033514e-01 -2.206133e-01 -3.678126e-01
   outer loop
     vertex -6.923365e-01 -2.823190e-01  2.145049e-01
     vertex -6.930991e-01 -2.822108e-01  2.125671e-01
     vertex -6.942227e-01 -2.814204e-01  2.093332e-01
   endloop
 endfacet
 facet normal -1.128256e-04 -9.997378e-01 -2.289831e-02
   outer loop
     vertex -7.360208e-01 -2.833051e-01  4.162038e-02
     vertex -7.368043e-01 -2.831133e-01  3.324946e-02
     vertex  3.284015e-01 -2.956044e-01  5.733608e-01
   endloop
 endfacet
 facet normal  9.755451e-01 -2.061959e-01 -7.612540e-02
   outer loop
     vertex -7.368638e-01 -2.833645e-01  3.316750e-02
     vertex -7.381942e-01 -2.834565e-01  1.636679e-02
     vertex -7.368043e-01 -2.831133e-01  3.324946e-02
   endloop
 endfacet
 facet normal  9.751637e-01 -1.996706e-01 -9.585068e-02
   outer loop
     vertex -7.368638e-01 -2.833645e-01  3.316750e-02
     vertex -7.368043e-01 -2.831133e-01  3.324946e-02
     vertex -7.360208e-01 -2.833051e-01  4.162038e-02
   endloop
 endfacet
 facet normal  9.787744e-01 -2.001992e-01 -4.382784e-02
   outer loop
     vertex -7.389070e-01 -2.835477e-01  3.651193e-03
     vertex -7.387414e-01 -2.829988e-01  4.842493e-03
     vertex -7.388301e-01 -2.833360e-01  4.401270e-03
   endloop
 endfacet
 facet normal  9.807408e-01 -1.895667e-01 -4.703071e-02
   outer loop
     vertex -7.389070e-01 -2.835477e-01  3.651193e-03
     vertex -7.388301e-01 -2.833360e-01  4.401270e-03
     vertex -7.386978e-01 -2.835172e-01  7.891121e-03
   endloop
 endfacet
 facet normal  9.805363e-01 -1.943509e-01  2.786235e-02
   outer loop
     vertex -7.395125e-01 -2.837990e-01 -3.441547e-02
     vertex -7.390532e-01 -2.838977e-01 -5.126649e-02
     vertex -7.389621e-01 -2.834517e-01 -5.136226e-02
   endloop
 endfacet
 facet normal  9.688341e-01 -2.462979e-01  2.641757e-02
   outer loop
     vertex -7.395125e-01 -2.837990e-01 -3.441547e-02
     vertex -7.389621e-01 -2.834517e-01 -5.136226e-02
     vertex -7.395089e-01 -2.837708e-01 -3.428501e-02
   endloop
 endfacet
 facet normal  9.870566e-01  1.603688e-01 -1.073230e-03
   outer loop
     vertex -7.395125e-01 -2.837990e-01 -3.441547e-02
     vertex -7.395403e-01 -2.835669e-01 -2.532260e-02
     vertex -7.395190e-01 -2.836473e-01 -1.773448e-02
   endloop
 endfacet
 facet normal  9.872019e-01 -1.593177e-01  7.089728e-03
   outer loop
     vertex -7.395125e-01 -2.837990e-01 -3.441547e-02
     vertex -7.395089e-01 -2.837708e-01 -3.428501e-02
     vertex -7.395403e-01 -2.835669e-01 -2.532260e-02
   endloop
 endfacet
 facet normal  9.535086e-01 -2.240529e-01  2.015480e-01
   outer loop
     vertex -7.270129e-01 -2.846345e-01 -1.523910e-01
     vertex -7.236789e-01 -2.844298e-01 -1.679367e-01
     vertex -7.270541e-01 -2.845775e-01 -1.521330e-01
   endloop
 endfacet
 facet normal  9.712652e-01 -1.467987e-01  1.873338e-01
   outer loop
     vertex -7.270129e-01 -2.846345e-01 -1.523910e-01
     vertex -7.270541e-01 -2.845775e-01 -1.521330e-01
     vertex -7.286208e-01 -2.845663e-01 -1.440014e-01
   endloop
 endfacet
 facet normal -5.052756e-01  6.163460e-01  6.039985e-01
   outer loop
     vertex -6.853894e-01 -2.856941e-01 -2.872936e-01
     vertex  3.284048e-01 -2.980248e-01  5.733797e-01
     vertex -6.853080e-01 -2.855102e-01 -2.874132e-01
   endloop
 endfacet
 facet normal -1.665600e-02 -9.998481e-01  5.128041e-03
   outer loop
     vertex -6.692519e-01 -2.860013e-01 -3.227495e-01
     vertex  3.284048e-01 -2.980248e-01  5.733797e-01
     vertex -6.730730e-01 -2.858968e-01 -3.147836e-01
   endloop
 endfacet
 facet normal -1.436852e-02 -9.998934e-01  2.580792e-03
   outer loop
     vertex -6.653871e-01 -2.860770e-01 -3.305564e-01
     vertex  3.284048e-01 -2.980248e-01  5.733797e-01
     vertex -6.692519e-01 -2.860013e-01 -3.227495e-01
   endloop
 endfacet
 facet normal -1.451727e-02 -9.998925e-01  2.049263e-03
   outer loop
     vertex -6.511698e-01 -2.863153e-01 -3.574521e-01
     vertex  3.284057e-01 -2.986298e-01  5.733844e-01
     vertex -6.532798e-01 -2.862768e-01 -3.536231e-01
   endloop
 endfacet
 facet normal -2.625473e-02 -9.996293e-01  7.212017e-03
   outer loop
     vertex -4.200866e-01 -2.893702e-01 -6.163910e-01
     vertex  3.284081e-01 -3.004451e-01  5.733987e-01
     vertex -4.254509e-01 -2.892008e-01 -6.124381e-01
   endloop
 endfacet
 facet normal  5.694799e-01  1.441555e-01  8.092662e-01
   outer loop
     vertex -4.200866e-01 -2.893702e-01 -6.163910e-01
     vertex -3.976342e-01 -2.895585e-01 -6.321572e-01
     vertex -4.066125e-01 -2.891070e-01 -6.259196e-01
   endloop
 endfacet
 facet normal  8.963295e-03 -9.998481e-01 -1.494562e-02
   outer loop
     vertex -4.200866e-01 -2.893702e-01 -6.163910e-01
     vertex -4.066125e-01 -2.891070e-01 -6.259196e-01
     vertex  3.284081e-01 -3.004451e-01  5.733987e-01
   endloop
 endfacet
 facet normal  4.896200e-01 -1.784484e-01  8.534802e-01
   outer loop
     vertex -3.527852e-01 -2.901531e-01 -6.605855e-01
     vertex -3.373458e-01 -2.903137e-01 -6.694763e-01
     vertex -3.537397e-01 -2.897954e-01 -6.599632e-01
   endloop
 endfacet
 facet normal -1.350628e-02 -9.999054e-01 -2.598907e-03
   outer loop
     vertex -2.321919e-02 -2.940194e-01 -7.698089e-01
     vertex  3.284106e-01 -3.022603e-01  5.734131e-01
     vertex -2.757237e-02 -2.939618e-01 -7.693668e-01
   endloop
 endfacet
 facet normal -1.499308e-02 -9.998798e-01 -3.955786e-03
   outer loop
     vertex  2.725725e-01 -2.980580e-01 -7.359622e-01
     vertex  3.284132e-01 -3.040756e-01  5.734276e-01
     vertex  2.685614e-01 -2.979923e-01 -7.373552e-01
   endloop
 endfacet
 facet normal -4.008332e-01 -4.389330e-01  8.041583e-01
   outer loop
     vertex  3.426664e-01 -2.991800e-01 -7.065172e-01
     vertex  3.462279e-01 -2.991715e-01 -7.047373e-01
     vertex  3.388588e-01 -2.991127e-01 -7.083784e-01
   endloop
 endfacet
 facet normal -1.686772e-02 -9.998474e-01 -4.544618e-03
   outer loop
     vertex  3.762344e-01 -2.997508e-01 -6.886695e-01
     vertex  3.284140e-01 -3.046807e-01  5.734324e-01
     vertex  3.462279e-01 -2.991715e-01 -7.047373e-01
   endloop
 endfacet
 facet normal -3.303266e-01  3.728620e-02 -9.431299e-01
   outer loop
     vertex  1.903337e-01 -2.889770e-01  6.425725e-01
     vertex  1.901954e-01 -2.889532e-01  6.426218e-01
     vertex  1.977821e-01 -2.891809e-01  6.399556e-01
   endloop
 endfacet
 facet normal  1.242273e-01  2.628776e-01 -9.567983e-01
   outer loop
     vertex -8.969695e-02 -2.835594e-01  6.632425e-01
     vertex -8.781011e-02 -2.834464e-01  6.635185e-01
     vertex -7.008151e-02 -2.836411e-01  6.657668e-01
   endloop
 endfacet
 facet normal  2.003765e-01  4.726782e-02 -9.785781e-01
   outer loop
     vertex -1.315104e-01 -2.831062e-01  6.561449e-01
     vertex -1.407355e-01 -2.830054e-01  6.542608e-01
     vertex -1.314352e-01 -2.830899e-01  6.561611e-01
   endloop
 endfacet
 facet normal  2.602440e-01 -5.918813e-01 -7.628562e-01
   outer loop
     vertex -2.323098e-01 -2.822577e-01  6.292246e-01
     vertex -2.515704e-01 -2.820095e-01  6.224614e-01
     vertex -2.653262e-01 -2.814174e-01  6.173092e-01
   endloop
 endfacet
 facet normal  1.880877e-01 -7.946349e-01 -5.772160e-01
   outer loop
     vertex -2.323098e-01 -2.822577e-01  6.292246e-01
     vertex -2.653262e-01 -2.814174e-01  6.173092e-01
     vertex -2.277826e-01 -2.822853e-01  6.307377e-01
   endloop
 endfacet
 facet normal  2.548002e-01  6.658804e-01 -7.011991e-01
   outer loop
     vertex -2.323098e-01 -2.822577e-01  6.292246e-01
     vertex -2.591358e-01 -2.820741e-01  6.196510e-01
     vertex -2.515704e-01 -2.820095e-01  6.224614e-01
   endloop
 endfacet
 facet normal  4.176650e-01 -2.578355e-01 -8.712501e-01
   outer loop
     vertex -3.289223e-01 -2.817283e-01  5.896277e-01
     vertex -3.446637e-01 -2.806264e-01  5.817554e-01
     vertex -3.201375e-01 -2.817105e-01  5.938338e-01
   endloop
 endfacet
 facet normal  4.506524e-01  1.016081e-01 -8.868981e-01
   outer loop
     vertex -3.289223e-01 -2.817283e-01  5.896277e-01
     vertex -3.541094e-01 -2.816062e-01  5.768436e-01
     vertex -3.446637e-01 -2.806264e-01  5.817554e-01
   endloop
 endfacet
 facet normal  4.811032e-01 -8.855983e-02 -8.721794e-01
   outer loop
     vertex -3.625242e-01 -2.816008e-01  5.723256e-01
     vertex -3.707426e-01 -2.815663e-01  5.677887e-01
     vertex -3.762940e-01 -2.805668e-01  5.646250e-01
   endloop
 endfacet
 facet normal  4.655595e-01 -2.074803e-01 -8.603524e-01
   outer loop
     vertex -3.625242e-01 -2.816008e-01  5.723256e-01
     vertex -3.762940e-01 -2.805668e-01  5.646250e-01
     vertex -3.446637e-01 -2.806264e-01  5.817554e-01
   endloop
 endfacet
 facet normal  5.425356e-01 -4.927201e-02 -8.385866e-01
   outer loop
     vertex -4.189546e-01 -2.814616e-01  5.385602e-01
     vertex -4.191556e-01 -2.800332e-01  5.383462e-01
     vertex -4.108996e-01 -2.810892e-01  5.437496e-01
   endloop
 endfacet
 facet normal  5.198730e-01  3.650321e-01 -7.723236e-01
   outer loop
     vertex -4.189546e-01 -2.814616e-01  5.385602e-01
     vertex -4.304572e-01 -2.813446e-01  5.308728e-01
     vertex -4.240221e-01 -2.813430e-01  5.352052e-01
   endloop
 endfacet
 facet normal  5.142601e-01  3.905749e-01 -7.635364e-01
   outer loop
     vertex -4.189546e-01 -2.814616e-01  5.385602e-01
     vertex -4.343857e-01 -2.814207e-01  5.281878e-01
     vertex -4.304572e-01 -2.813446e-01  5.308728e-01
   endloop
 endfacet
 facet normal  5.513051e-01 -2.999551e-02 -8.337643e-01
   outer loop
     vertex -4.189546e-01 -2.814616e-01  5.385602e-01
     vertex -4.240221e-01 -2.813430e-01  5.352052e-01
     vertex -4.214287e-01 -2.811020e-01  5.369113e-01
   endloop
 endfacet
 facet normal  5.076992e-01  2.955478e-01 -8.092546e-01
   outer loop
     vertex -4.189546e-01 -2.814616e-01  5.385602e-01
     vertex -4.108996e-01 -2.810892e-01  5.437496e-01
     vertex -4.005929e-01 -2.810776e-01  5.502199e-01
   endloop
 endfacet
 facet normal  5.491346e-01 -4.771163e-02 -8.343709e-01
   outer loop
     vertex -4.189546e-01 -2.814616e-01  5.385602e-01
     vertex -4.214287e-01 -2.811020e-01  5.369113e-01
     vertex -4.191556e-01 -2.800332e-01  5.383462e-01
   endloop
 endfacet
 facet normal  6.399472e-02  9.947860e-01 -7.940768e-02
   outer loop
     vertex -5.003968e-01 -2.814092e-01  4.773033e-01
     vertex -4.933097e-01 -2.813843e-01  4.833262e-01
     vertex -4.789979e-01 -2.813690e-01  4.950524e-01
   endloop
 endfacet
 facet normal  6.534916e-01 -1.024511e-01 -7.499683e-01
   outer loop
     vertex -5.003968e-01 -2.814092e-01  4.773033e-01
     vertex -5.072843e-01 -2.814054e-01  4.713013e-01
     vertex -5.002170e-01 -2.812418e-01  4.774370e-01
   endloop
 endfacet
 facet normal  6.453280e-01 -8.646428e-02 -7.589965e-01
   outer loop
     vertex -5.003968e-01 -2.814092e-01  4.773033e-01
     vertex -5.002170e-01 -2.812418e-01  4.774370e-01
     vertex -4.933097e-01 -2.813843e-01  4.833262e-01
   endloop
 endfacet
 facet normal  3.535901e-01  8.649454e-01 -3.561510e-01
   outer loop
     vertex -5.275402e-01 -2.814324e-01  4.527716e-01
     vertex -5.476451e-01 -2.813806e-01  4.329370e-01
     vertex -5.357350e-01 -2.813408e-01  4.448579e-01
   endloop
 endfacet
 facet normal  6.922633e-01 -7.505187e-02 -7.177316e-01
   outer loop
     vertex -5.275402e-01 -2.814324e-01  4.527716e-01
     vertex -5.357350e-01 -2.813408e-01  4.448579e-01
     vertex -5.303925e-01 -2.808650e-01  4.499611e-01
   endloop
 endfacet
 facet normal  6.792518e-01 -1.469578e-01 -7.190413e-01
   outer loop
     vertex -5.275402e-01 -2.814324e-01  4.527716e-01
     vertex -5.303925e-01 -2.808650e-01  4.499611e-01
     vertex -5.238431e-01 -2.813046e-01  4.562379e-01
   endloop
 endfacet
 facet normal  7.400206e-01 -1.050255e-01 -6.643337e-01
   outer loop
     vertex -5.716036e-01 -2.815303e-01  4.072014e-01
     vertex -5.714061e-01 -2.814714e-01  4.074121e-01
     vertex -5.670616e-01 -2.810567e-01  4.121859e-01
   endloop
 endfacet
 facet normal  7.414910e-01 -1.362399e-01 -6.569853e-01
   outer loop
     vertex -5.716036e-01 -2.815303e-01  4.072014e-01
     vertex -5.701543e-01 -2.799730e-01  4.085141e-01
     vertex -5.714061e-01 -2.814714e-01  4.074121e-01
   endloop
 endfacet
 facet normal  7.406647e-01 -6.487169e-02 -6.687357e-01
   outer loop
     vertex -5.716036e-01 -2.815303e-01  4.072014e-01
     vertex -5.670616e-01 -2.810567e-01  4.121859e-01
     vertex -5.625129e-01 -2.814948e-01  4.172664e-01
   endloop
 endfacet
 facet normal  8.204213e-01 -1.023729e-01 -5.625200e-01
   outer loop
     vertex -6.312744e-01 -2.817909e-01  3.296505e-01
     vertex -6.261814e-01 -2.804814e-01  3.368401e-01
     vertex -6.195482e-01 -2.814132e-01  3.466841e-01
   endloop
 endfacet
 facet normal  8.252575e-01 -1.696836e-01 -5.386627e-01
   outer loop
     vertex -6.312744e-01 -2.817909e-01  3.296505e-01
     vertex -6.360690e-01 -2.818126e-01  3.223118e-01
     vertex -6.359627e-01 -2.815517e-01  3.223924e-01
   endloop
 endfacet
 facet normal  8.168304e-01 -1.939549e-01 -5.432951e-01
   outer loop
     vertex -6.312744e-01 -2.817909e-01  3.296505e-01
     vertex -6.350345e-01 -2.794410e-01  3.231584e-01
     vertex -6.261814e-01 -2.804814e-01  3.368401e-01
   endloop
 endfacet
 facet normal  8.255979e-01 -1.675405e-01 -5.388120e-01
   outer loop
     vertex -6.312744e-01 -2.817909e-01  3.296505e-01
     vertex -6.359627e-01 -2.815517e-01  3.223924e-01
     vertex -6.350345e-01 -2.794410e-01  3.231584e-01
   endloop
 endfacet
 facet normal  8.471419e-01 -1.841088e-01 -4.984522e-01
   outer loop
     vertex -6.499057e-01 -2.819120e-01  2.998935e-01
     vertex -6.513691e-01 -2.807709e-01  2.969849e-01
     vertex -6.498682e-01 -2.818976e-01  2.999520e-01
   endloop
 endfacet
 facet normal  8.488963e-01 -1.789952e-01 -4.973286e-01
   outer loop
     vertex -6.499057e-01 -2.819120e-01  2.998935e-01
     vertex -6.516488e-01 -2.817005e-01  2.968421e-01
     vertex -6.513691e-01 -2.807709e-01  2.969849e-01
   endloop
 endfacet
 facet normal  8.582690e-01 -1.212219e-01 -4.986779e-01
   outer loop
     vertex -6.499057e-01 -2.819120e-01  2.998935e-01
     vertex -6.542820e-01 -2.819373e-01  2.923676e-01
     vertex -6.516488e-01 -2.817005e-01  2.968421e-01
   endloop
 endfacet
 facet normal  8.574555e-01 -1.515812e-02 -5.143347e-01
   outer loop
     vertex -6.499057e-01 -2.819120e-01  2.998935e-01
     vertex -6.465733e-01 -2.818039e-01  3.054457e-01
     vertex -6.453477e-01 -2.818588e-01  3.074907e-01
   endloop
 endfacet
 facet normal  8.482537e-01 -1.560823e-01 -5.060671e-01
   outer loop
     vertex -6.499057e-01 -2.819120e-01  2.998935e-01
     vertex -6.498682e-01 -2.818976e-01  2.999520e-01
     vertex -6.465733e-01 -2.818039e-01  3.054457e-01
   endloop
 endfacet
 facet normal  9.671677e-03 -9.987117e-01 -4.981267e-02
   outer loop
     vertex -7.214166e-01 -2.828084e-01  1.251024e-01
     vertex -7.244188e-01 -2.821631e-01  1.115822e-01
     vertex  3.284007e-01 -2.949993e-01  5.733561e-01
   endloop
 endfacet
 facet normal  9.319824e-01 -2.875963e-01 -2.206741e-01
   outer loop
     vertex -7.214166e-01 -2.828084e-01  1.251024e-01
     vertex -7.233413e-01 -2.828205e-01  1.169898e-01
     vertex -7.244188e-01 -2.821631e-01  1.115822e-01
   endloop
 endfacet
 facet normal  9.949531e-01 -8.865007e-02  4.700619e-02
   outer loop
     vertex -7.386561e-01 -2.839758e-01 -5.981946e-02
     vertex -7.388268e-01 -2.838062e-01 -5.588619e-02
     vertex -7.390532e-01 -2.838977e-01 -5.126649e-02
   endloop
 endfacet
 facet normal  9.170772e-01 -3.945223e-01  5.763318e-02
   outer loop
     vertex -7.386561e-01 -2.839758e-01 -5.981946e-02
     vertex -7.381486e-01 -2.840261e-01 -6.823856e-02
     vertex -7.389621e-01 -2.834517e-01 -5.136226e-02
   endloop
 endfacet
 facet normal  1.688439e-01  9.856421e-01 -1.168464e-03
   outer loop
     vertex -7.386561e-01 -2.839758e-01 -5.981946e-02
     vertex -7.390532e-01 -2.838977e-01 -5.126649e-02
     vertex -7.395125e-01 -2.837990e-01 -3.441547e-02
   endloop
 endfacet
 facet normal  9.323243e-01 -3.572803e-01  5.587665e-02
   outer loop
     vertex -7.386561e-01 -2.839758e-01 -5.981946e-02
     vertex -7.389621e-01 -2.834517e-01 -5.136226e-02
     vertex -7.388268e-01 -2.838062e-01 -5.588619e-02
   endloop
 endfacet
 facet normal  9.171791e-01  2.660809e-01  2.966202e-01
   outer loop
     vertex -7.023754e-01 -2.853356e-01 -2.431050e-01
     vertex -7.075190e-01 -2.849567e-01 -2.275403e-01
     vertex -7.103563e-01 -2.851351e-01 -2.186070e-01
   endloop
 endfacet
 facet normal -2.456533e-02 -9.995666e-01  1.621917e-02
   outer loop
     vertex -7.023754e-01 -2.853356e-01 -2.431050e-01
     vertex  3.284040e-01 -2.974197e-01  5.733749e-01
     vertex -7.075190e-01 -2.849567e-01 -2.275403e-01
   endloop
 endfacet
 facet normal -6.208647e-01  5.295752e-03  7.838999e-01
   outer loop
     vertex -7.023754e-01 -2.853356e-01 -2.431050e-01
     vertex  3.284048e-01 -2.980248e-01  5.733797e-01
     vertex  3.284040e-01 -2.974197e-01  5.733749e-01
   endloop
 endfacet
 facet normal  7.540342e-01 -4.162489e-01  5.081036e-01
   outer loop
     vertex -6.193245e-01 -2.868187e-01 -4.097306e-01
     vertex -6.169107e-01 -2.868436e-01 -4.133331e-01
     vertex -6.219286e-01 -2.867046e-01 -4.057726e-01
   endloop
 endfacet
 facet normal -1.336347e-03 -9.999562e-01 -9.260228e-03
   outer loop
     vertex -5.339714e-01 -2.879887e-01 -5.165689e-01
     vertex -5.215821e-01 -2.878875e-01 -5.292904e-01
     vertex  3.284065e-01 -2.992349e-01  5.733892e-01
   endloop
 endfacet
 facet normal  6.096940e-01 -3.053082e-01  7.314780e-01
   outer loop
     vertex -4.624157e-01 -2.888724e-01 -5.834836e-01
     vertex -4.554191e-01 -2.884528e-01 -5.891401e-01
     vertex -4.693318e-01 -2.887673e-01 -5.776751e-01
   endloop
 endfacet
 facet normal  6.278216e-01 -1.352620e-01  7.665144e-01
   outer loop
     vertex -4.624157e-01 -2.888724e-01 -5.834836e-01
     vertex -4.555391e-01 -2.889465e-01 -5.891290e-01
     vertex -4.554191e-01 -2.884528e-01 -5.891401e-01
   endloop
 endfacet
 facet normal -4.667209e-03 -9.999679e-01 -6.514791e-03
   outer loop
     vertex -4.344357e-01 -2.892027e-01 -6.057182e-01
     vertex -4.254509e-01 -2.892008e-01 -6.124381e-01
     vertex  3.284081e-01 -3.004451e-01  5.733987e-01
   endloop
 endfacet
 facet normal -1.013750e-02 -9.999446e-01 -2.819440e-03
   outer loop
     vertex -3.832055e-01 -2.898045e-01 -6.417478e-01
     vertex -3.682673e-01 -2.899292e-01 -6.512140e-01
     vertex  3.284081e-01 -3.004451e-01  5.733987e-01
   endloop
 endfacet
 facet normal -1.645755e-02 -9.998642e-01  8.824089e-04
   outer loop
     vertex -3.832055e-01 -2.898045e-01 -6.417478e-01
     vertex  3.284081e-01 -3.004451e-01  5.733987e-01
     vertex -3.976342e-01 -2.895585e-01 -6.321572e-01
   endloop
 endfacet
 facet normal  1.638742e-01  9.612020e-01  2.218917e-01
   outer loop
     vertex -3.832055e-01 -2.898045e-01 -6.417478e-01
     vertex -3.976342e-01 -2.895585e-01 -6.321572e-01
     vertex -4.200866e-01 -2.893702e-01 -6.163910e-01
   endloop
 endfacet
 facet normal -1.266293e-02 -9.999181e-01 -1.845363e-03
   outer loop
     vertex -2.977397e-01 -2.907883e-01 -6.903670e-01
     vertex  3.284090e-01 -3.010502e-01  5.734035e-01
     vertex -3.216076e-01 -2.905087e-01 -6.781035e-01
   endloop
 endfacet
 facet normal  2.641273e-01 -9.544751e-01 -1.386150e-01
   outer loop
     vertex -2.977397e-01 -2.907883e-01 -6.903670e-01
     vertex -2.969519e-01 -2.905207e-01 -6.907090e-01
     vertex  3.284090e-01 -3.010502e-01  5.734035e-01
   endloop
 endfacet
 facet normal -5.143498e-03 -9.999725e-01 -5.347725e-03
   outer loop
     vertex -2.654081e-01 -2.911565e-01 -7.054745e-01
     vertex -2.566800e-01 -2.911812e-01 -7.092544e-01
     vertex  3.284090e-01 -3.010502e-01  5.734035e-01
   endloop
 endfacet
 facet normal  1.344056e-01  9.430808e-01  3.041936e-01
   outer loop
     vertex -2.654081e-01 -2.911565e-01 -7.054745e-01
     vertex -2.243752e-01 -2.915848e-01 -7.222768e-01
     vertex -2.566800e-01 -2.911812e-01 -7.092544e-01
   endloop
 endfacet
 facet normal  4.747822e-02  9.947557e-01  9.059237e-02
   outer loop
     vertex -2.074960e-01 -2.918270e-01 -7.284628e-01
     vertex -2.243752e-01 -2.915848e-01 -7.222768e-01
     vertex -2.654081e-01 -2.911565e-01 -7.054745e-01
   endloop
 endfacet
 facet normal -1.487391e-02 -9.998884e-01 -1.425727e-03
   outer loop
     vertex -2.074960e-01 -2.918270e-01 -7.284628e-01
     vertex  3.284098e-01 -3.016553e-01  5.734083e-01
     vertex -2.243752e-01 -2.915848e-01 -7.222768e-01
   endloop
 endfacet
 facet normal -1.460852e-02 -9.998918e-01 -1.707150e-03
   outer loop
     vertex -1.140120e-01 -2.929229e-01 -7.552852e-01
     vertex  3.284098e-01 -3.016553e-01  5.734083e-01
     vertex -1.725953e-01 -2.920933e-01 -7.398970e-01
   endloop
 endfacet
 facet normal  2.521464e-01  1.842052e-01  9.499951e-01
   outer loop
     vertex -1.140120e-01 -2.929229e-01 -7.552852e-01
     vertex -1.725953e-01 -2.920933e-01 -7.398970e-01
     vertex -1.738062e-01 -2.922157e-01 -7.395518e-01
   endloop
 endfacet
 facet normal -4.018947e-03 -9.999757e-01 -5.689131e-03
   outer loop
     vertex -1.140120e-01 -2.929229e-01 -7.552852e-01
     vertex -1.057070e-01 -2.929462e-01 -7.570664e-01
     vertex  3.284106e-01 -3.022603e-01  5.734131e-01
   endloop
 endfacet
 facet normal -9.487822e-01  1.198567e-03  3.159287e-01
   outer loop
     vertex -1.140120e-01 -2.929229e-01 -7.552852e-01
     vertex  3.284106e-01 -3.022603e-01  5.734131e-01
     vertex  3.284098e-01 -3.016553e-01  5.734083e-01
   endloop
 endfacet
 facet normal -1.516260e-02 -9.998829e-01 -2.052455e-03
   outer loop
     vertex -7.953393e-02 -2.933327e-01 -7.621175e-01
     vertex  3.284106e-01 -3.022603e-01  5.734131e-01
     vertex -1.057070e-01 -2.929462e-01 -7.570664e-01
   endloop
 endfacet
 facet normal  1.062104e-01  8.686700e-01  4.838716e-01
   outer loop
     vertex -7.953393e-02 -2.933327e-01 -7.621175e-01
     vertex -1.057070e-01 -2.929462e-01 -7.570664e-01
     vertex -1.140120e-01 -2.929229e-01 -7.552852e-01
   endloop
 endfacet
 facet normal -4.069496e-03  9.851394e-01  1.717086e-01
   outer loop
     vertex  1.106568e-01 -2.957416e-01 -7.706543e-01
     vertex  1.277129e-01 -2.959702e-01 -7.689384e-01
     vertex  1.191613e-01 -2.958465e-01 -7.698507e-01
   endloop
 endfacet
 facet normal -7.915006e-03 -9.999606e-01 -4.017675e-03
   outer loop
     vertex  1.106568e-01 -2.957416e-01 -7.706543e-01
     vertex  1.374534e-01 -2.959654e-01 -7.677428e-01
     vertex  3.284115e-01 -3.028654e-01  5.734179e-01
   endloop
 endfacet
 facet normal -3.745375e-02 -9.619124e-01  2.707799e-01
   outer loop
     vertex  1.106568e-01 -2.957416e-01 -7.706543e-01
     vertex  1.191613e-01 -2.958465e-01 -7.698507e-01
     vertex  1.374534e-01 -2.959654e-01 -7.677428e-01
   endloop
 endfacet
 facet normal -1.502081e-02 -9.998794e-01 -3.954601e-03
   outer loop
     vertex  2.745743e-01 -2.980909e-01 -7.352559e-01
     vertex  3.284132e-01 -3.040756e-01  5.734276e-01
     vertex  2.725725e-01 -2.980580e-01 -7.359622e-01
   endloop
 endfacet
 facet normal -1.410185e-02 -9.998926e-01 -3.992468e-03
   outer loop
     vertex  2.924123e-01 -2.983689e-01 -7.286240e-01
     vertex  3.284132e-01 -3.040756e-01  5.734276e-01
     vertex  2.745743e-01 -2.980909e-01 -7.352559e-01
   endloop
 endfacet
 facet normal -1.556010e-02 -9.998688e-01 -4.511848e-03
   outer loop
     vertex  4.533809e-01 -3.011657e-01 -6.365043e-01
     vertex  3.284140e-01 -3.046807e-01  5.734324e-01
     vertex  4.051246e-01 -3.002586e-01 -6.710933e-01
   endloop
 endfacet
 facet normal -5.654432e-02 -9.969790e-01 -5.325057e-02
   outer loop
     vertex  2.253606e-01 -2.901529e-01  6.288692e-01
     vertex  1.977821e-01 -2.891809e-01  6.399556e-01
     vertex  2.323956e-01 -2.903808e-01  6.256653e-01
   endloop
 endfacet
 facet normal -3.187587e-01  2.120038e-01 -9.238221e-01
   outer loop
     vertex  1.982552e-01 -2.892358e-01  6.397798e-01
     vertex  1.903337e-01 -2.889770e-01  6.425725e-01
     vertex  1.977821e-01 -2.891809e-01  6.399556e-01
   endloop
 endfacet
 facet normal -1.524484e-01 -9.223455e-01 -3.550186e-01
   outer loop
     vertex  1.852448e-01 -2.887745e-01  6.442833e-01
     vertex  1.977821e-01 -2.891809e-01  6.399556e-01
     vertex  1.901954e-01 -2.889532e-01  6.426218e-01
   endloop
 endfacet
 facet normal -3.098277e-01  1.484196e-01 -9.391371e-01
   outer loop
     vertex  1.852448e-01 -2.887745e-01  6.442833e-01
     vertex  1.901954e-01 -2.889532e-01  6.426218e-01
     vertex  1.903337e-01 -2.889770e-01  6.425725e-01
   endloop
 endfacet
 facet normal -2.094810e-02 -9.992306e-01  3.315813e-02
   outer loop
     vertex  1.852448e-01 -2.887745e-01  6.442833e-01
     vertex  2.323956e-01 -2.903808e-01  6.256653e-01
     vertex  1.977821e-01 -2.891809e-01  6.399556e-01
   endloop
 endfacet
 facet normal -2.631425e-01  4.761648e-01 -8.390609e-01
   outer loop
     vertex  1.852448e-01 -2.887745e-01  6.442833e-01
     vertex  1.903337e-01 -2.889770e-01  6.425725e-01
     vertex  1.823240e-01 -2.887236e-01  6.452282e-01
   endloop
 endfacet
 facet normal -6.002947e-02 -9.918286e-01 -1.125724e-01
   outer loop
     vertex  1.700166e-01 -2.883872e-01  6.489913e-01
     vertex  1.481861e-01 -2.877257e-01  6.548046e-01
     vertex  1.852448e-01 -2.887745e-01  6.442833e-01
   endloop
 endfacet
 facet normal -1.706247e-01 -8.598713e-01 -4.811533e-01
   outer loop
     vertex  1.700166e-01 -2.883872e-01  6.489913e-01
     vertex  1.852448e-01 -2.887745e-01  6.442833e-01
     vertex  1.823240e-01 -2.887236e-01  6.452282e-01
   endloop
 endfacet
 facet normal -2.424940e-03  9.950739e-01 -9.910673e-02
   outer loop
     vertex  1.700166e-01 -2.883872e-01  6.489913e-01
     vertex  1.903337e-01 -2.889770e-01  6.425725e-01
     vertex  1.982552e-01 -2.892358e-01  6.397798e-01
   endloop
 endfacet
 facet normal -2.317844e-02  9.861913e-01 -1.639800e-01
   outer loop
     vertex  1.700166e-01 -2.883872e-01  6.489913e-01
     vertex  1.823240e-01 -2.887236e-01  6.452282e-01
     vertex  1.903337e-01 -2.889770e-01  6.425725e-01
   endloop
 endfacet
 facet normal  1.300344e-01 -6.576283e-01 -7.420351e-01
   outer loop
     vertex -1.129520e-01 -2.833012e-01  6.595874e-01
     vertex -1.314352e-01 -2.830899e-01  6.561611e-01
     vertex -1.060045e-01 -2.832574e-01  6.607660e-01
   endloop
 endfacet
 facet normal  1.669531e-01 -1.070417e-01 -9.801371e-01
   outer loop
     vertex -1.129520e-01 -2.833012e-01  6.595874e-01
     vertex -1.060045e-01 -2.832574e-01  6.607660e-01
     vertex -1.106204e-01 -2.833245e-01  6.599871e-01
   endloop
 endfacet
 facet normal  1.821878e-01  1.275112e-01 -9.749608e-01
   outer loop
     vertex -1.129520e-01 -2.833012e-01  6.595874e-01
     vertex -1.315104e-01 -2.831062e-01  6.561449e-01
     vertex -1.314352e-01 -2.830899e-01  6.561611e-01
   endloop
 endfacet
 facet normal  2.179187e-01  2.011412e-01 -9.550150e-01
   outer loop
     vertex -1.638821e-01 -2.827993e-01  6.490226e-01
     vertex -1.413792e-01 -2.829283e-01  6.541302e-01
     vertex -1.407355e-01 -2.830054e-01  6.542608e-01
   endloop
 endfacet
 facet normal  1.238688e-01  8.843004e-01 -4.501880e-01
   outer loop
     vertex -1.638821e-01 -2.827993e-01  6.490226e-01
     vertex -1.868322e-01 -2.825957e-01  6.431078e-01
     vertex -1.774753e-01 -2.826329e-01  6.456093e-01
   endloop
 endfacet
 facet normal  9.617382e-02 -8.897627e-01 -4.461759e-01
   outer loop
     vertex -1.638821e-01 -2.827993e-01  6.490226e-01
     vertex -1.824756e-01 -2.824399e-01  6.442979e-01
     vertex -1.413792e-01 -2.829283e-01  6.541302e-01
   endloop
 endfacet
 facet normal  2.958060e-02  9.953604e-01 -9.155656e-02
   outer loop
     vertex -1.638821e-01 -2.827993e-01  6.490226e-01
     vertex -1.407355e-01 -2.830054e-01  6.542608e-01
     vertex -1.315104e-01 -2.831062e-01  6.561449e-01
   endloop
 endfacet
 facet normal  2.208756e-01 -3.801609e-01 -8.981601e-01
   outer loop
     vertex -1.638821e-01 -2.827993e-01  6.490226e-01
     vertex -1.774753e-01 -2.826329e-01  6.456093e-01
     vertex -1.824756e-01 -2.824399e-01  6.442979e-01
   endloop
 endfacet
 facet normal  2.746919e-02  9.970070e-01 -7.226611e-02
   outer loop
     vertex -1.960152e-01 -2.825291e-01  6.405373e-01
     vertex -1.868322e-01 -2.825957e-01  6.431078e-01
     vertex -1.638821e-01 -2.827993e-01  6.490226e-01
   endloop
 endfacet
 facet normal  2.692234e-01  8.044961e-02 -9.597117e-01
   outer loop
     vertex -1.960152e-01 -2.825291e-01  6.405373e-01
     vertex -1.958671e-01 -2.824968e-01  6.405816e-01
     vertex -1.868322e-01 -2.825957e-01  6.431078e-01
   endloop
 endfacet
 facet normal  1.248538e-01  9.218560e-01 -3.668693e-01
   outer loop
     vertex -2.142243e-01 -2.823879e-01  6.350939e-01
     vertex -2.277826e-01 -2.822853e-01  6.307377e-01
     vertex -2.187028e-01 -2.823423e-01  6.336844e-01
   endloop
 endfacet
 facet normal  3.003610e-01  3.375550e-02 -9.532281e-01
   outer loop
     vertex -2.142243e-01 -2.823879e-01  6.350939e-01
     vertex -2.187028e-01 -2.823423e-01  6.336844e-01
     vertex -2.141507e-01 -2.823719e-01  6.351177e-01
   endloop
 endfacet
 facet normal  4.419344e-02  9.924792e-01 -1.141574e-01
   outer loop
     vertex -2.142243e-01 -2.823879e-01  6.350939e-01
     vertex -2.323098e-01 -2.822577e-01  6.292246e-01
     vertex -2.277826e-01 -2.822853e-01  6.307377e-01
   endloop
 endfacet
 facet normal  3.552040e-01  1.540507e-02 -9.346619e-01
   outer loop
     vertex -2.636329e-01 -2.820590e-01  6.179422e-01
     vertex -2.653262e-01 -2.814174e-01  6.173092e-01
     vertex -2.591358e-01 -2.820741e-01  6.196510e-01
   endloop
 endfacet
 facet normal  3.605316e-01  3.189407e-02 -9.322016e-01
   outer loop
     vertex -2.636329e-01 -2.820590e-01  6.179422e-01
     vertex -2.680474e-01 -2.820286e-01  6.162359e-01
     vertex -2.653262e-01 -2.814174e-01  6.173092e-01
   endloop
 endfacet
 facet normal  5.985333e-02  9.870571e-01 -1.487809e-01
   outer loop
     vertex -2.636329e-01 -2.820590e-01  6.179422e-01
     vertex -2.591358e-01 -2.820741e-01  6.196510e-01
     vertex -2.323098e-01 -2.822577e-01  6.292246e-01
   endloop
 endfacet
 facet normal  3.283412e-01 -6.096729e-01 -7.214506e-01
   outer loop
     vertex -3.117873e-01 -2.818049e-01  5.977138e-01
     vertex -3.201375e-01 -2.817105e-01  5.938338e-01
     vertex -3.446637e-01 -2.806264e-01  5.817554e-01
   endloop
 endfacet
 facet normal  3.109315e-01  6.912149e-01 -6.523369e-01
   outer loop
     vertex -3.117873e-01 -2.818049e-01  5.977138e-01
     vertex -3.289223e-01 -2.817283e-01  5.896277e-01
     vertex -3.201375e-01 -2.817105e-01  5.938338e-01
   endloop
 endfacet
 facet normal  2.583443e-01 -7.658922e-01 -5.887847e-01
   outer loop
     vertex -3.117873e-01 -2.818049e-01  5.977138e-01
     vertex -3.446637e-01 -2.806264e-01  5.817554e-01
     vertex -2.943765e-01 -2.818747e-01  6.054440e-01
   endloop
 endfacet
 facet normal  4.665525e-01 -1.883205e-01 -8.642130e-01
   outer loop
     vertex -3.583922e-01 -2.816188e-01  5.745602e-01
     vertex -3.625242e-01 -2.816008e-01  5.723256e-01
     vertex -3.446637e-01 -2.806264e-01  5.817554e-01
   endloop
 endfacet
 facet normal  1.352161e-02  9.997246e-01 -1.918155e-02
   outer loop
     vertex -3.583922e-01 -2.816188e-01  5.745602e-01
     vertex -3.289223e-01 -2.817283e-01  5.896277e-01
     vertex -3.117873e-01 -2.818049e-01  5.977138e-01
   endloop
 endfacet
 facet normal  1.509116e-01  9.455761e-01 -2.882906e-01
   outer loop
     vertex -3.583922e-01 -2.816188e-01  5.745602e-01
     vertex -3.541094e-01 -2.816062e-01  5.768436e-01
     vertex -3.289223e-01 -2.817283e-01  5.896277e-01
   endloop
 endfacet
 facet normal  4.676400e-01 -1.142984e-01 -8.764980e-01
   outer loop
     vertex -3.583922e-01 -2.816188e-01  5.745602e-01
     vertex -3.446637e-01 -2.806264e-01  5.817554e-01
     vertex -3.541094e-01 -2.816062e-01  5.768436e-01
   endloop
 endfacet
 facet normal  6.811081e-01 -1.220460e-01 -7.219394e-01
   outer loop
     vertex -5.242374e-01 -2.814320e-01  4.558875e-01
     vertex -5.275402e-01 -2.814324e-01  4.527716e-01
     vertex -5.238431e-01 -2.813046e-01  4.562379e-01
   endloop
 endfacet
 facet normal  6.260733e-01  3.646884e-01 -6.892275e-01
   outer loop
     vertex -5.242374e-01 -2.814320e-01  4.558875e-01
     vertex -5.119956e-01 -2.812717e-01  4.670924e-01
     vertex -5.072843e-01 -2.814054e-01  4.713013e-01
   endloop
 endfacet
 facet normal  6.742896e-01 -6.284745e-02 -7.357878e-01
   outer loop
     vertex -5.242374e-01 -2.814320e-01  4.558875e-01
     vertex -5.238431e-01 -2.813046e-01  4.562379e-01
     vertex -5.119956e-01 -2.812717e-01  4.670924e-01
   endloop
 endfacet
 facet normal  4.927212e-02  9.972191e-01 -5.591418e-02
   outer loop
     vertex -5.242374e-01 -2.814320e-01  4.558875e-01
     vertex -5.072843e-01 -2.814054e-01  4.713013e-01
     vertex -5.003968e-01 -2.814092e-01  4.773033e-01
   endloop
 endfacet
 facet normal -1.565460e-02 -9.998186e-01  1.085017e-02
   outer loop
     vertex -6.856049e-01 -2.822396e-01  2.303664e-01
     vertex -6.890112e-01 -2.822719e-01  2.224834e-01
     vertex  3.283999e-01 -2.943942e-01  5.733514e-01
   endloop
 endfacet
 facet normal -1.041834e-01 -9.560329e-01  2.741295e-01
   outer loop
     vertex -6.856049e-01 -2.822396e-01  2.303664e-01
     vertex  3.283999e-01 -2.943942e-01  5.733514e-01
     vertex -6.855750e-01 -2.822254e-01  2.304275e-01
   endloop
 endfacet
 facet normal  1.178912e-01  9.915026e-01 -5.499379e-02
   outer loop
     vertex -6.856049e-01 -2.822396e-01  2.303664e-01
     vertex -6.923365e-01 -2.823190e-01  2.145049e-01
     vertex -6.890112e-01 -2.822719e-01  2.224834e-01
   endloop
 endfacet
 facet normal -7.691313e-03 -9.998998e-01 -1.188015e-02
   outer loop
     vertex -7.030586e-01 -2.824679e-01  1.864179e-01
     vertex -7.046096e-01 -2.824028e-01  1.819425e-01
     vertex  3.284007e-01 -2.949993e-01  5.733561e-01
   endloop
 endfacet
 facet normal -3.417355e-02 -9.976856e-01  5.878514e-02
   outer loop
     vertex -7.030586e-01 -2.824679e-01  1.864179e-01
     vertex  3.284007e-01 -2.949993e-01  5.733561e-01
     vertex -6.942227e-01 -2.814204e-01  2.093332e-01
   endloop
 endfacet
 facet normal  9.443899e-01 -1.751994e-01 -2.782676e-01
   outer loop
     vertex -7.124144e-01 -2.826246e-01  1.579720e-01
     vertex -7.148230e-01 -2.826626e-01  1.498215e-01
     vertex -7.147379e-01 -2.826060e-01  1.500746e-01
   endloop
 endfacet
 facet normal  9.453167e-01 -1.107705e-01 -3.067675e-01
   outer loop
     vertex -7.124144e-01 -2.826246e-01  1.579720e-01
     vertex -7.123922e-01 -2.826104e-01  1.580351e-01
     vertex -7.046096e-01 -2.824028e-01  1.819425e-01
   endloop
 endfacet
 facet normal  7.277017e-01  6.414542e-01 -2.428718e-01
   outer loop
     vertex -7.124144e-01 -2.826246e-01  1.579720e-01
     vertex -7.046096e-01 -2.824028e-01  1.819425e-01
     vertex -7.030586e-01 -2.824679e-01  1.864179e-01
   endloop
 endfacet
 facet normal -1.240604e-02 -9.999222e-01  1.296631e-03
   outer loop
     vertex -7.124144e-01 -2.826246e-01  1.579720e-01
     vertex -7.147379e-01 -2.826060e-01  1.500746e-01
     vertex  3.284007e-01 -2.949993e-01  5.733561e-01
   endloop
 endfacet
 facet normal -1.132769e-01 -9.602223e-01  2.552284e-01
   outer loop
     vertex -7.124144e-01 -2.826246e-01  1.579720e-01
     vertex  3.284007e-01 -2.949993e-01  5.733561e-01
     vertex -7.123922e-01 -2.826104e-01  1.580351e-01
   endloop
 endfacet
 facet normal  1.214511e-01  9.917701e-01 -4.051787e-02
   outer loop
     vertex -7.171405e-01 -2.827154e-01  1.415835e-01
     vertex -7.148230e-01 -2.826626e-01  1.498215e-01
     vertex -7.124144e-01 -2.826246e-01  1.579720e-01
   endloop
 endfacet
 facet normal -1.576775e-02 -9.998283e-01  9.736525e-03
   outer loop
     vertex -7.171405e-01 -2.827154e-01  1.415835e-01
     vertex -7.214166e-01 -2.828084e-01  1.251024e-01
     vertex  3.284007e-01 -2.949993e-01  5.733561e-01
   endloop
 endfacet
 facet normal -1.628236e-02 -9.998071e-01  1.098324e-02
   outer loop
     vertex -7.171405e-01 -2.827154e-01  1.415835e-01
     vertex  3.284007e-01 -2.949993e-01  5.733561e-01
     vertex -7.148230e-01 -2.826626e-01  1.498215e-01
   endloop
 endfacet
 facet normal -3.953207e-02 -9.973485e-01  6.109970e-02
   outer loop
     vertex -7.278179e-01 -2.829800e-01  9.604858e-02
     vertex  3.284015e-01 -2.956044e-01  5.733608e-01
     vertex -7.244188e-01 -2.821631e-01  1.115822e-01
   endloop
 endfacet
 facet normal  2.524681e-01  9.656597e-01 -6.132901e-02
   outer loop
     vertex -7.278179e-01 -2.829800e-01  9.604858e-02
     vertex -7.233413e-01 -2.828205e-01  1.169898e-01
     vertex -7.214166e-01 -2.828084e-01  1.251024e-01
   endloop
 endfacet
 facet normal  5.074085e-03  9.999626e-01 -7.002259e-03
   outer loop
     vertex -7.278179e-01 -2.829800e-01  9.604858e-02
     vertex -7.171405e-01 -2.827154e-01  1.415835e-01
     vertex -7.124144e-01 -2.826246e-01  1.579720e-01
   endloop
 endfacet
 facet normal -1.555046e-02 -9.998474e-01  7.965947e-03
   outer loop
     vertex -7.278179e-01 -2.829800e-01  9.604858e-02
     vertex -7.301249e-01 -2.830434e-01  8.358549e-02
     vertex  3.284015e-01 -2.956044e-01  5.733608e-01
   endloop
 endfacet
 facet normal  6.656584e-03  9.999507e-01 -7.373267e-03
   outer loop
     vertex -7.278179e-01 -2.829800e-01  9.604858e-02
     vertex -7.214166e-01 -2.828084e-01  1.251024e-01
     vertex -7.171405e-01 -2.827154e-01  1.415835e-01
   endloop
 endfacet
 facet normal  9.722311e-01 -1.091598e-01 -2.070043e-01
   outer loop
     vertex -7.278179e-01 -2.829800e-01  9.604858e-02
     vertex -7.244188e-01 -2.821631e-01  1.115822e-01
     vertex -7.233413e-01 -2.828205e-01  1.169898e-01
   endloop
 endfacet
 facet normal  1.257172e-01  9.918743e-01 -1.950666e-02
   outer loop
     vertex -7.350745e-01 -2.832603e-01  4.999858e-02
     vertex -7.368638e-01 -2.833645e-01  3.316750e-02
     vertex -7.360208e-01 -2.833051e-01  4.162038e-02
   endloop
 endfacet
 facet normal -1.507682e-02 -9.998615e-01  7.053301e-03
   outer loop
     vertex -7.350745e-01 -2.832603e-01  4.999858e-02
     vertex -7.360208e-01 -2.833051e-01  4.162038e-02
     vertex  3.284015e-01 -2.956044e-01  5.733608e-01
   endloop
 endfacet
 facet normal -5.178737e-02 -9.953059e-01  8.175687e-02
   outer loop
     vertex -7.350745e-01 -2.832603e-01  4.999858e-02
     vertex  3.284015e-01 -2.956044e-01  5.733608e-01
     vertex -7.337643e-01 -2.825693e-01  5.924045e-02
   endloop
 endfacet
 facet normal  6.641219e-03  9.999542e-01 -6.898007e-03
   outer loop
     vertex -7.389099e-01 -2.835548e-01  3.618622e-03
     vertex -7.368638e-01 -2.833645e-01  3.316750e-02
     vertex -7.350745e-01 -2.832603e-01  4.999858e-02
   endloop
 endfacet
 facet normal  9.784097e-01 -2.021811e-01 -4.286387e-02
   outer loop
     vertex -7.389099e-01 -2.835548e-01  3.618622e-03
     vertex -7.387414e-01 -2.829988e-01  4.842493e-03
     vertex -7.389070e-01 -2.835477e-01  3.651193e-03
   endloop
 endfacet
 facet normal  9.818172e-01 -1.838866e-01 -4.712472e-02
   outer loop
     vertex -7.389099e-01 -2.835548e-01  3.618622e-03
     vertex -7.389070e-01 -2.835477e-01  3.651193e-03
     vertex -7.386978e-01 -2.835172e-01  7.891121e-03
   endloop
 endfacet
 facet normal  9.667149e-02  9.952301e-01 -1.310188e-02
   outer loop
     vertex -7.389099e-01 -2.835548e-01  3.618622e-03
     vertex -7.381942e-01 -2.834565e-01  1.636679e-02
     vertex -7.368638e-01 -2.833645e-01  3.316750e-02
   endloop
 endfacet
 facet normal  9.770688e-01 -2.092326e-01 -3.947572e-02
   outer loop
     vertex -7.389099e-01 -2.835548e-01  3.618622e-03
     vertex -7.391156e-01 -2.835270e-01 -1.618409e-03
     vertex -7.387414e-01 -2.829988e-01  4.842493e-03
   endloop
 endfacet
 facet normal  1.644903e-01  9.862349e-01 -1.683999e-02
   outer loop
     vertex -7.389099e-01 -2.835548e-01  3.618622e-03
     vertex -7.386978e-01 -2.835172e-01  7.891121e-03
     vertex -7.381942e-01 -2.834565e-01  1.636679e-02
   endloop
 endfacet
 facet normal  1.207496e-02  9.999181e-01 -4.249265e-03
   outer loop
     vertex -7.205552e-01 -2.848544e-01 -1.815297e-01
     vertex -7.023754e-01 -2.853356e-01 -2.431050e-01
     vertex -7.103563e-01 -2.851351e-01 -2.186070e-01
   endloop
 endfacet
 facet normal  2.914116e-01  9.538131e-01  7.293724e-02
   outer loop
     vertex -7.205552e-01 -2.848544e-01 -1.815297e-01
     vertex -7.103563e-01 -2.851351e-01 -2.186070e-01
     vertex -7.195574e-01 -2.848535e-01 -1.855280e-01
   endloop
 endfacet
 facet normal -1.001827e-02 -9.999461e-01 -2.723294e-03
   outer loop
     vertex -7.205552e-01 -2.848544e-01 -1.815297e-01
     vertex -7.195574e-01 -2.848535e-01 -1.855280e-01
     vertex  3.284040e-01 -2.974197e-01  5.733749e-01
   endloop
 endfacet
 facet normal -2.954621e-02 -9.992650e-01  2.442261e-02
   outer loop
     vertex -7.205552e-01 -2.848544e-01 -1.815297e-01
     vertex  3.284040e-01 -2.974197e-01  5.733749e-01
     vertex -7.236789e-01 -2.844298e-01 -1.679367e-01
   endloop
 endfacet
 facet normal  9.256196e-01  3.195803e-01  2.027233e-01
   outer loop
     vertex -7.205552e-01 -2.848544e-01 -1.815297e-01
     vertex -7.236789e-01 -2.844298e-01 -1.679367e-01
     vertex -7.270129e-01 -2.846345e-01 -1.523910e-01
   endloop
 endfacet
 facet normal -1.390377e-02 -9.999024e-01  1.377451e-03
   outer loop
     vertex -6.068945e-01 -2.870036e-01 -4.278473e-01
     vertex  3.284057e-01 -2.986298e-01  5.733844e-01
     vertex -6.119461e-01 -2.869234e-01 -4.206153e-01
   endloop
 endfacet
 facet normal -7.307254e-01  4.369723e-03  6.826575e-01
   outer loop
     vertex -6.068945e-01 -2.870036e-01 -4.278473e-01
     vertex  3.284065e-01 -2.992349e-01  5.733892e-01
     vertex  3.284057e-01 -2.986298e-01  5.733844e-01
   endloop
 endfacet
 facet normal -1.759660e-02 -9.998373e-01  3.966550e-03
   outer loop
     vertex -5.776960e-01 -2.874136e-01 -4.665492e-01
     vertex  3.284065e-01 -2.992349e-01  5.733892e-01
     vertex -5.805239e-01 -2.873498e-01 -4.630046e-01
   endloop
 endfacet
 facet normal -1.259273e-02 -9.999206e-01 -3.942949e-04
   outer loop
     vertex -5.776960e-01 -2.874136e-01 -4.665492e-01
     vertex -5.693365e-01 -2.875149e-01 -4.767737e-01
     vertex  3.284065e-01 -2.992349e-01  5.733892e-01
   endloop
 endfacet
 facet normal -1.289690e-02 -9.999168e-01 -1.130791e-04
   outer loop
     vertex -5.460517e-01 -2.878344e-01 -5.035621e-01
     vertex -5.339714e-01 -2.879887e-01 -5.165689e-01
     vertex  3.284065e-01 -2.992349e-01  5.733892e-01
   endloop
 endfacet
 facet normal -3.193152e-03 -9.999630e-01 -7.993122e-03
   outer loop
     vertex -5.121109e-01 -2.882663e-01 -5.387379e-01
     vertex -5.081440e-01 -2.882483e-01 -5.425726e-01
     vertex  3.284073e-01 -2.998400e-01  5.733940e-01
   endloop
 endfacet
 facet normal  6.831029e-01 -1.878253e-01  7.057564e-01
   outer loop
     vertex -5.121109e-01 -2.882663e-01 -5.387379e-01
     vertex -5.089299e-01 -2.883019e-01 -5.418263e-01
     vertex -5.081440e-01 -2.882483e-01 -5.425726e-01
   endloop
 endfacet
 facet normal  6.792216e-01 -2.477264e-01  6.908616e-01
   outer loop
     vertex -5.121109e-01 -2.882663e-01 -5.387379e-01
     vertex -5.215821e-01 -2.878875e-01 -5.292904e-01
     vertex -5.199223e-01 -2.880840e-01 -5.309927e-01
   endloop
 endfacet
 facet normal -2.870810e-02 -9.995240e-01  1.129493e-02
   outer loop
     vertex -5.121109e-01 -2.882663e-01 -5.387379e-01
     vertex  3.284073e-01 -2.998400e-01  5.733940e-01
     vertex -5.215821e-01 -2.878875e-01 -5.292904e-01
   endloop
 endfacet
 facet normal  6.540085e-01 -1.155319e-01  7.476130e-01
   outer loop
     vertex -4.760300e-01 -2.887097e-01 -5.719341e-01
     vertex -4.764932e-01 -2.885219e-01 -5.714999e-01
     vertex -4.828651e-01 -2.885898e-01 -5.659363e-01
   endloop
 endfacet
 facet normal  6.424394e-01 -1.521031e-01  7.510900e-01
   outer loop
     vertex -4.760300e-01 -2.887097e-01 -5.719341e-01
     vertex -4.693318e-01 -2.887673e-01 -5.776751e-01
     vertex -4.764932e-01 -2.885219e-01 -5.714999e-01
   endloop
 endfacet
 facet normal  3.003312e-01  8.906151e-01  3.414761e-01
   outer loop
     vertex -4.760300e-01 -2.887097e-01 -5.719341e-01
     vertex -4.624157e-01 -2.888724e-01 -5.834836e-01
     vertex -4.693318e-01 -2.887673e-01 -5.776751e-01
   endloop
 endfacet
 facet normal  5.821873e-01 -3.177435e-01  7.483963e-01
   outer loop
     vertex -4.379730e-01 -2.891650e-01 -6.030141e-01
     vertex -4.554191e-01 -2.884528e-01 -5.891401e-01
     vertex -4.517305e-01 -2.888555e-01 -5.921806e-01
   endloop
 endfacet
 facet normal -1.200044e-02 -9.999264e-01 -1.770077e-03
   outer loop
     vertex -4.379730e-01 -2.891650e-01 -6.030141e-01
     vertex -4.344357e-01 -2.892027e-01 -6.057182e-01
     vertex  3.284081e-01 -3.004451e-01  5.733987e-01
   endloop
 endfacet
 facet normal  5.551673e-02  9.969668e-01  5.454364e-02
   outer loop
     vertex -4.379730e-01 -2.891650e-01 -6.030141e-01
     vertex -4.555391e-01 -2.889465e-01 -5.891290e-01
     vertex -4.624157e-01 -2.888724e-01 -5.834836e-01
   endloop
 endfacet
 facet normal  6.057629e-01  2.262743e-01  7.627918e-01
   outer loop
     vertex -4.379730e-01 -2.891650e-01 -6.030141e-01
     vertex -4.517305e-01 -2.888555e-01 -5.921806e-01
     vertex -4.555391e-01 -2.889465e-01 -5.891290e-01
   endloop
 endfacet
 facet normal -3.189666e-02 -9.994285e-01  1.119621e-02
   outer loop
     vertex -4.379730e-01 -2.891650e-01 -6.030141e-01
     vertex  3.284081e-01 -3.004451e-01  5.733987e-01
     vertex -4.554191e-01 -2.884528e-01 -5.891401e-01
   endloop
 endfacet
 facet normal  1.224829e-02  9.999249e-01  3.483225e-04
   outer loop
     vertex -4.379730e-01 -2.891650e-01 -6.030141e-01
     vertex -4.624157e-01 -2.888724e-01 -5.834836e-01
     vertex -4.760300e-01 -2.887097e-01 -5.719341e-01
   endloop
 endfacet
 facet normal -1.571438e-02 -9.998731e-01 -2.622932e-03
   outer loop
     vertex  4.613467e-02 -2.948961e-01 -7.733589e-01
     vertex  3.284115e-01 -3.028654e-01  5.734179e-01
     vertex  4.176180e-02 -2.948275e-01 -7.733281e-01
   endloop
 endfacet
 facet normal -1.178641e-02 -9.999246e-01 -3.446517e-03
   outer loop
     vertex  4.613467e-02 -2.948961e-01 -7.733589e-01
     vertex  5.043891e-02 -2.949468e-01 -7.733604e-01
     vertex  3.284115e-01 -3.028654e-01  5.734179e-01
   endloop
 endfacet
 facet normal -4.194073e-02 -8.864439e-01  4.609318e-01
   outer loop
     vertex  9.353067e-02 -2.955148e-01 -7.719505e-01
     vertex  7.222569e-02 -2.950211e-01 -7.729396e-01
     vertex  8.477897e-02 -2.953566e-01 -7.724427e-01
   endloop
 endfacet
 facet normal -1.218192e-01 -8.998369e-03  9.925115e-01
   outer loop
     vertex  1.404698e-01 -2.961474e-01 -7.673743e-01
     vertex  1.374534e-01 -2.959654e-01 -7.677428e-01
     vertex  1.277129e-01 -2.959702e-01 -7.689384e-01
   endloop
 endfacet
 facet normal  1.710292e-03  9.991091e-01  4.216734e-02
   outer loop
     vertex  2.321862e-01 -2.974526e-01 -7.486681e-01
     vertex  2.725725e-01 -2.980580e-01 -7.359622e-01
     vertex  2.685614e-01 -2.979923e-01 -7.373552e-01
   endloop
 endfacet
 facet normal -1.358606e-02 -9.998996e-01 -4.020124e-03
   outer loop
     vertex  2.321862e-01 -2.974526e-01 -7.486681e-01
     vertex  2.685614e-01 -2.979923e-01 -7.373552e-01
     vertex  3.284132e-01 -3.040756e-01  5.734276e-01
   endloop
 endfacet
 facet normal -1.623513e-02 -9.998625e-01 -3.369544e-03
   outer loop
     vertex  2.321862e-01 -2.974526e-01 -7.486681e-01
     vertex  3.284123e-01 -3.034705e-01  5.734228e-01
     vertex  2.031220e-01 -2.969558e-01 -7.560514e-01
   endloop
 endfacet
 facet normal  3.242462e-03  9.992986e-01  3.730630e-02
   outer loop
     vertex  2.321862e-01 -2.974526e-01 -7.486681e-01
     vertex  2.745743e-01 -2.980909e-01 -7.352559e-01
     vertex  2.725725e-01 -2.980580e-01 -7.359622e-01
   endloop
 endfacet
 facet normal  1.202405e-02  9.998818e-01  9.580769e-03
   outer loop
     vertex  2.321862e-01 -2.974526e-01 -7.486681e-01
     vertex  2.924123e-01 -2.983689e-01 -7.286240e-01
     vertex  2.745743e-01 -2.980909e-01 -7.352559e-01
   endloop
 endfacet
 facet normal -9.973617e-01 -8.054806e-04  7.258756e-02
   outer loop
     vertex  2.321862e-01 -2.974526e-01 -7.486681e-01
     vertex  3.284132e-01 -3.040756e-01  5.734276e-01
     vertex  3.284123e-01 -3.034705e-01  5.734228e-01
   endloop
 endfacet
 facet normal -2.431522e-01 -2.335238e-01  9.414582e-01
   outer loop
     vertex  2.321862e-01 -2.974526e-01 -7.486681e-01
     vertex  2.031220e-01 -2.969558e-01 -7.560514e-01
     vertex  2.033776e-01 -2.970301e-01 -7.560038e-01
   endloop
 endfacet
 facet normal -2.168023e-02 -9.989178e-01  4.114876e-02
   outer loop
     vertex  2.702392e-01 -2.919519e-01  6.052426e-01
     vertex  3.045351e-01 -2.937019e-01  5.808299e-01
     vertex  2.755729e-01 -2.922067e-01  6.018683e-01
   endloop
 endfacet
 facet normal -1.153883e-01 -9.855833e-01 -1.237384e-01
   outer loop
     vertex  2.670211e-01 -2.918223e-01  6.072107e-01
     vertex  2.545309e-01 -2.912651e-01  6.144205e-01
     vertex  2.702392e-01 -2.919519e-01  6.052426e-01
   endloop
 endfacet
 facet normal -4.671050e-01  1.560173e-01 -8.703284e-01
   outer loop
     vertex  2.547432e-01 -2.912941e-01  6.143013e-01
     vertex  2.511845e-01 -2.911420e-01  6.162386e-01
     vertex  2.545309e-01 -2.912651e-01  6.144205e-01
   endloop
 endfacet
 facet normal -4.993208e-01 -1.490210e-01 -8.535054e-01
   outer loop
     vertex  2.547432e-01 -2.912941e-01  6.143013e-01
     vertex  2.545309e-01 -2.912651e-01  6.144205e-01
     vertex  2.670211e-01 -2.918223e-01  6.072107e-01
   endloop
 endfacet
 facet normal -2.740900e-02 -9.991316e-01  3.138219e-02
   outer loop
     vertex  2.489044e-01 -2.910254e-01  6.174554e-01
     vertex  1.474531e-01 -3.267020e-01 -6.070069e-01
     vertex  3.045351e-01 -2.937019e-01  5.808299e-01
   endloop
 endfacet
 facet normal -3.057812e-01  7.044853e-01 -6.404672e-01
   outer loop
     vertex  2.489044e-01 -2.910254e-01  6.174554e-01
     vertex  2.511845e-01 -2.911420e-01  6.162386e-01
     vertex  2.439803e-01 -2.908424e-01  6.200077e-01
   endloop
 endfacet
 facet normal -8.292321e-02 -9.925910e-01 -8.880824e-02
   outer loop
     vertex  2.489044e-01 -2.910254e-01  6.174554e-01
     vertex  2.439803e-01 -2.908424e-01  6.200077e-01
     vertex  2.323956e-01 -2.903808e-01  6.256653e-01
   endloop
 endfacet
 facet normal -4.267624e-01 -5.032082e-01 -7.514355e-01
   outer loop
     vertex  2.489044e-01 -2.910254e-01  6.174554e-01
     vertex  2.545309e-01 -2.912651e-01  6.144205e-01
     vertex  2.511845e-01 -2.911420e-01  6.162386e-01
   endloop
 endfacet
 facet normal -2.912828e-02 -9.992649e-01  2.492289e-02
   outer loop
     vertex  2.489044e-01 -2.910254e-01  6.174554e-01
     vertex  2.702392e-01 -2.919519e-01  6.052426e-01
     vertex  2.545309e-01 -2.912651e-01  6.144205e-01
   endloop
 endfacet
 facet normal -1.219993e-02 -9.984429e-01  5.443300e-02
   outer loop
     vertex  2.489044e-01 -2.910254e-01  6.174554e-01
     vertex  3.045351e-01 -2.937019e-01  5.808299e-01
     vertex  2.702392e-01 -2.919519e-01  6.052426e-01
   endloop
 endfacet
 facet normal -1.484940e-02 -9.987100e-01  4.855838e-02
   outer loop
     vertex  2.489044e-01 -2.910254e-01  6.174554e-01
     vertex  2.323956e-01 -2.903808e-01  6.256653e-01
     vertex  1.852448e-01 -2.887745e-01  6.442833e-01
   endloop
 endfacet
 facet normal -2.281157e-01  8.340501e-01 -5.023182e-01
   outer loop
     vertex  2.421011e-01 -2.907850e-01  6.209563e-01
     vertex  2.439803e-01 -2.908424e-01  6.200077e-01
     vertex  2.511845e-01 -2.911420e-01  6.162386e-01
   endloop
 endfacet
 facet normal -2.653024e-01 -8.391705e-01 -4.747710e-01
   outer loop
     vertex  2.421011e-01 -2.907850e-01  6.209563e-01
     vertex  2.323956e-01 -2.903808e-01  6.256653e-01
     vertex  2.439803e-01 -2.908424e-01  6.200077e-01
   endloop
 endfacet
 facet normal -1.038670e-01  9.496487e-01 -2.955994e-01
   outer loop
     vertex  2.421011e-01 -2.907850e-01  6.209563e-01
     vertex  2.253606e-01 -2.901529e-01  6.288692e-01
     vertex  2.323956e-01 -2.903808e-01  6.256653e-01
   endloop
 endfacet
 facet normal -3.188507e-02  9.901521e-01 -1.363164e-01
   outer loop
     vertex  2.421011e-01 -2.907850e-01  6.209563e-01
     vertex  2.511845e-01 -2.911420e-01  6.162386e-01
     vertex  2.547432e-01 -2.912941e-01  6.143013e-01
   endloop
 endfacet
 facet normal -1.627481e-01  5.283323e-02 -9.852521e-01
   outer loop
     vertex  1.155628e-01 -2.869025e-01  6.615890e-01
     vertex  1.151746e-01 -2.869529e-01  6.616505e-01
     vertex  1.064423e-01 -2.867624e-01  6.631031e-01
   endloop
 endfacet
 facet normal -7.075562e-02 -9.379681e-01 -3.394252e-01
   outer loop
     vertex  1.155628e-01 -2.869025e-01  6.615890e-01
     vertex  1.064423e-01 -2.867624e-01  6.631031e-01
     vertex  9.765270e-02 -2.865768e-01  6.644222e-01
   endloop
 endfacet
 facet normal -3.812541e-02 -9.900122e-01 -1.357287e-01
   outer loop
     vertex  6.199042e-02 -2.857473e-01  6.683898e-01
     vertex  9.765270e-02 -2.865768e-01  6.644222e-01
     vertex  9.100669e-02 -2.864447e-01  6.653262e-01
   endloop
 endfacet
 facet normal -8.522950e-02 -7.024132e-01 -7.066481e-01
   outer loop
     vertex  6.199042e-02 -2.857473e-01  6.683898e-01
     vertex  7.548380e-02 -2.861245e-01  6.671373e-01
     vertex  7.104259e-02 -2.860309e-01  6.675798e-01
   endloop
 endfacet
 facet normal -2.659256e-02  8.129330e-01 -5.817497e-01
   outer loop
     vertex  6.199042e-02 -2.857473e-01  6.683898e-01
     vertex  7.104259e-02 -2.860309e-01  6.675798e-01
     vertex  4.417337e-02 -2.854920e-01  6.695610e-01
   endloop
 endfacet
 facet normal -6.672017e-02 -3.188164e-01 -9.454652e-01
   outer loop
     vertex  6.199042e-02 -2.857473e-01  6.683898e-01
     vertex  4.417337e-02 -2.854920e-01  6.695610e-01
     vertex  4.170667e-02 -2.853667e-01  6.696928e-01
   endloop
 endfacet
 facet normal -5.390706e-02 -9.545040e-01 -2.932851e-01
   outer loop
     vertex  6.199042e-02 -2.857473e-01  6.683898e-01
     vertex  9.100669e-02 -2.864447e-01  6.653262e-01
     vertex  7.548380e-02 -2.861245e-01  6.671373e-01
   endloop
 endfacet
 facet normal -3.504261e-02 -9.936126e-01 -1.072662e-01
   outer loop
     vertex  6.199042e-02 -2.857473e-01  6.683898e-01
     vertex  1.155628e-01 -2.869025e-01  6.615890e-01
     vertex  9.765270e-02 -2.865768e-01  6.644222e-01
   endloop
 endfacet
 facet normal  1.885437e-02  1.963962e-01 -9.803433e-01
   outer loop
     vertex -8.546721e-03 -2.846489e-01  6.701601e-01
     vertex  6.918388e-03 -2.848156e-01  6.704241e-01
     vertex  7.556135e-03 -2.848999e-01  6.704195e-01
   endloop
 endfacet
 facet normal  1.433352e-01  2.332940e-02 -9.893992e-01
   outer loop
     vertex -9.436490e-02 -2.835093e-01  6.625674e-01
     vertex -8.781011e-02 -2.834464e-01  6.635185e-01
     vertex -8.969695e-02 -2.835594e-01  6.632425e-01
   endloop
 endfacet
 facet normal  1.400543e-01 -2.927511e-01 -9.458761e-01
   outer loop
     vertex -9.436490e-02 -2.835093e-01  6.625674e-01
     vertex -1.060045e-01 -2.832574e-01  6.607660e-01
     vertex -8.781011e-02 -2.834464e-01  6.635185e-01
   endloop
 endfacet
 facet normal  1.661076e-02  9.993358e-01 -3.243634e-02
   outer loop
     vertex -1.106393e-01 -2.833286e-01  6.599835e-01
     vertex -1.638821e-01 -2.827993e-01  6.490226e-01
     vertex -1.315104e-01 -2.831062e-01  6.561449e-01
   endloop
 endfacet
 facet normal  1.506250e-01  3.511624e-01 -9.241196e-01
   outer loop
     vertex -1.106393e-01 -2.833286e-01  6.599835e-01
     vertex -1.060045e-01 -2.832574e-01  6.607660e-01
     vertex -9.436490e-02 -2.835093e-01  6.625674e-01
   endloop
 endfacet
 facet normal  1.533927e-02  9.995377e-01 -2.625034e-02
   outer loop
     vertex -1.106393e-01 -2.833286e-01  6.599835e-01
     vertex -1.960152e-01 -2.825291e-01  6.405373e-01
     vertex -1.638821e-01 -2.827993e-01  6.490226e-01
   endloop
 endfacet
 facet normal  1.692161e-01  7.314605e-02 -9.828609e-01
   outer loop
     vertex -1.106393e-01 -2.833286e-01  6.599835e-01
     vertex -1.129520e-01 -2.833012e-01  6.595874e-01
     vertex -1.106204e-01 -2.833245e-01  6.599871e-01
   endloop
 endfacet
 facet normal  1.643054e-01  9.486802e-02 -9.818370e-01
   outer loop
     vertex -1.106393e-01 -2.833286e-01  6.599835e-01
     vertex -1.106204e-01 -2.833245e-01  6.599871e-01
     vertex -1.060045e-01 -2.832574e-01  6.607660e-01
   endloop
 endfacet
 facet normal  2.749682e-02  9.953927e-01 -9.185427e-02
   outer loop
     vertex -1.106393e-01 -2.833286e-01  6.599835e-01
     vertex -1.315104e-01 -2.831062e-01  6.561449e-01
     vertex -1.129520e-01 -2.833012e-01  6.595874e-01
   endloop
 endfacet
 facet normal  6.206969e-02  9.877775e-01 -1.429791e-01
   outer loop
     vertex -2.791086e-01 -2.819711e-01  6.118312e-01
     vertex -2.680474e-01 -2.820286e-01  6.162359e-01
     vertex -2.636329e-01 -2.820590e-01  6.179422e-01
   endloop
 endfacet
 facet normal  3.698496e-01 -1.527864e-02 -9.289660e-01
   outer loop
     vertex -2.791086e-01 -2.819711e-01  6.118312e-01
     vertex -2.653262e-01 -2.814174e-01  6.173092e-01
     vertex -2.680474e-01 -2.820286e-01  6.162359e-01
   endloop
 endfacet
 facet normal  3.544485e-01 -3.829609e-01 -8.530576e-01
   outer loop
     vertex -2.791086e-01 -2.819711e-01  6.118312e-01
     vertex -2.943765e-01 -2.818747e-01  6.054440e-01
     vertex -2.653262e-01 -2.814174e-01  6.173092e-01
   endloop
 endfacet
 facet normal  1.287133e-02  9.997574e-01 -1.787236e-02
   outer loop
     vertex -2.944473e-01 -2.818905e-01  6.054133e-01
     vertex -3.583922e-01 -2.816188e-01  5.745602e-01
     vertex -3.117873e-01 -2.818049e-01  5.977138e-01
   endloop
 endfacet
 facet normal  4.053150e-01 -4.092572e-02 -9.132606e-01
   outer loop
     vertex -2.944473e-01 -2.818905e-01  6.054133e-01
     vertex -3.117873e-01 -2.818049e-01  5.977138e-01
     vertex -2.943765e-01 -2.818747e-01  6.054440e-01
   endloop
 endfacet
 facet normal  3.855158e-01  6.212960e-02 -9.206071e-01
   outer loop
     vertex -2.944473e-01 -2.818905e-01  6.054133e-01
     vertex -2.943765e-01 -2.818747e-01  6.054440e-01
     vertex -2.791086e-01 -2.819711e-01  6.118312e-01
   endloop
 endfacet
 facet normal  1.219633e-02  9.997899e-01 -1.647310e-02
   outer loop
     vertex -3.728544e-01 -2.815735e-01  5.666033e-01
     vertex -3.583922e-01 -2.816188e-01  5.745602e-01
     vertex -2.944473e-01 -2.818905e-01  6.054133e-01
   endloop
 endfacet
 facet normal  4.891978e-01 -4.058694e-02 -8.712280e-01
   outer loop
     vertex -3.728544e-01 -2.815735e-01  5.666033e-01
     vertex -3.762940e-01 -2.805668e-01  5.646250e-01
     vertex -3.707426e-01 -2.815663e-01  5.677887e-01
   endloop
 endfacet
 facet normal  7.426554e-02  9.888140e-01 -1.293502e-01
   outer loop
     vertex -3.728544e-01 -2.815735e-01  5.666033e-01
     vertex -3.625242e-01 -2.816008e-01  5.723256e-01
     vertex -3.583922e-01 -2.816188e-01  5.745602e-01
   endloop
 endfacet
 facet normal  3.325906e-01  7.301115e-01 -5.969260e-01
   outer loop
     vertex -3.728544e-01 -2.815735e-01  5.666033e-01
     vertex -3.707426e-01 -2.815663e-01  5.677887e-01
     vertex -3.625242e-01 -2.816008e-01  5.723256e-01
   endloop
 endfacet
 facet normal  1.120106e-01  9.807371e-01 -1.600263e-01
   outer loop
     vertex -4.458909e-01 -2.814251e-01  5.201078e-01
     vertex -4.420541e-01 -2.814182e-01  5.228360e-01
     vertex -4.343857e-01 -2.814207e-01  5.281878e-01
   endloop
 endfacet
 facet normal  6.971855e-02  9.925607e-01 -9.981302e-02
   outer loop
     vertex -4.458909e-01 -2.814251e-01  5.201078e-01
     vertex -4.343857e-01 -2.814207e-01  5.281878e-01
     vertex -4.189546e-01 -2.814616e-01  5.385602e-01
   endloop
 endfacet
 facet normal  5.801717e-01 -1.189068e-01 -8.057680e-01
   outer loop
     vertex -4.458909e-01 -2.814251e-01  5.201078e-01
     vertex -4.496468e-01 -2.814172e-01  5.174023e-01
     vertex -4.431060e-01 -2.811318e-01  5.220697e-01
   endloop
 endfacet
 facet normal  5.794564e-01 -1.427933e-02 -8.148781e-01
   outer loop
     vertex -4.458909e-01 -2.814251e-01  5.201078e-01
     vertex -4.437211e-01 -2.813488e-01  5.216494e-01
     vertex -4.420541e-01 -2.814182e-01  5.228360e-01
   endloop
 endfacet
 facet normal  5.794056e-01 -6.944191e-02 -8.120757e-01
   outer loop
     vertex -4.458909e-01 -2.814251e-01  5.201078e-01
     vertex -4.431060e-01 -2.811318e-01  5.220697e-01
     vertex -4.437211e-01 -2.813488e-01  5.216494e-01
   endloop
 endfacet
 facet normal  5.962410e-01 -7.347899e-02 -7.994358e-01
   outer loop
     vertex -4.590139e-01 -2.814146e-01  5.105077e-01
     vertex -4.561745e-01 -2.805775e-01  5.125485e-01
     vertex -4.574861e-01 -2.813549e-01  5.116417e-01
   endloop
 endfacet
 facet normal  8.422559e-02  9.898988e-01 -1.140459e-01
   outer loop
     vertex -4.590139e-01 -2.814146e-01  5.105077e-01
     vertex -4.496468e-01 -2.814172e-01  5.174023e-01
     vertex -4.458909e-01 -2.814251e-01  5.201078e-01
   endloop
 endfacet
 facet normal  5.941814e-02  9.954946e-01 -7.389163e-02
   outer loop
     vertex -4.590139e-01 -2.814146e-01  5.105077e-01
     vertex -5.003968e-01 -2.814092e-01  4.773033e-01
     vertex -4.789979e-01 -2.813690e-01  4.950524e-01
   endloop
 endfacet
 facet normal  4.043249e-01  7.487511e-01 -5.252553e-01
   outer loop
     vertex -4.590139e-01 -2.814146e-01  5.105077e-01
     vertex -4.717186e-01 -2.813635e-01  5.008009e-01
     vertex -4.645462e-01 -2.813588e-01  5.063285e-01
   endloop
 endfacet
 facet normal  1.421179e-01  9.731811e-01 -1.808897e-01
   outer loop
     vertex -4.590139e-01 -2.814146e-01  5.105077e-01
     vertex -4.789979e-01 -2.813690e-01  4.950524e-01
     vertex -4.717186e-01 -2.813635e-01  5.008009e-01
   endloop
 endfacet
 facet normal  9.229024e-03  9.998931e-01 -1.133999e-02
   outer loop
     vertex -4.590139e-01 -2.814146e-01  5.105077e-01
     vertex -5.242374e-01 -2.814320e-01  4.558875e-01
     vertex -5.003968e-01 -2.814092e-01  4.773033e-01
   endloop
 endfacet
 facet normal  5.880944e-01  1.258116e-01 -7.989471e-01
   outer loop
     vertex -4.590139e-01 -2.814146e-01  5.105077e-01
     vertex -4.574861e-01 -2.813549e-01  5.116417e-01
     vertex -4.496468e-01 -2.814172e-01  5.174023e-01
   endloop
 endfacet
 facet normal  5.993846e-01 -9.561549e-02 -7.947300e-01
   outer loop
     vertex -4.590139e-01 -2.814146e-01  5.105077e-01
     vertex -4.645462e-01 -2.813588e-01  5.063285e-01
     vertex -4.561745e-01 -2.805775e-01  5.125485e-01
   endloop
 endfacet
 facet normal  7.408539e-01 -2.265090e-01 -6.323204e-01
   outer loop
     vertex -5.818995e-01 -2.815639e-01  3.953229e-01
     vertex -5.849907e-01 -2.811660e-01  3.915585e-01
     vertex -5.701543e-01 -2.799730e-01  4.085141e-01
   endloop
 endfacet
 facet normal  7.515771e-01 -1.758569e-01 -6.357721e-01
   outer loop
     vertex -5.818995e-01 -2.815639e-01  3.953229e-01
     vertex -5.831957e-01 -2.815228e-01  3.937792e-01
     vertex -5.849907e-01 -2.811660e-01  3.915585e-01
   endloop
 endfacet
 facet normal  7.473339e-01 -1.498065e-01 -6.473408e-01
   outer loop
     vertex -5.818995e-01 -2.815639e-01  3.953229e-01
     vertex -5.701543e-01 -2.799730e-01  4.085141e-01
     vertex -5.716036e-01 -2.815303e-01  4.072014e-01
   endloop
 endfacet
 facet normal  8.347881e-01 -1.910667e-01 -5.163548e-01
   outer loop
     vertex -6.396366e-01 -2.818440e-01  3.167183e-01
     vertex -6.453477e-01 -2.818588e-01  3.074907e-01
     vertex -6.467035e-01 -2.795901e-01  3.044592e-01
   endloop
 endfacet
 facet normal  2.700264e-01  9.479684e-01 -1.686468e-01
   outer loop
     vertex -6.396366e-01 -2.818440e-01  3.167183e-01
     vertex -6.499057e-01 -2.819120e-01  2.998935e-01
     vertex -6.453477e-01 -2.818588e-01  3.074907e-01
   endloop
 endfacet
 facet normal  8.305576e-01 -1.749044e-01 -5.287556e-01
   outer loop
     vertex -6.396366e-01 -2.818440e-01  3.167183e-01
     vertex -6.359627e-01 -2.815517e-01  3.223924e-01
     vertex -6.360690e-01 -2.818126e-01  3.223118e-01
   endloop
 endfacet
 facet normal  8.307483e-01 -1.733818e-01 -5.289575e-01
   outer loop
     vertex -6.396366e-01 -2.818440e-01  3.167183e-01
     vertex -6.350345e-01 -2.794410e-01  3.231584e-01
     vertex -6.359627e-01 -2.815517e-01  3.223924e-01
   endloop
 endfacet
 facet normal  1.668222e-01  9.796180e-01 -1.118879e-01
   outer loop
     vertex -6.396366e-01 -2.818440e-01  3.167183e-01
     vertex -6.360690e-01 -2.818126e-01  3.223118e-01
     vertex -6.312744e-01 -2.817909e-01  3.296505e-01
   endloop
 endfacet
 facet normal  8.308945e-01 -2.060638e-01 -5.168675e-01
   outer loop
     vertex -6.396366e-01 -2.818440e-01  3.167183e-01
     vertex -6.467035e-01 -2.795901e-01  3.044592e-01
     vertex -6.350345e-01 -2.794410e-01  3.231584e-01
   endloop
 endfacet
 facet normal  8.861722e-01 -2.076043e-01 -4.142455e-01
   outer loop
     vertex -6.784342e-01 -2.821631e-01  2.460864e-01
     vertex -6.803457e-01 -2.820299e-01  2.419304e-01
     vertex -6.783709e-01 -2.821345e-01  2.462075e-01
   endloop
 endfacet
 facet normal  8.909668e-01 -1.301310e-01 -4.350219e-01
   outer loop
     vertex -6.784342e-01 -2.821631e-01  2.460864e-01
     vertex -6.783709e-01 -2.821345e-01  2.462075e-01
     vertex -6.707273e-01 -2.820466e-01  2.618361e-01
   endloop
 endfacet
 facet normal -1.871726e-02 -9.997151e-01  1.481358e-02
   outer loop
     vertex -7.304988e-01 -2.830682e-01  8.144042e-02
     vertex  3.284015e-01 -2.956044e-01  5.733608e-01
     vertex -7.301249e-01 -2.830434e-01  8.358549e-02
   endloop
 endfacet
 facet normal  5.114632e-01  8.535811e-01 -9.901905e-02
   outer loop
     vertex -7.304988e-01 -2.830682e-01  8.144042e-02
     vertex -7.301249e-01 -2.830434e-01  8.358549e-02
     vertex -7.278179e-01 -2.829800e-01  9.604858e-02
   endloop
 endfacet
 facet normal  4.558982e-03  9.999660e-01 -6.874146e-03
   outer loop
     vertex -7.304988e-01 -2.830682e-01  8.144042e-02
     vertex -7.278179e-01 -2.829800e-01  9.604858e-02
     vertex -7.124144e-01 -2.826246e-01  1.579720e-01
   endloop
 endfacet
 facet normal -1.374472e-02 -9.998971e-01  4.105111e-03
   outer loop
     vertex -7.304988e-01 -2.830682e-01  8.144042e-02
     vertex -7.308447e-01 -2.830719e-01  7.939108e-02
     vertex  3.284015e-01 -2.956044e-01  5.733608e-01
   endloop
 endfacet
 facet normal  1.655791e-02  9.998424e-01 -6.401007e-03
   outer loop
     vertex -7.394150e-01 -2.836519e-01 -1.118088e-02
     vertex -7.386561e-01 -2.839758e-01 -5.981946e-02
     vertex -7.395125e-01 -2.837990e-01 -3.441547e-02
   endloop
 endfacet
 facet normal -1.923575e-02 -9.997216e-01  1.366214e-02
   outer loop
     vertex -7.394150e-01 -2.836519e-01 -1.118088e-02
     vertex  3.284024e-01 -2.962095e-01  5.733655e-01
     vertex -7.391156e-01 -2.835270e-01 -1.618409e-03
   endloop
 endfacet
 facet normal  4.388914e-03  9.999678e-01 -6.711838e-03
   outer loop
     vertex -7.394150e-01 -2.836519e-01 -1.118088e-02
     vertex -7.389099e-01 -2.835548e-01  3.618622e-03
     vertex -7.350745e-01 -2.832603e-01  4.999858e-02
   endloop
 endfacet
 facet normal  9.172713e-01  3.968165e-01 -3.391064e-02
   outer loop
     vertex -7.394150e-01 -2.836519e-01 -1.118088e-02
     vertex -7.391156e-01 -2.835270e-01 -1.618409e-03
     vertex -7.389099e-01 -2.835548e-01  3.618622e-03
   endloop
 endfacet
 facet normal  5.164451e-01  8.562867e-01 -7.588433e-03
   outer loop
     vertex -7.394150e-01 -2.836519e-01 -1.118088e-02
     vertex -7.395125e-01 -2.837990e-01 -3.441547e-02
     vertex -7.395190e-01 -2.836473e-01 -1.773448e-02
   endloop
 endfacet
 facet normal -1.147264e-02 -9.999340e-01 -5.236379e-04
   outer loop
     vertex -7.394150e-01 -2.836519e-01 -1.118088e-02
     vertex -7.395190e-01 -2.836473e-01 -1.773448e-02
     vertex  3.284024e-01 -2.962095e-01  5.733655e-01
   endloop
 endfacet
 facet normal  9.922818e-01  9.326667e-02  8.172019e-02
   outer loop
     vertex -7.363917e-01 -2.841819e-01 -8.939438e-02
     vertex -7.365807e-01 -2.840542e-01 -8.724561e-02
     vertex -7.381486e-01 -2.840261e-01 -6.823856e-02
   endloop
 endfacet
 facet normal  5.005038e-03  9.999658e-01 -6.582098e-03
   outer loop
     vertex -7.363917e-01 -2.841819e-01 -8.939438e-02
     vertex -7.386561e-01 -2.839758e-01 -5.981946e-02
     vertex -7.394150e-01 -2.836519e-01 -1.118088e-02
   endloop
 endfacet
 facet normal -4.618917e-02 -9.974066e-01  5.519609e-02
   outer loop
     vertex -7.363917e-01 -2.841819e-01 -8.939438e-02
     vertex  3.284032e-01 -2.968146e-01  5.733702e-01
     vertex -7.365807e-01 -2.840542e-01 -8.724561e-02
   endloop
 endfacet
 facet normal  6.069971e-02  9.981534e-01 -2.305231e-03
   outer loop
     vertex -7.363917e-01 -2.841819e-01 -8.939438e-02
     vertex -7.381486e-01 -2.840261e-01 -6.823856e-02
     vertex -7.386561e-01 -2.839758e-01 -5.981946e-02
   endloop
 endfacet
 facet normal  9.158368e-01 -1.681796e-01  3.646349e-01
   outer loop
     vertex -6.972968e-01 -2.854516e-01 -2.572744e-01
     vertex -6.853894e-01 -2.856941e-01 -2.872936e-01
     vertex -6.853080e-01 -2.855102e-01 -2.874132e-01
   endloop
 endfacet
 facet normal  5.816111e-03  9.999645e-01 -6.097523e-03
   outer loop
     vertex -6.972968e-01 -2.854516e-01 -2.572744e-01
     vertex -7.023754e-01 -2.853356e-01 -2.431050e-01
     vertex -7.205552e-01 -2.848544e-01 -1.815297e-01
   endloop
 endfacet
 facet normal -1.046329e-02 -9.999428e-01 -2.215438e-03
   outer loop
     vertex -6.972968e-01 -2.854516e-01 -2.572744e-01
     vertex -6.853080e-01 -2.855102e-01 -2.874132e-01
     vertex  3.284048e-01 -2.980248e-01  5.733797e-01
   endloop
 endfacet
 facet normal -1.463462e-02 -9.998886e-01  2.936197e-03
   outer loop
     vertex -6.972968e-01 -2.854516e-01 -2.572744e-01
     vertex  3.284048e-01 -2.980248e-01  5.733797e-01
     vertex -7.023754e-01 -2.853356e-01 -2.431050e-01
   endloop
 endfacet
 facet normal -1.391077e-02 -9.999023e-01  1.405881e-03
   outer loop
     vertex -6.253262e-01 -2.867308e-01 -4.005721e-01
     vertex  3.284057e-01 -2.986298e-01  5.733844e-01
     vertex -6.312068e-01 -2.866360e-01 -3.913110e-01
   endloop
 endfacet
 facet normal  8.315624e-01  1.128146e-01  5.438537e-01
   outer loop
     vertex -6.253262e-01 -2.867308e-01 -4.005721e-01
     vertex -6.193245e-01 -2.868187e-01 -4.097306e-01
     vertex -6.219286e-01 -2.867046e-01 -4.057726e-01
   endloop
 endfacet
 facet normal -4.395936e-03 -9.999590e-01 -7.912068e-03
   outer loop
     vertex -6.253262e-01 -2.867308e-01 -4.005721e-01
     vertex -6.219286e-01 -2.867046e-01 -4.057726e-01
     vertex  3.284057e-01 -2.986298e-01  5.733844e-01
   endloop
 endfacet
 facet normal  8.964584e-02  9.947580e-01  4.919537e-02
   outer loop
     vertex -6.168747e-01 -2.868585e-01 -4.133900e-01
     vertex -6.193245e-01 -2.868187e-01 -4.097306e-01
     vertex -6.253262e-01 -2.867308e-01 -4.005721e-01
   endloop
 endfacet
 facet normal  8.240726e-01 -1.228375e-01  5.530056e-01
   outer loop
     vertex -6.168747e-01 -2.868585e-01 -4.133900e-01
     vertex -6.169107e-01 -2.868436e-01 -4.133331e-01
     vertex -6.193245e-01 -2.868187e-01 -4.097306e-01
   endloop
 endfacet
 facet normal  8.145985e-01 -1.613902e-01  5.571198e-01
   outer loop
     vertex -6.168747e-01 -2.868585e-01 -4.133900e-01
     vertex -6.119461e-01 -2.869234e-01 -4.206153e-01
     vertex -6.169107e-01 -2.868436e-01 -4.133331e-01
   endloop
 endfacet
 facet normal  8.206978e-01 -1.092915e-01  5.608123e-01
   outer loop
     vertex -6.119278e-01 -2.869309e-01 -4.206436e-01
     vertex -6.119461e-01 -2.869234e-01 -4.206153e-01
     vertex -6.168747e-01 -2.868585e-01 -4.133900e-01
   endloop
 endfacet
 facet normal  8.083016e-01 -1.608008e-01  5.663846e-01
   outer loop
     vertex -6.119278e-01 -2.869309e-01 -4.206436e-01
     vertex -6.068945e-01 -2.870036e-01 -4.278473e-01
     vertex -6.119461e-01 -2.869234e-01 -4.206153e-01
   endloop
 endfacet
 facet normal -1.288306e-02 -9.999170e-01 -1.646608e-04
   outer loop
     vertex -5.978764e-01 -2.871336e-01 -4.403381e-01
     vertex -5.965724e-01 -2.871501e-01 -4.421015e-01
     vertex  3.284065e-01 -2.992349e-01  5.733892e-01
   endloop
 endfacet
 facet normal  9.947440e-03  9.999454e-01 -3.195483e-03
   outer loop
     vertex -5.978764e-01 -2.871336e-01 -4.403381e-01
     vertex -6.119278e-01 -2.869309e-01 -4.206436e-01
     vertex -6.168747e-01 -2.868585e-01 -4.133900e-01
   endloop
 endfacet
 facet normal  1.331265e-02  9.999111e-01 -7.941586e-04
   outer loop
     vertex -5.978764e-01 -2.871336e-01 -4.403381e-01
     vertex -6.068945e-01 -2.870036e-01 -4.278473e-01
     vertex -6.119278e-01 -2.869309e-01 -4.206436e-01
   endloop
 endfacet
 facet normal -1.365874e-02 -9.999066e-01  5.442343e-04
   outer loop
     vertex -5.978764e-01 -2.871336e-01 -4.403381e-01
     vertex  3.284065e-01 -2.992349e-01  5.733892e-01
     vertex -6.068945e-01 -2.870036e-01 -4.278473e-01
   endloop
 endfacet
 facet normal -8.798399e-03 -9.999543e-01 -3.750929e-03
   outer loop
     vertex -5.831891e-01 -2.873390e-01 -4.596362e-01
     vertex -5.805239e-01 -2.873498e-01 -4.630046e-01
     vertex  3.284065e-01 -2.992349e-01  5.733892e-01
   endloop
 endfacet
 facet normal  7.413952e-01  3.277663e-01  5.855788e-01
   outer loop
     vertex -5.831891e-01 -2.873390e-01 -4.596362e-01
     vertex -5.776960e-01 -2.874136e-01 -4.665492e-01
     vertex -5.805239e-01 -2.873498e-01 -4.630046e-01
   endloop
 endfacet
 facet normal -1.752561e-02 -9.998391e-01  3.823540e-03
   outer loop
     vertex -5.678838e-01 -2.875470e-01 -4.785189e-01
     vertex  3.284065e-01 -2.992349e-01  5.733892e-01
     vertex -5.693365e-01 -2.875149e-01 -4.767737e-01
   endloop
 endfacet
 facet normal  4.626497e-01  8.055089e-01  3.702845e-01
   outer loop
     vertex -5.678838e-01 -2.875470e-01 -4.785189e-01
     vertex -5.693365e-01 -2.875149e-01 -4.767737e-01
     vertex -5.776960e-01 -2.874136e-01 -4.665492e-01
   endloop
 endfacet
 facet normal  1.372888e-02  9.999057e-01  1.119763e-04
   outer loop
     vertex -5.678838e-01 -2.875470e-01 -4.785189e-01
     vertex -5.776960e-01 -2.874136e-01 -4.665492e-01
     vertex -5.831891e-01 -2.873390e-01 -4.596362e-01
   endloop
 endfacet
 facet normal -1.250328e-02 -9.999217e-01 -4.567069e-04
   outer loop
     vertex -5.678838e-01 -2.875470e-01 -4.785189e-01
     vertex -5.636221e-01 -2.875980e-01 -4.835724e-01
     vertex  3.284065e-01 -2.992349e-01  5.733892e-01
   endloop
 endfacet
 facet normal  3.612948e-01  8.485714e-01  3.865135e-01
   outer loop
     vertex -5.008528e-01 -2.884068e-01 -5.495239e-01
     vertex -4.828651e-01 -2.885898e-01 -5.659363e-01
     vertex -4.957972e-01 -2.884168e-01 -5.542277e-01
   endloop
 endfacet
 facet normal  6.813327e-01 -1.428174e-01  7.179060e-01
   outer loop
     vertex -5.008528e-01 -2.884068e-01 -5.495239e-01
     vertex -5.000715e-01 -2.878301e-01 -5.501507e-01
     vertex -5.081440e-01 -2.882483e-01 -5.425726e-01
   endloop
 endfacet
 facet normal  6.894084e-01 -2.917293e-02  7.237852e-01
   outer loop
     vertex -5.008528e-01 -2.884068e-01 -5.495239e-01
     vertex -5.081440e-01 -2.882483e-01 -5.425726e-01
     vertex -5.089299e-01 -2.883019e-01 -5.418263e-01
   endloop
 endfacet
 facet normal  1.078978e-01  9.891468e-01  9.973321e-02
   outer loop
     vertex -5.008528e-01 -2.884068e-01 -5.495239e-01
     vertex -5.089299e-01 -2.883019e-01 -5.418263e-01
     vertex -5.121109e-01 -2.882663e-01 -5.387379e-01
   endloop
 endfacet
 facet normal  1.946356e-01  9.597202e-01  2.026184e-01
   outer loop
     vertex -5.008528e-01 -2.884068e-01 -5.495239e-01
     vertex -4.760300e-01 -2.887097e-01 -5.719341e-01
     vertex -4.828651e-01 -2.885898e-01 -5.659363e-01
   endloop
 endfacet
 facet normal  6.774406e-01 -1.311466e-01  7.237919e-01
   outer loop
     vertex -5.008528e-01 -2.884068e-01 -5.495239e-01
     vertex -4.997661e-01 -2.881994e-01 -5.505034e-01
     vertex -5.000715e-01 -2.878301e-01 -5.501507e-01
   endloop
 endfacet
 facet normal  6.769543e-01 -1.095241e-01  7.278306e-01
   outer loop
     vertex -5.008528e-01 -2.884068e-01 -5.495239e-01
     vertex -4.957972e-01 -2.884168e-01 -5.542277e-01
     vertex -4.997661e-01 -2.881994e-01 -5.505034e-01
   endloop
 endfacet
 facet normal  1.884986e-01  9.397870e-01  2.850765e-01
   outer loop
     vertex -3.566161e-01 -2.901132e-01 -6.583115e-01
     vertex -3.682673e-01 -2.899292e-01 -6.512140e-01
     vertex -3.832055e-01 -2.898045e-01 -6.417478e-01
   endloop
 endfacet
 facet normal  5.046161e-01 -1.366617e-01  8.524589e-01
   outer loop
     vertex -3.566161e-01 -2.901132e-01 -6.583115e-01
     vertex -3.527852e-01 -2.901531e-01 -6.605855e-01
     vertex -3.537397e-01 -2.897954e-01 -6.599632e-01
   endloop
 endfacet
 facet normal  5.036042e-01 -2.302466e-01  8.326880e-01
   outer loop
     vertex -3.566161e-01 -2.901132e-01 -6.583115e-01
     vertex -3.537397e-01 -2.897954e-01 -6.599632e-01
     vertex -3.682673e-01 -2.899292e-01 -6.512140e-01
   endloop
 endfacet
 facet normal -1.416954e-02 -9.998991e-01 -1.047567e-03
   outer loop
     vertex -3.274854e-01 -2.904477e-01 -6.749346e-01
     vertex  3.284090e-01 -3.010502e-01  5.734035e-01
     vertex -3.373458e-01 -2.903137e-01 -6.694763e-01
   endloop
 endfacet
 facet normal  3.795534e-02  9.982001e-01  4.643171e-02
   outer loop
     vertex -3.274854e-01 -2.904477e-01 -6.749346e-01
     vertex -3.527852e-01 -2.901531e-01 -6.605855e-01
     vertex -3.566161e-01 -2.901132e-01 -6.583115e-01
   endloop
 endfacet
 facet normal  3.861086e-02  9.978798e-01  5.239329e-02
   outer loop
     vertex -3.274854e-01 -2.904477e-01 -6.749346e-01
     vertex -2.977397e-01 -2.907883e-01 -6.903670e-01
     vertex -3.216076e-01 -2.905087e-01 -6.781035e-01
   endloop
 endfacet
 facet normal -1.166065e-02 -9.999292e-01 -2.366030e-03
   outer loop
     vertex -3.274854e-01 -2.904477e-01 -6.749346e-01
     vertex -3.216076e-01 -2.905087e-01 -6.781035e-01
     vertex  3.284090e-01 -3.010502e-01  5.734035e-01
   endloop
 endfacet
 facet normal  9.157226e-02  9.857335e-01  1.412233e-01
   outer loop
     vertex -3.274854e-01 -2.904477e-01 -6.749346e-01
     vertex -3.373458e-01 -2.903137e-01 -6.694763e-01
     vertex -3.527852e-01 -2.901531e-01 -6.605855e-01
   endloop
 endfacet
 facet normal -2.933246e-02 -9.995506e-01  6.185055e-03
   outer loop
     vertex -2.836604e-01 -2.909506e-01 -6.971540e-01
     vertex  3.284090e-01 -3.010502e-01  5.734035e-01
     vertex -2.969519e-01 -2.905207e-01 -6.907090e-01
   endloop
 endfacet
 facet normal  1.246950e-02  9.999203e-01  1.961181e-03
   outer loop
     vertex -2.836604e-01 -2.909506e-01 -6.971540e-01
     vertex -2.977397e-01 -2.907883e-01 -6.903670e-01
     vertex -3.274854e-01 -2.904477e-01 -6.749346e-01
   endloop
 endfacet
 facet normal  4.298583e-01 -1.218953e-01  8.946303e-01
   outer loop
     vertex -2.836604e-01 -2.909506e-01 -6.971540e-01
     vertex -2.969519e-01 -2.905207e-01 -6.907090e-01
     vertex -2.977397e-01 -2.907883e-01 -6.903670e-01
   endloop
 endfacet
 facet normal  1.362181e-02  9.998839e-01  6.825353e-03
   outer loop
     vertex -1.927970e-01 -2.919983e-01 -7.335026e-01
     vertex -1.140120e-01 -2.929229e-01 -7.552852e-01
     vertex -1.738062e-01 -2.922157e-01 -7.395518e-01
   endloop
 endfacet
 facet normal -1.247656e-02 -9.999193e-01 -2.412816e-03
   outer loop
     vertex -1.927970e-01 -2.919983e-01 -7.335026e-01
     vertex  3.284098e-01 -3.016553e-01  5.734083e-01
     vertex -2.074960e-01 -2.918270e-01 -7.284628e-01
   endloop
 endfacet
 facet normal -4.356732e-03 -9.999745e-01 -5.651476e-03
   outer loop
     vertex -1.927970e-01 -2.919983e-01 -7.335026e-01
     vertex -1.907643e-01 -2.920034e-01 -7.341718e-01
     vertex  3.284098e-01 -3.016553e-01  5.734083e-01
   endloop
 endfacet
 facet normal  2.089528e-01  7.487363e-01  6.290729e-01
   outer loop
     vertex -1.927970e-01 -2.919983e-01 -7.335026e-01
     vertex -1.738062e-01 -2.922157e-01 -7.395518e-01
     vertex -1.907643e-01 -2.920034e-01 -7.341718e-01
   endloop
 endfacet
 facet normal  7.090121e-02 -6.859073e-01  7.242266e-01
   outer loop
     vertex -3.405134e-02 -2.938889e-01 -7.686634e-01
     vertex -2.757237e-02 -2.939618e-01 -7.693668e-01
     vertex -3.627727e-02 -2.938469e-01 -7.684058e-01
   endloop
 endfacet
 facet normal -1.289753e-02 -9.999130e-01 -2.758312e-03
   outer loop
     vertex -1.019183e-02 -2.941843e-01 -7.709770e-01
     vertex  3.284106e-01 -3.022603e-01  5.734131e-01
     vertex -2.321919e-02 -2.940194e-01 -7.698089e-01
   endloop
 endfacet
 facet normal -9.697148e-01  6.014937e-04  2.442392e-01
   outer loop
     vertex -1.019183e-02 -2.941843e-01 -7.709770e-01
     vertex  3.284115e-01 -3.028654e-01  5.734179e-01
     vertex  3.284106e-01 -3.022603e-01  5.734131e-01
   endloop
 endfacet
 facet normal -1.263986e-02 -9.999148e-01 -3.273245e-03
   outer loop
     vertex -1.019183e-02 -2.941843e-01 -7.709770e-01
     vertex -1.518627e-03 -2.942918e-01 -7.716263e-01
     vertex  3.284115e-01 -3.028654e-01  5.734179e-01
   endloop
 endfacet
 facet normal -1.170821e-02 -9.999254e-01 -3.489289e-03
   outer loop
     vertex  1.366255e-02 -2.944833e-01 -7.725165e-01
     vertex  1.582092e-02 -2.945082e-01 -7.726171e-01
     vertex  3.284115e-01 -3.028654e-01  5.734179e-01
   endloop
 endfacet
 facet normal  1.341190e-02  9.998175e-01  1.360159e-02
   outer loop
     vertex  1.366255e-02 -2.944833e-01 -7.725165e-01
     vertex -1.518627e-03 -2.942918e-01 -7.716263e-01
     vertex -1.019183e-02 -2.941843e-01 -7.709770e-01
   endloop
 endfacet
 facet normal -1.280509e-02 -9.999128e-01 -3.232703e-03
   outer loop
     vertex  1.366255e-02 -2.944833e-01 -7.725165e-01
     vertex  3.284115e-01 -3.028654e-01  5.734179e-01
     vertex -1.518627e-03 -2.942918e-01 -7.716263e-01
   endloop
 endfacet
 facet normal -9.751437e-03 -9.999449e-01 -3.892549e-03
   outer loop
     vertex  3.748673e-02 -2.947860e-01 -7.732767e-01
     vertex  4.176180e-02 -2.948275e-01 -7.733281e-01
     vertex  3.284115e-01 -3.028654e-01  5.734179e-01
   endloop
 endfacet
 facet normal  1.544442e-02  6.387478e-01  7.692612e-01
   outer loop
     vertex  3.748673e-02 -2.947860e-01 -7.732767e-01
     vertex  4.613467e-02 -2.948961e-01 -7.733589e-01
     vertex  4.176180e-02 -2.948275e-01 -7.733281e-01
   endloop
 endfacet
 facet normal -2.047856e-02 -9.997888e-01 -1.708346e-03
   outer loop
     vertex  6.125568e-02 -2.950922e-01 -7.732531e-01
     vertex  3.284115e-01 -3.028654e-01  5.734179e-01
     vertex  5.105465e-02 -2.948831e-01 -7.733464e-01
   endloop
 endfacet
 facet normal  1.286856e-02  9.998155e-01  1.425793e-02
   outer loop
     vertex  6.125568e-02 -2.950922e-01 -7.732531e-01
     vertex  4.613467e-02 -2.948961e-01 -7.733589e-01
     vertex  3.748673e-02 -2.947860e-01 -7.732767e-01
   endloop
 endfacet
 facet normal -1.132049e-02 -1.084236e-01  9.940403e-01
   outer loop
     vertex  6.125568e-02 -2.950922e-01 -7.732531e-01
     vertex  5.105465e-02 -2.948831e-01 -7.733464e-01
     vertex  5.043891e-02 -2.949468e-01 -7.733604e-01
   endloop
 endfacet
 facet normal  4.121312e-04  9.541580e-01  2.993031e-01
   outer loop
     vertex  6.125568e-02 -2.950922e-01 -7.732531e-01
     vertex  9.353067e-02 -2.955148e-01 -7.719505e-01
     vertex  8.477897e-02 -2.953566e-01 -7.724427e-01
   endloop
 endfacet
 facet normal  6.691226e-03 -9.999524e-01 -7.099298e-03
   outer loop
     vertex  6.125568e-02 -2.950922e-01 -7.732531e-01
     vertex  7.222569e-02 -2.950211e-01 -7.729396e-01
     vertex  3.284115e-01 -3.028654e-01  5.734179e-01
   endloop
 endfacet
 facet normal -2.915590e-02  3.143873e-01  9.488470e-01
   outer loop
     vertex  6.125568e-02 -2.950922e-01 -7.732531e-01
     vertex  8.477897e-02 -2.953566e-01 -7.724427e-01
     vertex  7.222569e-02 -2.950211e-01 -7.729396e-01
   endloop
 endfacet
 facet normal  1.168994e-02  9.871740e-01  1.592195e-01
   outer loop
     vertex  6.125568e-02 -2.950922e-01 -7.732531e-01
     vertex  5.043891e-02 -2.949468e-01 -7.733604e-01
     vertex  4.613467e-02 -2.948961e-01 -7.733589e-01
   endloop
 endfacet
 facet normal -1.302700e-02 -9.999071e-01 -4.009131e-03
   outer loop
     vertex  3.061378e-01 -2.985870e-01 -7.231009e-01
     vertex  3.080788e-01 -2.986155e-01 -7.222891e-01
     vertex  3.284132e-01 -3.040756e-01  5.734276e-01
   endloop
 endfacet
 facet normal  1.199968e-02  9.998814e-01  9.653983e-03
   outer loop
     vertex  3.061378e-01 -2.985870e-01 -7.231009e-01
     vertex  2.924123e-01 -2.983689e-01 -7.286240e-01
     vertex  2.321862e-01 -2.974526e-01 -7.486681e-01
   endloop
 endfacet
 facet normal -1.428001e-02 -9.998901e-01 -3.987531e-03
   outer loop
     vertex  3.061378e-01 -2.985870e-01 -7.231009e-01
     vertex  3.284132e-01 -3.040756e-01  5.734276e-01
     vertex  2.924123e-01 -2.983689e-01 -7.286240e-01
   endloop
 endfacet
 facet normal -4.469663e-01 -1.341321e-02  8.944502e-01
   outer loop
     vertex  3.483394e-01 -2.992763e-01 -7.036837e-01
     vertex  3.462279e-01 -2.991715e-01 -7.047373e-01
     vertex  3.426664e-01 -2.991800e-01 -7.065172e-01
   endloop
 endfacet
 facet normal -3.360981e-01 -7.247020e-01  6.015356e-01
   outer loop
     vertex  3.483394e-01 -2.992763e-01 -7.036837e-01
     vertex  3.762344e-01 -2.997508e-01 -6.886695e-01
     vertex  3.462279e-01 -2.991715e-01 -7.047373e-01
   endloop
 endfacet
 facet normal  1.100282e-02  9.998772e-01  1.115755e-02
   outer loop
     vertex  3.889935e-01 -2.999748e-01 -6.811734e-01
     vertex  3.762344e-01 -2.997508e-01 -6.886695e-01
     vertex  3.483394e-01 -2.992763e-01 -7.036837e-01
   endloop
 endfacet
 facet normal -1.480014e-02 -9.998805e-01 -4.465047e-03
   outer loop
     vertex  3.889935e-01 -2.999748e-01 -6.811734e-01
     vertex  4.051246e-01 -3.002586e-01 -6.710933e-01
     vertex  3.284140e-01 -3.046807e-01  5.734324e-01
   endloop
 endfacet
 facet normal -1.493104e-02 -9.998785e-01 -4.471360e-03
   outer loop
     vertex  3.889935e-01 -2.999748e-01 -6.811734e-01
     vertex  3.284140e-01 -3.046807e-01  5.734324e-01
     vertex  3.762344e-01 -2.997508e-01 -6.886695e-01
   endloop
 endfacet
 facet normal  9.402413e-03  9.998699e-01  1.310267e-02
   outer loop
     vertex  3.889935e-01 -2.999748e-01 -6.811734e-01
     vertex  4.533809e-01 -3.011657e-01 -6.365043e-01
     vertex  4.051246e-01 -3.002586e-01 -6.710933e-01
   endloop
 endfacet
 facet normal  7.037527e-03  9.980420e-01 -6.215081e-02
   outer loop
     vertex  2.747043e-01 -2.921744e-01  6.024262e-01
     vertex  2.547432e-01 -2.912941e-01  6.143013e-01
     vertex  2.670211e-01 -2.918223e-01  6.072107e-01
   endloop
 endfacet
 facet normal -7.176657e-02  9.830576e-01 -1.686634e-01
   outer loop
     vertex  2.747043e-01 -2.921744e-01  6.024262e-01
     vertex  2.755729e-01 -2.922067e-01  6.018683e-01
     vertex  3.045351e-01 -2.937019e-01  5.808299e-01
   endloop
 endfacet
 facet normal -4.457287e-01 -6.060557e-01 -6.588038e-01
   outer loop
     vertex  2.747043e-01 -2.921744e-01  6.024262e-01
     vertex  2.702392e-01 -2.919519e-01  6.052426e-01
     vertex  2.755729e-01 -2.922067e-01  6.018683e-01
   endloop
 endfacet
 facet normal -2.296381e-01  8.716897e-01 -4.329243e-01
   outer loop
     vertex  2.747043e-01 -2.921744e-01  6.024262e-01
     vertex  2.670211e-01 -2.918223e-01  6.072107e-01
     vertex  2.702392e-01 -2.919519e-01  6.052426e-01
   endloop
 endfacet
 facet normal  1.083703e-02  9.983837e-01 -5.578947e-02
   outer loop
     vertex  2.747043e-01 -2.921744e-01  6.024262e-01
     vertex  2.421011e-01 -2.907850e-01  6.209563e-01
     vertex  2.547432e-01 -2.912941e-01  6.143013e-01
   endloop
 endfacet
 facet normal -1.805381e-01 -9.116540e-01 -3.691787e-01
   outer loop
     vertex  2.002213e-01 -2.893014e-01  6.390602e-01
     vertex  1.977821e-01 -2.891809e-01  6.399556e-01
     vertex  2.253606e-01 -2.901529e-01  6.288692e-01
   endloop
 endfacet
 facet normal -3.410958e-01  6.428757e-02 -9.378277e-01
   outer loop
     vertex  2.002213e-01 -2.893014e-01  6.390602e-01
     vertex  1.982552e-01 -2.892358e-01  6.397798e-01
     vertex  1.977821e-01 -2.891809e-01  6.399556e-01
   endloop
 endfacet
 facet normal  1.257298e-02  9.985288e-01 -5.274597e-02
   outer loop
     vertex  2.002213e-01 -2.893014e-01  6.390602e-01
     vertex  2.421011e-01 -2.907850e-01  6.209563e-01
     vertex  2.747043e-01 -2.921744e-01  6.024262e-01
   endloop
 endfacet
 facet normal  1.178259e-02  9.984526e-01 -5.434701e-02
   outer loop
     vertex  2.002213e-01 -2.893014e-01  6.390602e-01
     vertex  2.747043e-01 -2.921744e-01  6.024262e-01
     vertex  3.045351e-01 -2.937019e-01  5.808299e-01
   endloop
 endfacet
 facet normal  1.045117e-02  9.982831e-01 -5.763423e-02
   outer loop
     vertex  2.002213e-01 -2.893014e-01  6.390602e-01
     vertex  2.253606e-01 -2.901529e-01  6.288692e-01
     vertex  2.421011e-01 -2.907850e-01  6.209563e-01
   endloop
 endfacet
 facet normal  2.982338e-03  9.965726e-01 -8.266838e-02
   outer loop
     vertex  2.002213e-01 -2.893014e-01  6.390602e-01
     vertex  1.700166e-01 -2.883872e-01  6.489913e-01
     vertex  1.982552e-01 -2.892358e-01  6.397798e-01
   endloop
 endfacet
 facet normal -4.163679e-02  9.596436e-01 -2.781198e-01
   outer loop
     vertex  1.627968e-01 -2.881853e-01  6.510313e-01
     vertex  1.323152e-01 -2.873818e-01  6.583672e-01
     vertex  1.481861e-01 -2.877257e-01  6.548046e-01
   endloop
 endfacet
 facet normal  1.382872e-02  9.986599e-01 -4.987203e-02
   outer loop
     vertex  1.627968e-01 -2.881853e-01  6.510313e-01
     vertex  1.700166e-01 -2.883872e-01  6.489913e-01
     vertex  2.002213e-01 -2.893014e-01  6.390602e-01
   endloop
 endfacet
 facet normal -6.778610e-02 -9.875153e-01 -1.421917e-01
   outer loop
     vertex  1.627968e-01 -2.881853e-01  6.510313e-01
     vertex  1.481861e-01 -2.877257e-01  6.548046e-01
     vertex  1.700166e-01 -2.883872e-01  6.489913e-01
   endloop
 endfacet
 facet normal -1.673406e-02 -9.991415e-01  3.789753e-02
   outer loop
     vertex  1.252673e-01 -2.871331e-01  6.597950e-01
     vertex  1.155628e-01 -2.869025e-01  6.615890e-01
     vertex  6.199042e-02 -2.857473e-01  6.683898e-01
   endloop
 endfacet
 facet normal -8.008623e-02 -9.640606e-01 -2.533244e-01
   outer loop
     vertex  1.252673e-01 -2.871331e-01  6.597950e-01
     vertex  1.481861e-01 -2.877257e-01  6.548046e-01
     vertex  1.320191e-01 -2.873361e-01  6.584331e-01
   endloop
 endfacet
 facet normal -1.904325e-01  1.619836e-01 -9.682442e-01
   outer loop
     vertex  1.252673e-01 -2.871331e-01  6.597950e-01
     vertex  1.320191e-01 -2.873361e-01  6.584331e-01
     vertex  1.323152e-01 -2.873818e-01  6.583672e-01
   endloop
 endfacet
 facet normal -2.089601e-02 -9.993056e-01  3.084764e-02
   outer loop
     vertex  1.252673e-01 -2.871331e-01  6.597950e-01
     vertex  1.474531e-01 -3.267020e-01 -6.070069e-01
     vertex  2.489044e-01 -2.910254e-01  6.174554e-01
   endloop
 endfacet
 facet normal -1.465064e-02 -9.986899e-01  4.902835e-02
   outer loop
     vertex  1.252673e-01 -2.871331e-01  6.597950e-01
     vertex  2.489044e-01 -2.910254e-01  6.174554e-01
     vertex  1.852448e-01 -2.887745e-01  6.442833e-01
   endloop
 endfacet
 facet normal -1.779538e-02 -9.991598e-01  3.691856e-02
   outer loop
     vertex  1.252673e-01 -2.871331e-01  6.597950e-01
     vertex  1.852448e-01 -2.887745e-01  6.442833e-01
     vertex  1.481861e-01 -2.877257e-01  6.548046e-01
   endloop
 endfacet
 facet normal -1.768866e-02 -9.993658e-01  3.090569e-02
   outer loop
     vertex  1.252673e-01 -2.871331e-01  6.597950e-01
     vertex  6.199042e-02 -2.857473e-01  6.683898e-01
     vertex  1.474531e-01 -3.267020e-01 -6.070069e-01
   endloop
 endfacet
 facet normal  8.612872e-04  9.903897e-01 -1.383020e-01
   outer loop
     vertex  1.161472e-01 -2.870042e-01  6.614764e-01
     vertex  9.100669e-02 -2.864447e-01  6.653262e-01
     vertex  9.765270e-02 -2.865768e-01  6.644222e-01
   endloop
 endfacet
 facet normal  1.479713e-02  9.987920e-01 -4.685689e-02
   outer loop
     vertex  1.161472e-01 -2.870042e-01  6.614764e-01
     vertex  1.627968e-01 -2.881853e-01  6.510313e-01
     vertex  2.002213e-01 -2.893014e-01  6.390602e-01
   endloop
 endfacet
 facet normal -1.693537e-01  1.110420e-01 -9.792798e-01
   outer loop
     vertex  1.161472e-01 -2.870042e-01  6.614764e-01
     vertex  1.151746e-01 -2.869529e-01  6.616505e-01
     vertex  1.155628e-01 -2.869025e-01  6.615890e-01
   endloop
 endfacet
 facet normal -1.443934e-01  3.723191e-01 -9.168037e-01
   outer loop
     vertex  1.161472e-01 -2.870042e-01  6.614764e-01
     vertex  1.064423e-01 -2.867624e-01  6.631031e-01
     vertex  1.151746e-01 -2.869529e-01  6.616505e-01
   endloop
 endfacet
 facet normal -1.293909e-01  6.470284e-01 -7.514068e-01
   outer loop
     vertex  1.161472e-01 -2.870042e-01  6.614764e-01
     vertex  1.252673e-01 -2.871331e-01  6.597950e-01
     vertex  1.323152e-01 -2.873818e-01  6.583672e-01
   endloop
 endfacet
 facet normal -1.101296e-02  9.774302e-01 -2.109713e-01
   outer loop
     vertex  1.161472e-01 -2.870042e-01  6.614764e-01
     vertex  9.765270e-02 -2.865768e-01  6.644222e-01
     vertex  1.064423e-01 -2.867624e-01  6.631031e-01
   endloop
 endfacet
 facet normal -1.803833e-01  5.094948e-02 -9.822759e-01
   outer loop
     vertex  1.161472e-01 -2.870042e-01  6.614764e-01
     vertex  1.155628e-01 -2.869025e-01  6.615890e-01
     vertex  1.252673e-01 -2.871331e-01  6.597950e-01
   endloop
 endfacet
 facet normal  1.540673e-02  9.988884e-01 -4.454859e-02
   outer loop
     vertex  1.161472e-01 -2.870042e-01  6.614764e-01
     vertex  7.548380e-02 -2.861245e-01  6.671373e-01
     vertex  9.100669e-02 -2.864447e-01  6.653262e-01
   endloop
 endfacet
 facet normal  1.138030e-02  9.980095e-01 -6.202851e-02
   outer loop
     vertex  1.161472e-01 -2.870042e-01  6.614764e-01
     vertex  1.323152e-01 -2.873818e-01  6.583672e-01
     vertex  1.627968e-01 -2.881853e-01  6.510313e-01
   endloop
 endfacet
 facet normal  9.216375e-03  9.857966e-01 -1.676904e-01
   outer loop
     vertex  2.585280e-02 -2.852043e-01  6.702454e-01
     vertex  3.506706e-02 -2.853377e-01  6.699675e-01
     vertex  4.417337e-02 -2.854920e-01  6.695610e-01
   endloop
 endfacet
 facet normal  1.418434e-02  9.975265e-01 -6.884493e-02
   outer loop
     vertex  2.585280e-02 -2.852043e-01  6.702454e-01
     vertex  7.104259e-02 -2.860309e-01  6.675798e-01
     vertex  7.548380e-02 -2.861245e-01  6.671373e-01
   endloop
 endfacet
 facet normal -2.795635e-02  1.332082e-01 -9.906937e-01
   outer loop
     vertex  2.585280e-02 -2.852043e-01  6.702454e-01
     vertex  2.592688e-02 -2.851877e-01  6.702456e-01
     vertex  3.506706e-02 -2.853377e-01  6.699675e-01
   endloop
 endfacet
 facet normal  1.115624e-02  9.928634e-01 -1.187339e-01
   outer loop
     vertex  2.585280e-02 -2.852043e-01  6.702454e-01
     vertex  4.417337e-02 -2.854920e-01  6.695610e-01
     vertex  7.104259e-02 -2.860309e-01  6.675798e-01
   endloop
 endfacet
 facet normal  1.474542e-02  9.986871e-01 -4.905711e-02
   outer loop
     vertex  1.785723e-02 -2.850702e-01  6.703835e-01
     vertex  2.002213e-01 -2.893014e-01  6.390602e-01
     vertex  3.045351e-01 -2.937019e-01  5.808299e-01
   endloop
 endfacet
 facet normal  1.633844e-02  9.987235e-01 -4.779587e-02
   outer loop
     vertex  1.785723e-02 -2.850702e-01  6.703835e-01
     vertex -8.546721e-03 -2.846489e-01  6.701601e-01
     vertex  7.556135e-03 -2.848999e-01  6.704195e-01
   endloop
 endfacet
 facet normal  2.056694e-02  9.993237e-01 -3.048272e-02
   outer loop
     vertex  1.785723e-02 -2.850702e-01  6.703835e-01
     vertex  3.045351e-01 -2.937019e-01  5.808299e-01
     vertex  1.474531e-01 -3.267020e-01 -6.070069e-01
   endloop
 endfacet
 facet normal  1.601469e-02  9.990630e-01 -4.020857e-02
   outer loop
     vertex  1.785723e-02 -2.850702e-01  6.703835e-01
     vertex  7.548380e-02 -2.861245e-01  6.671373e-01
     vertex  1.161472e-01 -2.870042e-01  6.614764e-01
   endloop
 endfacet
 facet normal -2.152599e-02 -8.378456e-01 -5.454827e-01
   outer loop
     vertex  1.785723e-02 -2.850702e-01  6.703835e-01
     vertex  6.918388e-03 -2.848156e-01  6.704241e-01
     vertex  2.592688e-02 -2.851877e-01  6.702456e-01
   endloop
 endfacet
 facet normal -1.588142e-02  7.948815e-02 -9.967093e-01
   outer loop
     vertex  1.785723e-02 -2.850702e-01  6.703835e-01
     vertex  2.592688e-02 -2.851877e-01  6.702456e-01
     vertex  2.585280e-02 -2.852043e-01  6.702454e-01
   endloop
 endfacet
 facet normal -2.950113e-03  3.262636e-02 -9.994633e-01
   outer loop
     vertex  1.785723e-02 -2.850702e-01  6.703835e-01
     vertex  7.556135e-03 -2.848999e-01  6.704195e-01
     vertex  6.918388e-03 -2.848156e-01  6.704241e-01
   endloop
 endfacet
 facet normal  1.609176e-02  9.991152e-01 -3.885742e-02
   outer loop
     vertex  1.785723e-02 -2.850702e-01  6.703835e-01
     vertex  2.585280e-02 -2.852043e-01  6.702454e-01
     vertex  7.548380e-02 -2.861245e-01  6.671373e-01
   endloop
 endfacet
 facet normal  1.572307e-02  9.989341e-01 -4.339864e-02
   outer loop
     vertex  1.785723e-02 -2.850702e-01  6.703835e-01
     vertex  1.161472e-01 -2.870042e-01  6.614764e-01
     vertex  2.002213e-01 -2.893014e-01  6.390602e-01
   endloop
 endfacet
 facet normal -5.660551e-02 -9.980373e-01  2.678455e-02
   outer loop
     vertex  1.785723e-02 -2.850702e-01  6.703835e-01
     vertex  1.474531e-01 -3.267020e-01 -6.070069e-01
     vertex  3.284148e-01 -3.052858e-01  5.734373e-01
   endloop
 endfacet
 facet normal -7.154855e-03 -9.776427e-01 -2.101514e-01
   outer loop
     vertex -1.662280e-02 -2.845279e-01  6.698875e-01
     vertex -2.916988e-02 -2.843060e-01  6.692821e-01
     vertex  6.918388e-03 -2.848156e-01  6.704241e-01
   endloop
 endfacet
 facet normal -6.273889e-03 -9.696280e-01 -2.445040e-01
   outer loop
     vertex -1.662280e-02 -2.845279e-01  6.698875e-01
     vertex  6.918388e-03 -2.848156e-01  6.704241e-01
     vertex -8.546721e-03 -2.846489e-01  6.701601e-01
   endloop
 endfacet
 facet normal  2.727300e-02  9.780345e-01 -2.066512e-01
   outer loop
     vertex -1.662280e-02 -2.845279e-01  6.698875e-01
     vertex -4.778214e-02 -2.840651e-01  6.679658e-01
     vertex -2.916988e-02 -2.843060e-01  6.692821e-01
   endloop
 endfacet
 facet normal  1.626602e-02  9.991271e-01 -3.847727e-02
   outer loop
     vertex -1.662280e-02 -2.845279e-01  6.698875e-01
     vertex -8.546721e-03 -2.846489e-01  6.701601e-01
     vertex  1.785723e-02 -2.850702e-01  6.703835e-01
   endloop
 endfacet
 facet normal  2.021878e-02  9.959184e-01 -8.796467e-02
   outer loop
     vertex -1.662280e-02 -2.845279e-01  6.698875e-01
     vertex -5.710424e-02 -2.839501e-01  6.671244e-01
     vertex -4.778214e-02 -2.840651e-01  6.679658e-01
   endloop
 endfacet
 facet normal -1.550226e-02 -9.995615e-01  2.523041e-02
   outer loop
     vertex -5.963098e-02 -2.837749e-01  6.668889e-01
     vertex -7.008151e-02 -2.836411e-01  6.657668e-01
     vertex -1.824756e-01 -2.824399e-01  6.442979e-01
   endloop
 endfacet
 facet normal -1.661683e-02 -9.993100e-01  3.321711e-02
   outer loop
     vertex -5.963098e-02 -2.837749e-01  6.668889e-01
     vertex  6.199042e-02 -2.857473e-01  6.683898e-01
     vertex  4.170667e-02 -2.853667e-01  6.696928e-01
   endloop
 endfacet
 facet normal -1.185514e-02 -9.974444e-01 -7.045585e-02
   outer loop
     vertex -5.963098e-02 -2.837749e-01  6.668889e-01
     vertex  6.918388e-03 -2.848156e-01  6.704241e-01
     vertex -2.916988e-02 -2.843060e-01  6.692821e-01
   endloop
 endfacet
 facet normal  2.392014e-02 -8.674394e-01 -4.969675e-01
   outer loop
     vertex -5.963098e-02 -2.837749e-01  6.668889e-01
     vertex -2.916988e-02 -2.843060e-01  6.692821e-01
     vertex -4.778214e-02 -2.840651e-01  6.679658e-01
   endloop
 endfacet
 facet normal -1.578353e-02 -9.998716e-01  2.781295e-03
   outer loop
     vertex -5.963098e-02 -2.837749e-01  6.668889e-01
     vertex  4.170667e-02 -2.853667e-01  6.696928e-01
     vertex  6.918388e-03 -2.848156e-01  6.704241e-01
   endloop
 endfacet
 facet normal  1.064596e-01 -2.167032e-02 -9.940809e-01
   outer loop
     vertex -5.963098e-02 -2.837749e-01  6.668889e-01
     vertex -6.643358e-02 -2.838388e-01  6.661618e-01
     vertex -7.008151e-02 -2.836411e-01  6.657668e-01
   endloop
 endfacet
 facet normal  1.031416e-01  1.705457e-01 -9.799367e-01
   outer loop
     vertex -5.963098e-02 -2.837749e-01  6.668889e-01
     vertex -5.710424e-02 -2.839501e-01  6.671244e-01
     vertex -6.643358e-02 -2.838388e-01  6.661618e-01
   endloop
 endfacet
 facet normal  8.915373e-02 -5.096116e-02 -9.947133e-01
   outer loop
     vertex -5.963098e-02 -2.837749e-01  6.668889e-01
     vertex -4.778214e-02 -2.840651e-01  6.679658e-01
     vertex -5.710424e-02 -2.839501e-01  6.671244e-01
   endloop
 endfacet
 facet normal -1.655858e-02 -9.993827e-01  3.098500e-02
   outer loop
     vertex -5.963098e-02 -2.837749e-01  6.668889e-01
     vertex -1.824756e-01 -2.824399e-01  6.442979e-01
     vertex  1.474531e-01 -3.267020e-01 -6.070069e-01
   endloop
 endfacet
 facet normal -1.659039e-02 -9.993823e-01  3.097981e-02
   outer loop
     vertex -5.963098e-02 -2.837749e-01  6.668889e-01
     vertex  1.474531e-01 -3.267020e-01 -6.070069e-01
     vertex  6.199042e-02 -2.857473e-01  6.683898e-01
   endloop
 endfacet
 facet normal  1.616236e-02  9.993610e-01 -3.188046e-02
   outer loop
     vertex -6.762841e-02 -2.838313e-01  6.660293e-01
     vertex -1.106393e-01 -2.833286e-01  6.599835e-01
     vertex -9.436490e-02 -2.835093e-01  6.625674e-01
   endloop
 endfacet
 facet normal  1.620060e-02  9.992993e-01 -3.374195e-02
   outer loop
     vertex -6.762841e-02 -2.838313e-01  6.660293e-01
     vertex -1.662280e-02 -2.845279e-01  6.698875e-01
     vertex  1.785723e-02 -2.850702e-01  6.703835e-01
   endloop
 endfacet
 facet normal  1.988348e-02  9.963544e-01 -8.296104e-02
   outer loop
     vertex -6.762841e-02 -2.838313e-01  6.660293e-01
     vertex -5.710424e-02 -2.839501e-01  6.671244e-01
     vertex -1.662280e-02 -2.845279e-01  6.698875e-01
   endloop
 endfacet
 facet normal  1.104247e-01  5.492806e-02 -9.923655e-01
   outer loop
     vertex -6.762841e-02 -2.838313e-01  6.660293e-01
     vertex -7.008151e-02 -2.836411e-01  6.657668e-01
     vertex -6.643358e-02 -2.838388e-01  6.661618e-01
   endloop
 endfacet
 facet normal  1.236287e-01  2.815792e-01 -9.515404e-01
   outer loop
     vertex -6.762841e-02 -2.838313e-01  6.660293e-01
     vertex -8.969695e-02 -2.835594e-01  6.632425e-01
     vertex -7.008151e-02 -2.836411e-01  6.657668e-01
   endloop
 endfacet
 facet normal  7.032453e-02  8.054900e-01 -5.884219e-01
   outer loop
     vertex -6.762841e-02 -2.838313e-01  6.660293e-01
     vertex -6.643358e-02 -2.838388e-01  6.661618e-01
     vertex -5.710424e-02 -2.839501e-01  6.671244e-01
   endloop
 endfacet
 facet normal  2.328864e-02  9.959152e-01 -8.723854e-02
   outer loop
     vertex -6.762841e-02 -2.838313e-01  6.660293e-01
     vertex -9.436490e-02 -2.835093e-01  6.625674e-01
     vertex -8.969695e-02 -2.835594e-01  6.632425e-01
   endloop
 endfacet
 facet normal  1.258286e-01 -8.887722e-01 -4.407394e-01
   outer loop
     vertex -2.040005e-01 -2.824670e-01  6.382072e-01
     vertex -2.141507e-01 -2.823719e-01  6.351177e-01
     vertex -1.824756e-01 -2.824399e-01  6.442979e-01
   endloop
 endfacet
 facet normal  1.576989e-02  9.995266e-01 -2.641811e-02
   outer loop
     vertex -2.040005e-01 -2.824670e-01  6.382072e-01
     vertex -2.323098e-01 -2.822577e-01  6.292246e-01
     vertex -2.142243e-01 -2.823879e-01  6.350939e-01
   endloop
 endfacet
 facet normal  2.909854e-01  7.727340e-02 -9.536018e-01
   outer loop
     vertex -2.040005e-01 -2.824670e-01  6.382072e-01
     vertex -2.142243e-01 -2.823879e-01  6.350939e-01
     vertex -2.141507e-01 -2.823719e-01  6.351177e-01
   endloop
 endfacet
 facet normal  1.401112e-02  9.996791e-01 -2.110329e-02
   outer loop
     vertex -2.040005e-01 -2.824670e-01  6.382072e-01
     vertex -2.791086e-01 -2.819711e-01  6.118312e-01
     vertex -2.636329e-01 -2.820590e-01  6.179422e-01
   endloop
 endfacet
 facet normal  1.365360e-02  9.997050e-01 -2.008473e-02
   outer loop
     vertex -2.040005e-01 -2.824670e-01  6.382072e-01
     vertex -2.944473e-01 -2.818905e-01  6.054133e-01
     vertex -2.791086e-01 -2.819711e-01  6.118312e-01
   endloop
 endfacet
 facet normal  1.511817e-02  9.995889e-01 -2.436275e-02
   outer loop
     vertex -2.040005e-01 -2.824670e-01  6.382072e-01
     vertex -2.636329e-01 -2.820590e-01  6.179422e-01
     vertex -2.323098e-01 -2.822577e-01  6.292246e-01
   endloop
 endfacet
 facet normal  1.541200e-02  9.995293e-01 -2.652821e-02
   outer loop
     vertex -2.040005e-01 -2.824670e-01  6.382072e-01
     vertex -1.106393e-01 -2.833286e-01  6.599835e-01
     vertex -6.762841e-02 -2.838313e-01  6.660293e-01
   endloop
 endfacet
 facet normal  1.597637e-02  9.994430e-01 -2.929879e-02
   outer loop
     vertex -2.040005e-01 -2.824670e-01  6.382072e-01
     vertex -6.762841e-02 -2.838313e-01  6.660293e-01
     vertex  1.785723e-02 -2.850702e-01  6.703835e-01
   endloop
 endfacet
 facet normal  2.802019e-01  2.968986e-02 -9.594818e-01
   outer loop
     vertex -2.040005e-01 -2.824670e-01  6.382072e-01
     vertex -1.958671e-01 -2.824968e-01  6.405816e-01
     vertex -1.960152e-01 -2.825291e-01  6.405373e-01
   endloop
 endfacet
 facet normal  1.530089e-02  9.995795e-01 -2.463023e-02
   outer loop
     vertex -2.040005e-01 -2.824670e-01  6.382072e-01
     vertex  1.785723e-02 -2.850702e-01  6.703835e-01
     vertex -2.944473e-01 -2.818905e-01  6.054133e-01
   endloop
 endfacet
 facet normal  1.361643e-01 -8.680946e-01 -4.773584e-01
   outer loop
     vertex -2.040005e-01 -2.824670e-01  6.382072e-01
     vertex -1.824756e-01 -2.824399e-01  6.442979e-01
     vertex -1.958671e-01 -2.824968e-01  6.405816e-01
   endloop
 endfacet
 facet normal  1.500776e-02  9.995799e-01 -2.479314e-02
   outer loop
     vertex -2.040005e-01 -2.824670e-01  6.382072e-01
     vertex -1.960152e-01 -2.825291e-01  6.405373e-01
     vertex -1.106393e-01 -2.833286e-01  6.599835e-01
   endloop
 endfacet
 facet normal  1.190866e-02  9.998028e-01 -1.589181e-02
   outer loop
     vertex -3.800137e-01 -2.815531e-01  5.625213e-01
     vertex -3.728544e-01 -2.815735e-01  5.666033e-01
     vertex -2.944473e-01 -2.818905e-01  6.054133e-01
   endloop
 endfacet
 facet normal  1.030048e-02  9.998627e-01 -1.298164e-02
   outer loop
     vertex -3.800137e-01 -2.815531e-01  5.625213e-01
     vertex -4.590139e-01 -2.814146e-01  5.105077e-01
     vertex -4.458909e-01 -2.814251e-01  5.201078e-01
   endloop
 endfacet
 facet normal  1.379612e-02  9.997375e-01 -1.829130e-02
   outer loop
     vertex -3.800137e-01 -2.815531e-01  5.625213e-01
     vertex  1.785723e-02 -2.850702e-01  6.703835e-01
     vertex -4.590139e-01 -2.814146e-01  5.105077e-01
   endloop
 endfacet
 facet normal  5.040585e-01 -6.380683e-02 -8.613093e-01
   outer loop
     vertex -3.800137e-01 -2.815531e-01  5.625213e-01
     vertex -3.905190e-01 -2.810670e-01  5.563373e-01
     vertex -3.762940e-01 -2.805668e-01  5.646250e-01
   endloop
 endfacet
 facet normal  4.917778e-01  3.184499e-01 -8.103976e-01
   outer loop
     vertex -3.800137e-01 -2.815531e-01  5.625213e-01
     vertex -4.005929e-01 -2.810776e-01  5.502199e-01
     vertex -3.905190e-01 -2.810670e-01  5.563373e-01
   endloop
 endfacet
 facet normal  1.460180e-02  9.996672e-01 -2.126549e-02
   outer loop
     vertex -3.800137e-01 -2.815531e-01  5.625213e-01
     vertex -2.944473e-01 -2.818905e-01  6.054133e-01
     vertex  1.785723e-02 -2.850702e-01  6.703835e-01
   endloop
 endfacet
 facet normal  1.115624e-02  9.998354e-01 -1.431091e-02
   outer loop
     vertex -3.800137e-01 -2.815531e-01  5.625213e-01
     vertex -4.458909e-01 -2.814251e-01  5.201078e-01
     vertex -4.189546e-01 -2.814616e-01  5.385602e-01
   endloop
 endfacet
 facet normal  4.262674e-01  5.843542e-01 -6.905261e-01
   outer loop
     vertex -3.800137e-01 -2.815531e-01  5.625213e-01
     vertex -4.189546e-01 -2.814616e-01  5.385602e-01
     vertex -4.005929e-01 -2.810776e-01  5.502199e-01
   endloop
 endfacet
 facet normal  4.952293e-01 -1.488242e-02 -8.686348e-01
   outer loop
     vertex -3.800137e-01 -2.815531e-01  5.625213e-01
     vertex -3.762940e-01 -2.805668e-01  5.646250e-01
     vertex -3.728544e-01 -2.815735e-01  5.666033e-01
   endloop
 endfacet
 facet normal  2.799725e-02  9.991639e-01 -2.979232e-02
   outer loop
     vertex -5.594859e-01 -2.814983e-01  4.205380e-01
     vertex -5.275402e-01 -2.814324e-01  4.527716e-01
     vertex -5.242374e-01 -2.814320e-01  4.558875e-01
   endloop
 endfacet
 facet normal  7.904739e-03  9.999211e-01 -9.758629e-03
   outer loop
     vertex -5.594859e-01 -2.814983e-01  4.205380e-01
     vertex -5.242374e-01 -2.814320e-01  4.558875e-01
     vertex -4.590139e-01 -2.814146e-01  5.105077e-01
   endloop
 endfacet
 facet normal  1.981802e-01  9.598812e-01 -1.983752e-01
   outer loop
     vertex -5.594859e-01 -2.814983e-01  4.205380e-01
     vertex -5.476451e-01 -2.813806e-01  4.329370e-01
     vertex -5.275402e-01 -2.814324e-01  4.527716e-01
   endloop
 endfacet
 facet normal  7.217105e-01 -7.096724e-02 -6.885474e-01
   outer loop
     vertex -5.594859e-01 -2.814983e-01  4.205380e-01
     vertex -5.594351e-01 -2.814836e-01  4.205898e-01
     vertex -5.476451e-01 -2.813806e-01  4.329370e-01
   endloop
 endfacet
 facet normal  7.256778e-01 -1.295064e-01 -6.757365e-01
   outer loop
     vertex -5.594859e-01 -2.814983e-01  4.205380e-01
     vertex -5.595454e-01 -2.814240e-01  4.204599e-01
     vertex -5.594351e-01 -2.814836e-01  4.205898e-01
   endloop
 endfacet
 facet normal  7.281417e-01 -1.255342e-01 -6.738330e-01
   outer loop
     vertex -5.594859e-01 -2.814983e-01  4.205380e-01
     vertex -5.625129e-01 -2.814948e-01  4.172664e-01
     vertex -5.595454e-01 -2.814240e-01  4.204599e-01
   endloop
 endfacet
 facet normal  2.009484e-01  9.619960e-01 -1.848875e-01
   outer loop
     vertex -5.594859e-01 -2.814983e-01  4.205380e-01
     vertex -5.716036e-01 -2.815303e-01  4.072014e-01
     vertex -5.625129e-01 -2.814948e-01  4.172664e-01
   endloop
 endfacet
 facet normal  1.029585e-02  9.998779e-01 -1.175143e-02
   outer loop
     vertex -5.594859e-01 -2.814983e-01  4.205380e-01
     vertex -5.818995e-01 -2.815639e-01  3.953229e-01
     vertex -5.716036e-01 -2.815303e-01  4.072014e-01
   endloop
 endfacet
 facet normal  7.609462e-01 -1.291253e-01 -6.358361e-01
   outer loop
     vertex -5.869362e-01 -2.815820e-01  3.893147e-01
     vertex -5.849907e-01 -2.811660e-01  3.915585e-01
     vertex -5.831957e-01 -2.815228e-01  3.937792e-01
   endloop
 endfacet
 facet normal  7.657981e-01  3.577686e-02 -6.420851e-01
   outer loop
     vertex -5.869362e-01 -2.815820e-01  3.893147e-01
     vertex -5.831957e-01 -2.815228e-01  3.937792e-01
     vertex -5.818995e-01 -2.815639e-01  3.953229e-01
   endloop
 endfacet
 facet normal  8.071209e-03  9.999197e-01 -9.774069e-03
   outer loop
     vertex -5.869362e-01 -2.815820e-01  3.893147e-01
     vertex -5.818995e-01 -2.815639e-01  3.953229e-01
     vertex -5.594859e-01 -2.814983e-01  4.205380e-01
   endloop
 endfacet
 facet normal  3.359093e-01  9.005456e-01 -2.760119e-01
   outer loop
     vertex -5.869362e-01 -2.815820e-01  3.893147e-01
     vertex -5.946865e-01 -2.816079e-01  3.797980e-01
     vertex -5.890383e-01 -2.815795e-01  3.867645e-01
   endloop
 endfacet
 facet normal  7.597446e-01 -1.743569e-01 -6.264087e-01
   outer loop
     vertex -5.869362e-01 -2.815820e-01  3.893147e-01
     vertex -5.890383e-01 -2.815795e-01  3.867645e-01
     vertex -5.849907e-01 -2.811660e-01  3.915585e-01
   endloop
 endfacet
 facet normal  8.215588e-01  6.042098e-02 -5.669131e-01
   outer loop
     vertex -6.168552e-01 -2.817120e-01  3.505550e-01
     vertex -6.312744e-01 -2.817909e-01  3.296505e-01
     vertex -6.195482e-01 -2.814132e-01  3.466841e-01
   endloop
 endfacet
 facet normal  7.143713e-03  9.999348e-01 -8.908781e-03
   outer loop
     vertex -6.168552e-01 -2.817120e-01  3.505550e-01
     vertex -5.594859e-01 -2.814983e-01  4.205380e-01
     vertex -4.590139e-01 -2.814146e-01  5.105077e-01
   endloop
 endfacet
 facet normal  5.490694e-02  9.974690e-01 -4.517561e-02
   outer loop
     vertex -6.168552e-01 -2.817120e-01  3.505550e-01
     vertex -6.109430e-01 -2.816700e-01  3.586683e-01
     vertex -5.946865e-01 -2.816079e-01  3.797980e-01
   endloop
 endfacet
 facet normal  7.563765e-03  9.999310e-01 -8.992270e-03
   outer loop
     vertex -6.168552e-01 -2.817120e-01  3.505550e-01
     vertex -6.396366e-01 -2.818440e-01  3.167183e-01
     vertex -6.312744e-01 -2.817909e-01  3.296505e-01
   endloop
 endfacet
 facet normal  6.303521e-03  9.999463e-01 -8.220061e-03
   outer loop
     vertex -6.168552e-01 -2.817120e-01  3.505550e-01
     vertex -5.869362e-01 -2.815820e-01  3.893147e-01
     vertex -5.594859e-01 -2.814983e-01  4.205380e-01
   endloop
 endfacet
 facet normal  8.019359e-01 -1.743981e-01 -5.713879e-01
   outer loop
     vertex -6.168552e-01 -2.817120e-01  3.505550e-01
     vertex -6.195482e-01 -2.814132e-01  3.466841e-01
     vertex -6.131046e-01 -2.792211e-01  3.550586e-01
   endloop
 endfacet
 facet normal  1.490043e-02  9.997786e-01 -1.485553e-02
   outer loop
     vertex -6.168552e-01 -2.817120e-01  3.505550e-01
     vertex -5.946865e-01 -2.816079e-01  3.797980e-01
     vertex -5.869362e-01 -2.815820e-01  3.893147e-01
   endloop
 endfacet
 facet normal  1.131969e-01  9.897023e-01 -8.761135e-02
   outer loop
     vertex -6.168552e-01 -2.817120e-01  3.505550e-01
     vertex -6.135794e-01 -2.816861e-01  3.550801e-01
     vertex -6.109430e-01 -2.816700e-01  3.586683e-01
   endloop
 endfacet
 facet normal  8.001372e-01 -1.591703e-01 -5.783125e-01
   outer loop
     vertex -6.168552e-01 -2.817120e-01  3.505550e-01
     vertex -6.131046e-01 -2.792211e-01  3.550586e-01
     vertex -6.135794e-01 -2.816861e-01  3.550801e-01
   endloop
 endfacet
 facet normal  1.154043e-02  9.998719e-01 -1.108819e-02
   outer loop
     vertex -6.638118e-01 -2.820258e-01  2.751565e-01
     vertex -6.499057e-01 -2.819120e-01  2.998935e-01
     vertex -6.396366e-01 -2.818440e-01  3.167183e-01
   endloop
 endfacet
 facet normal  8.377374e-01  2.857699e-01 -4.653296e-01
   outer loop
     vertex -6.638118e-01 -2.820258e-01  2.751565e-01
     vertex -6.628578e-01 -2.819622e-01  2.769132e-01
     vertex -6.542820e-01 -2.819373e-01  2.923676e-01
   endloop
 endfacet
 facet normal  6.426687e-02  9.971018e-01 -4.071620e-02
   outer loop
     vertex -6.638118e-01 -2.820258e-01  2.751565e-01
     vertex -6.542820e-01 -2.819373e-01  2.923676e-01
     vertex -6.499057e-01 -2.819120e-01  2.998935e-01
   endloop
 endfacet
 facet normal  5.195690e-03  9.999591e-01 -7.398013e-03
   outer loop
     vertex -6.638118e-01 -2.820258e-01  2.751565e-01
     vertex -6.396366e-01 -2.818440e-01  3.167183e-01
     vertex -6.168552e-01 -2.817120e-01  3.505550e-01
   endloop
 endfacet
 facet normal  8.486206e-01 -2.766966e-01 -4.508681e-01
   outer loop
     vertex -6.638118e-01 -2.820258e-01  2.751565e-01
     vertex -6.664852e-01 -2.818598e-01  2.700229e-01
     vertex -6.628578e-01 -2.819622e-01  2.769132e-01
   endloop
 endfacet
 facet normal  6.326037e-03  9.999472e-01 -8.101922e-03
   outer loop
     vertex -6.638118e-01 -2.820258e-01  2.751565e-01
     vertex -6.168552e-01 -2.817120e-01  3.505550e-01
     vertex -4.590139e-01 -2.814146e-01  5.105077e-01
   endloop
 endfacet
 facet normal  1.913635e-01  9.763227e-01 -1.008666e-01
   outer loop
     vertex -6.638118e-01 -2.820258e-01  2.751565e-01
     vertex -6.784342e-01 -2.821631e-01  2.460864e-01
     vertex -6.707273e-01 -2.820466e-01  2.618361e-01
   endloop
 endfacet
 facet normal  8.867239e-01  4.170385e-02 -4.604145e-01
   outer loop
     vertex -6.638118e-01 -2.820258e-01  2.751565e-01
     vertex -6.707273e-01 -2.820466e-01  2.618361e-01
     vertex -6.664852e-01 -2.818598e-01  2.700229e-01
   endloop
 endfacet
 facet normal  9.005061e-01 -1.616972e-01 -4.036616e-01
   outer loop
     vertex -6.816272e-01 -2.821971e-01  2.392230e-01
     vertex -6.856049e-01 -2.822396e-01  2.303664e-01
     vertex -6.855750e-01 -2.822254e-01  2.304275e-01
   endloop
 endfacet
 facet normal  8.994449e-01 -1.282098e-01 -4.178051e-01
   outer loop
     vertex -6.816272e-01 -2.821971e-01  2.392230e-01
     vertex -6.803457e-01 -2.820299e-01  2.419304e-01
     vertex -6.784342e-01 -2.821631e-01  2.460864e-01
   endloop
 endfacet
 facet normal -1.542714e-02 -9.998296e-01  1.013619e-02
   outer loop
     vertex -6.816272e-01 -2.821971e-01  2.392230e-01
     vertex -6.855750e-01 -2.822254e-01  2.304275e-01
     vertex  3.283999e-01 -2.943942e-01  5.733514e-01
   endloop
 endfacet
 facet normal  6.219553e-03  9.999498e-01 -7.850304e-03
   outer loop
     vertex -6.816272e-01 -2.821971e-01  2.392230e-01
     vertex -6.784342e-01 -2.821631e-01  2.460864e-01
     vertex -6.638118e-01 -2.820258e-01  2.751565e-01
   endloop
 endfacet
 facet normal -3.839715e-02 -9.960784e-01  7.970853e-02
   outer loop
     vertex -6.816272e-01 -2.821971e-01  2.392230e-01
     vertex  3.283999e-01 -2.943942e-01  5.733514e-01
     vertex -6.803457e-01 -2.820299e-01  2.419304e-01
   endloop
 endfacet
 facet normal  8.377903e-01 -4.546971e-01 -3.022547e-01
   outer loop
     vertex -6.997644e-01 -2.824212e-01  1.954784e-01
     vertex -7.030586e-01 -2.824679e-01  1.864179e-01
     vertex -6.942227e-01 -2.814204e-01  2.093332e-01
   endloop
 endfacet
 facet normal  4.380125e-03  9.999663e-01 -6.938420e-03
   outer loop
     vertex -6.997644e-01 -2.824212e-01  1.954784e-01
     vertex -6.816272e-01 -2.821971e-01  2.392230e-01
     vertex -6.638118e-01 -2.820258e-01  2.751565e-01
   endloop
 endfacet
 facet normal  9.335483e-03  9.999160e-01 -8.992734e-03
   outer loop
     vertex -6.997644e-01 -2.824212e-01  1.954784e-01
     vertex -6.856049e-01 -2.822396e-01  2.303664e-01
     vertex -6.816272e-01 -2.821971e-01  2.392230e-01
   endloop
 endfacet
 facet normal  1.082471e-02  9.998954e-01 -9.597039e-03
   outer loop
     vertex -6.997644e-01 -2.824212e-01  1.954784e-01
     vertex -6.923365e-01 -2.823190e-01  2.145049e-01
     vertex -6.856049e-01 -2.822396e-01  2.303664e-01
   endloop
 endfacet
 facet normal  1.174505e-02  9.998570e-01 -1.217071e-02
   outer loop
     vertex -6.997644e-01 -2.824212e-01  1.954784e-01
     vertex -4.590139e-01 -2.814146e-01  5.105077e-01
     vertex  1.785723e-02 -2.850702e-01  6.703835e-01
   endloop
 endfacet
 facet normal  8.263486e-03  9.999420e-01 -6.909298e-03
   outer loop
     vertex -6.997644e-01 -2.824212e-01  1.954784e-01
     vertex  1.785723e-02 -2.850702e-01  6.703835e-01
     vertex -7.205552e-01 -2.848544e-01 -1.815297e-01
   endloop
 endfacet
 facet normal  5.644496e-03  9.999559e-01 -7.508881e-03
   outer loop
     vertex -6.997644e-01 -2.824212e-01  1.954784e-01
     vertex -6.638118e-01 -2.820258e-01  2.751565e-01
     vertex -4.590139e-01 -2.814146e-01  5.105077e-01
   endloop
 endfacet
 facet normal  9.303864e-01  4.758919e-02 -3.634783e-01
   outer loop
     vertex -6.997644e-01 -2.824212e-01  1.954784e-01
     vertex -6.930991e-01 -2.822108e-01  2.125671e-01
     vertex -6.923365e-01 -2.823190e-01  2.145049e-01
   endloop
 endfacet
 facet normal  1.016219e-02  9.999092e-01 -8.848941e-03
   outer loop
     vertex -6.997644e-01 -2.824212e-01  1.954784e-01
     vertex -7.124144e-01 -2.826246e-01  1.579720e-01
     vertex -7.030586e-01 -2.824679e-01  1.864179e-01
   endloop
 endfacet
 facet normal  9.213382e-01 -1.527822e-01 -3.574822e-01
   outer loop
     vertex -6.997644e-01 -2.824212e-01  1.954784e-01
     vertex -6.942227e-01 -2.814204e-01  2.093332e-01
     vertex -6.930991e-01 -2.822108e-01  2.125671e-01
   endloop
 endfacet
 facet normal  9.899154e-01 -3.235792e-02 -1.379147e-01
   outer loop
     vertex -7.317093e-01 -2.831129e-01  7.411864e-02
     vertex -7.350745e-01 -2.832603e-01  4.999858e-02
     vertex -7.337643e-01 -2.825693e-01  5.924045e-02
   endloop
 endfacet
 facet normal  7.749233e-01  6.181432e-01 -1.318823e-01
   outer loop
     vertex -7.317093e-01 -2.831129e-01  7.411864e-02
     vertex -7.308447e-01 -2.830719e-01  7.939108e-02
     vertex -7.304988e-01 -2.830682e-01  8.144042e-02
   endloop
 endfacet
 facet normal  4.292904e-03  9.999676e-01 -6.811281e-03
   outer loop
     vertex -7.317093e-01 -2.831129e-01  7.411864e-02
     vertex -7.304988e-01 -2.830682e-01  8.144042e-02
     vertex -7.124144e-01 -2.826246e-01  1.579720e-01
   endloop
 endfacet
 facet normal  3.581745e-03  9.999715e-01 -6.642163e-03
   outer loop
     vertex -7.317093e-01 -2.831129e-01  7.411864e-02
     vertex -6.997644e-01 -2.824212e-01  1.954784e-01
     vertex -7.394150e-01 -2.836519e-01 -1.118088e-02
   endloop
 endfacet
 facet normal  3.747835e-03  9.999706e-01 -6.685877e-03
   outer loop
     vertex -7.317093e-01 -2.831129e-01  7.411864e-02
     vertex -7.124144e-01 -2.826246e-01  1.579720e-01
     vertex -6.997644e-01 -2.824212e-01  1.954784e-01
   endloop
 endfacet
 facet normal -1.673622e-02 -9.998046e-01  1.052230e-02
   outer loop
     vertex -7.317093e-01 -2.831129e-01  7.411864e-02
     vertex  3.284015e-01 -2.956044e-01  5.733608e-01
     vertex -7.308447e-01 -2.830719e-01  7.939108e-02
   endloop
 endfacet
 facet normal  4.222867e-03  9.999686e-01 -6.700062e-03
   outer loop
     vertex -7.317093e-01 -2.831129e-01  7.411864e-02
     vertex -7.394150e-01 -2.836519e-01 -1.118088e-02
     vertex -7.350745e-01 -2.832603e-01  4.999858e-02
   endloop
 endfacet
 facet normal  5.795683e-03 -9.992869e-01 -3.730989e-02
   outer loop
     vertex -7.317093e-01 -2.831129e-01  7.411864e-02
     vertex -7.337643e-01 -2.825693e-01  5.924045e-02
     vertex  3.284015e-01 -2.956044e-01  5.733608e-01
   endloop
 endfacet
 facet normal  3.716327e-03  9.999709e-01 -6.658723e-03
   outer loop
     vertex -7.356141e-01 -2.842341e-01 -9.677601e-02
     vertex -6.997644e-01 -2.824212e-01  1.954784e-01
     vertex -7.205552e-01 -2.848544e-01 -1.815297e-01
   endloop
 endfacet
 facet normal  4.485382e-03  9.999681e-01 -6.602201e-03
   outer loop
     vertex -7.356141e-01 -2.842341e-01 -9.677601e-02
     vertex -7.363917e-01 -2.841819e-01 -8.939438e-02
     vertex -7.394150e-01 -2.836519e-01 -1.118088e-02
   endloop
 endfacet
 facet normal  5.199462e-03  9.999660e-01 -6.395167e-03
   outer loop
     vertex -7.356141e-01 -2.842341e-01 -9.677601e-02
     vertex -7.205552e-01 -2.848544e-01 -1.815297e-01
     vertex -7.270129e-01 -2.846345e-01 -1.523910e-01
   endloop
 endfacet
 facet normal -1.526463e-02 -9.998685e-01  5.465936e-03
   outer loop
     vertex -7.356141e-01 -2.842341e-01 -9.677601e-02
     vertex  3.284032e-01 -2.968146e-01  5.733702e-01
     vertex -7.363917e-01 -2.841819e-01 -8.939438e-02
   endloop
 endfacet
 facet normal  2.495212e-02  9.996831e-01 -3.338284e-03
   outer loop
     vertex -7.356141e-01 -2.842341e-01 -9.677601e-02
     vertex -7.270129e-01 -2.846345e-01 -1.523910e-01
     vertex -7.286208e-01 -2.845663e-01 -1.440014e-01
   endloop
 endfacet
 facet normal  3.543607e-03 -9.996962e-01 -2.439340e-02
   outer loop
     vertex -7.356141e-01 -2.842341e-01 -9.677601e-02
     vertex -7.340562e-01 -2.839285e-01 -1.090735e-01
     vertex  3.284032e-01 -2.968146e-01  5.733702e-01
   endloop
 endfacet
 facet normal  3.582542e-03  9.999715e-01 -6.642316e-03
   outer loop
     vertex -7.356141e-01 -2.842341e-01 -9.677601e-02
     vertex -7.394150e-01 -2.836519e-01 -1.118088e-02
     vertex -6.997644e-01 -2.824212e-01  1.954784e-01
   endloop
 endfacet
 facet normal  1.903100e-01  9.814935e-01  2.127638e-02
   outer loop
     vertex -7.356141e-01 -2.842341e-01 -9.677601e-02
     vertex -7.286208e-01 -2.845663e-01 -1.440014e-01
     vertex -7.326927e-01 -2.843112e-01 -1.193484e-01
   endloop
 endfacet
 facet normal  9.872230e-01  9.565133e-02  1.274424e-01
   outer loop
     vertex -7.356141e-01 -2.842341e-01 -9.677601e-02
     vertex -7.326927e-01 -2.843112e-01 -1.193484e-01
     vertex -7.340562e-01 -2.839285e-01 -1.090735e-01
   endloop
 endfacet
 facet normal -1.213378e-02 -9.999264e-01  2.779113e-05
   outer loop
     vertex -6.793354e-01 -2.858205e-01 -3.011981e-01
     vertex -6.730730e-01 -2.858968e-01 -3.147836e-01
     vertex  3.284048e-01 -2.980248e-01  5.733797e-01
   endloop
 endfacet
 facet normal  3.670390e-01  9.156264e-01  1.640448e-01
   outer loop
     vertex -6.793354e-01 -2.858205e-01 -3.011981e-01
     vertex -6.692519e-01 -2.860013e-01 -3.227495e-01
     vertex -6.730730e-01 -2.858968e-01 -3.147836e-01
   endloop
 endfacet
 facet normal  2.604873e-02  9.996581e-01  2.256132e-03
   outer loop
     vertex -6.793354e-01 -2.858205e-01 -3.011981e-01
     vertex -6.853894e-01 -2.856941e-01 -2.872936e-01
     vertex -6.972968e-01 -2.854516e-01 -2.572744e-01
   endloop
 endfacet
 facet normal  4.785268e-02  9.987562e-01  1.400678e-02
   outer loop
     vertex -6.793354e-01 -2.858205e-01 -3.011981e-01
     vertex -6.653871e-01 -2.860770e-01 -3.305564e-01
     vertex -6.692519e-01 -2.860013e-01 -3.227495e-01
   endloop
 endfacet
 facet normal -1.451229e-02 -9.998909e-01  2.768946e-03
   outer loop
     vertex -6.793354e-01 -2.858205e-01 -3.011981e-01
     vertex  3.284048e-01 -2.980248e-01  5.733797e-01
     vertex -6.853894e-01 -2.856941e-01 -2.872936e-01
   endloop
 endfacet
 facet normal  5.055433e-03  9.999672e-01 -6.331120e-03
   outer loop
     vertex -6.793354e-01 -2.858205e-01 -3.011981e-01
     vertex -6.972968e-01 -2.854516e-01 -2.572744e-01
     vertex -7.205552e-01 -2.848544e-01 -1.815297e-01
   endloop
 endfacet
 facet normal -5.153073e-03 -9.999590e-01 -7.447915e-03
   outer loop
     vertex -6.619374e-01 -2.861380e-01 -3.373333e-01
     vertex -6.568294e-01 -2.860922e-01 -3.470225e-01
     vertex  3.284048e-01 -2.980248e-01  5.733797e-01
   endloop
 endfacet
 facet normal  8.637413e-01 -2.180478e-01  4.543194e-01
   outer loop
     vertex -6.619374e-01 -2.861380e-01 -3.373333e-01
     vertex -6.574291e-01 -2.862001e-01 -3.459341e-01
     vertex -6.568294e-01 -2.860922e-01 -3.470225e-01
   endloop
 endfacet
 facet normal -1.381416e-02 -9.999026e-01  1.971198e-03
   outer loop
     vertex -6.619374e-01 -2.861380e-01 -3.373333e-01
     vertex  3.284048e-01 -2.980248e-01  5.733797e-01
     vertex -6.653871e-01 -2.860770e-01 -3.305564e-01
   endloop
 endfacet
 facet normal  7.806343e-03  9.999569e-01 -5.029945e-03
   outer loop
     vertex -6.619374e-01 -2.861380e-01 -3.373333e-01
     vertex -6.653871e-01 -2.860770e-01 -3.305564e-01
     vertex -6.793354e-01 -2.858205e-01 -3.011981e-01
   endloop
 endfacet
 facet normal  1.749649e-01  9.809303e-01  8.463413e-02
   outer loop
     vertex -6.619374e-01 -2.861380e-01 -3.373333e-01
     vertex -6.532798e-01 -2.862768e-01 -3.536231e-01
     vertex -6.574291e-01 -2.862001e-01 -3.459341e-01
   endloop
 endfacet
 facet normal  7.805337e-02  9.964030e-01  3.299645e-02
   outer loop
     vertex -6.619374e-01 -2.861380e-01 -3.373333e-01
     vertex -6.511698e-01 -2.863153e-01 -3.574521e-01
     vertex -6.532798e-01 -2.862768e-01 -3.536231e-01
   endloop
 endfacet
 facet normal -1.342491e-02 -9.999095e-01  9.224895e-04
   outer loop
     vertex -6.386153e-01 -2.865253e-01 -3.792107e-01
     vertex -6.312068e-01 -2.866360e-01 -3.913110e-01
     vertex  3.284057e-01 -2.986298e-01  5.733844e-01
   endloop
 endfacet
 facet normal  4.821055e-02  9.986291e-01  2.038682e-02
   outer loop
     vertex -6.386153e-01 -2.865253e-01 -3.792107e-01
     vertex -6.253262e-01 -2.867308e-01 -4.005721e-01
     vertex -6.312068e-01 -2.866360e-01 -3.913110e-01
   endloop
 endfacet
 facet normal  9.300743e-03  9.999494e-01 -3.831898e-03
   outer loop
     vertex -6.386153e-01 -2.865253e-01 -3.792107e-01
     vertex -6.168747e-01 -2.868585e-01 -4.133900e-01
     vertex -6.253262e-01 -2.867308e-01 -4.005721e-01
   endloop
 endfacet
 facet normal  5.422548e-03  9.999660e-01 -6.204658e-03
   outer loop
     vertex -6.386153e-01 -2.865253e-01 -3.792107e-01
     vertex -6.793354e-01 -2.858205e-01 -3.011981e-01
     vertex -7.205552e-01 -2.848544e-01 -1.815297e-01
   endloop
 endfacet
 facet normal  2.020824e-02  9.997938e-01  2.008070e-03
   outer loop
     vertex -6.386153e-01 -2.865253e-01 -3.792107e-01
     vertex -6.511698e-01 -2.863153e-01 -3.574521e-01
     vertex -6.619374e-01 -2.861380e-01 -3.373333e-01
   endloop
 endfacet
 facet normal  6.086882e-03  9.999643e-01 -5.857881e-03
   outer loop
     vertex -6.386153e-01 -2.865253e-01 -3.792107e-01
     vertex -6.619374e-01 -2.861380e-01 -3.373333e-01
     vertex -6.793354e-01 -2.858205e-01 -3.011981e-01
   endloop
 endfacet
 facet normal -1.404313e-02 -9.999002e-01  1.550189e-03
   outer loop
     vertex -6.386153e-01 -2.865253e-01 -3.792107e-01
     vertex  3.284057e-01 -2.986298e-01  5.733844e-01
     vertex -6.511698e-01 -2.863153e-01 -3.574521e-01
   endloop
 endfacet
 facet normal -1.365454e-02 -9.999066e-01  5.381741e-04
   outer loop
     vertex -5.886006e-01 -2.872647e-01 -4.526683e-01
     vertex  3.284065e-01 -2.992349e-01  5.733892e-01
     vertex -5.965724e-01 -2.871501e-01 -4.421015e-01
   endloop
 endfacet
 facet normal  7.072958e-03  9.999612e-01 -5.249048e-03
   outer loop
     vertex -5.886006e-01 -2.872647e-01 -4.526683e-01
     vertex -6.168747e-01 -2.868585e-01 -4.133900e-01
     vertex -6.386153e-01 -2.865253e-01 -3.792107e-01
   endloop
 endfacet
 facet normal  1.044386e-02  9.999422e-01 -2.551094e-03
   outer loop
     vertex -5.886006e-01 -2.872647e-01 -4.526683e-01
     vertex -5.678838e-01 -2.875470e-01 -4.785189e-01
     vertex -5.831891e-01 -2.873390e-01 -4.596362e-01
   endloop
 endfacet
 facet normal -1.336666e-02 -9.999106e-01  2.808442e-04
   outer loop
     vertex -5.886006e-01 -2.872647e-01 -4.526683e-01
     vertex -5.831891e-01 -2.873390e-01 -4.596362e-01
     vertex  3.284065e-01 -2.992349e-01  5.733892e-01
   endloop
 endfacet
 facet normal  9.771127e-02  9.932220e-01  6.294916e-02
   outer loop
     vertex -5.886006e-01 -2.872647e-01 -4.526683e-01
     vertex -5.965724e-01 -2.871501e-01 -4.421015e-01
     vertex -5.978764e-01 -2.871336e-01 -4.403381e-01
   endloop
 endfacet
 facet normal  6.053807e-03  9.999640e-01 -5.942980e-03
   outer loop
     vertex -5.886006e-01 -2.872647e-01 -4.526683e-01
     vertex -6.386153e-01 -2.865253e-01 -3.792107e-01
     vertex -7.205552e-01 -2.848544e-01 -1.815297e-01
   endloop
 endfacet
 facet normal  8.884887e-03  9.999527e-01 -3.944657e-03
   outer loop
     vertex -5.886006e-01 -2.872647e-01 -4.526683e-01
     vertex -5.978764e-01 -2.871336e-01 -4.403381e-01
     vertex -6.168747e-01 -2.868585e-01 -4.133900e-01
   endloop
 endfacet
 facet normal -1.306053e-02 -9.999147e-01  1.980638e-05
   outer loop
     vertex -5.628862e-01 -2.876141e-01 -4.844380e-01
     vertex -5.460517e-01 -2.878344e-01 -5.035621e-01
     vertex  3.284065e-01 -2.992349e-01  5.733892e-01
   endloop
 endfacet
 facet normal  9.685430e-03  9.999481e-01 -3.158969e-03
   outer loop
     vertex -5.628862e-01 -2.876141e-01 -4.844380e-01
     vertex -5.678838e-01 -2.875470e-01 -4.785189e-01
     vertex -5.886006e-01 -2.872647e-01 -4.526683e-01
   endloop
 endfacet
 facet normal  6.546668e-01  5.219196e-01  5.468193e-01
   outer loop
     vertex -5.628862e-01 -2.876141e-01 -4.844380e-01
     vertex -5.636221e-01 -2.875980e-01 -4.835724e-01
     vertex -5.678838e-01 -2.875470e-01 -4.785189e-01
   endloop
 endfacet
 facet normal -1.749191e-02 -9.998400e-01  3.754368e-03
   outer loop
     vertex -5.628862e-01 -2.876141e-01 -4.844380e-01
     vertex  3.284065e-01 -2.992349e-01  5.733892e-01
     vertex -5.636221e-01 -2.875980e-01 -4.835724e-01
   endloop
 endfacet
 facet normal  7.872890e-03  9.999503e-01 -6.116047e-03
   outer loop
     vertex -5.301266e-01 -2.880402e-01 -5.205921e-01
     vertex  1.785723e-02 -2.850702e-01  6.703835e-01
     vertex -1.927970e-01 -2.919983e-01 -7.335026e-01
   endloop
 endfacet
 facet normal  6.078164e-01 -5.340213e-01  5.876908e-01
   outer loop
     vertex -5.301266e-01 -2.880402e-01 -5.205921e-01
     vertex -5.215821e-01 -2.878875e-01 -5.292904e-01
     vertex -5.339714e-01 -2.879887e-01 -5.165689e-01
   endloop
 endfacet
 facet normal  1.029457e-02  9.999440e-01 -2.454957e-03
   outer loop
     vertex -5.301266e-01 -2.880402e-01 -5.205921e-01
     vertex -5.460517e-01 -2.878344e-01 -5.035621e-01
     vertex -5.628862e-01 -2.876141e-01 -4.844380e-01
   endloop
 endfacet
 facet normal  7.131876e-01 -3.902505e-02  6.998861e-01
   outer loop
     vertex -5.301266e-01 -2.880402e-01 -5.205921e-01
     vertex -5.199223e-01 -2.880840e-01 -5.309927e-01
     vertex -5.215821e-01 -2.878875e-01 -5.292904e-01
   endloop
 endfacet
 facet normal  1.112987e-02  9.999371e-01 -1.410185e-03
   outer loop
     vertex -5.301266e-01 -2.880402e-01 -5.205921e-01
     vertex -5.008528e-01 -2.884068e-01 -5.495239e-01
     vertex -5.121109e-01 -2.882663e-01 -5.387379e-01
   endloop
 endfacet
 facet normal  6.754841e-03  9.999615e-01 -5.601645e-03
   outer loop
     vertex -5.301266e-01 -2.880402e-01 -5.205921e-01
     vertex -7.205552e-01 -2.848544e-01 -1.815297e-01
     vertex  1.785723e-02 -2.850702e-01  6.703835e-01
   endloop
 endfacet
 facet normal  6.752961e-03  9.999615e-01 -5.602702e-03
   outer loop
     vertex -5.301266e-01 -2.880402e-01 -5.205921e-01
     vertex -5.886006e-01 -2.872647e-01 -4.526683e-01
     vertex -7.205552e-01 -2.848544e-01 -1.815297e-01
   endloop
 endfacet
 facet normal  8.113716e-03  9.999573e-01 -4.431210e-03
   outer loop
     vertex -5.301266e-01 -2.880402e-01 -5.205921e-01
     vertex -5.628862e-01 -2.876141e-01 -4.844380e-01
     vertex -5.886006e-01 -2.872647e-01 -4.526683e-01
   endloop
 endfacet
 facet normal  3.400305e-02  9.992271e-01  1.972414e-02
   outer loop
     vertex -5.301266e-01 -2.880402e-01 -5.205921e-01
     vertex -5.339714e-01 -2.879887e-01 -5.165689e-01
     vertex -5.460517e-01 -2.878344e-01 -5.035621e-01
   endloop
 endfacet
 facet normal  5.020043e-01  7.129952e-01  4.895197e-01
   outer loop
     vertex -5.301266e-01 -2.880402e-01 -5.205921e-01
     vertex -5.121109e-01 -2.882663e-01 -5.387379e-01
     vertex -5.199223e-01 -2.880840e-01 -5.309927e-01
   endloop
 endfacet
 facet normal  1.061038e-02  9.999423e-01 -1.657533e-03
   outer loop
     vertex -4.317462e-01 -2.892389e-01 -6.077558e-01
     vertex -4.379730e-01 -2.891650e-01 -6.030141e-01
     vertex -4.760300e-01 -2.887097e-01 -5.719341e-01
   endloop
 endfacet
 facet normal  1.841951e-02  9.997836e-01  9.669207e-03
   outer loop
     vertex -4.317462e-01 -2.892389e-01 -6.077558e-01
     vertex -3.832055e-01 -2.898045e-01 -6.417478e-01
     vertex -4.200866e-01 -2.893702e-01 -6.163910e-01
   endloop
 endfacet
 facet normal  2.887727e-01  8.849181e-01  3.654178e-01
   outer loop
     vertex -4.317462e-01 -2.892389e-01 -6.077558e-01
     vertex -4.344357e-01 -2.892027e-01 -6.057182e-01
     vertex -4.379730e-01 -2.891650e-01 -6.030141e-01
   endloop
 endfacet
 facet normal  9.248816e-03  9.999517e-01 -3.313656e-03
   outer loop
     vertex -4.317462e-01 -2.892389e-01 -6.077558e-01
     vertex -5.008528e-01 -2.884068e-01 -5.495239e-01
     vertex -5.301266e-01 -2.880402e-01 -5.205921e-01
   endloop
 endfacet
 facet normal  1.129686e-02  9.999361e-01 -5.044884e-04
   outer loop
     vertex -4.317462e-01 -2.892389e-01 -6.077558e-01
     vertex -3.566161e-01 -2.901132e-01 -6.583115e-01
     vertex -3.832055e-01 -2.898045e-01 -6.417478e-01
   endloop
 endfacet
 facet normal  9.798951e-03  9.999484e-01 -2.660738e-03
   outer loop
     vertex -4.317462e-01 -2.892389e-01 -6.077558e-01
     vertex -4.760300e-01 -2.887097e-01 -5.719341e-01
     vertex -5.008528e-01 -2.884068e-01 -5.495239e-01
   endloop
 endfacet
 facet normal  5.212925e-01 -4.925945e-01  6.968535e-01
   outer loop
     vertex -4.317462e-01 -2.892389e-01 -6.077558e-01
     vertex -4.254509e-01 -2.892008e-01 -6.124381e-01
     vertex -4.344357e-01 -2.892027e-01 -6.057182e-01
   endloop
 endfacet
 facet normal  9.905409e-03  9.999476e-01 -2.572514e-03
   outer loop
     vertex -4.317462e-01 -2.892389e-01 -6.077558e-01
     vertex -5.301266e-01 -2.880402e-01 -5.205921e-01
     vertex -3.566161e-01 -2.901132e-01 -6.583115e-01
   endloop
 endfacet
 facet normal  5.898586e-01  1.457998e-01  7.942350e-01
   outer loop
     vertex -4.317462e-01 -2.892389e-01 -6.077558e-01
     vertex -4.200866e-01 -2.893702e-01 -6.163910e-01
     vertex -4.254509e-01 -2.892008e-01 -6.124381e-01
   endloop
 endfacet
 facet normal  1.495749e-02  9.998519e-01  8.517566e-03
   outer loop
     vertex -2.765772e-01 -2.910323e-01 -7.004465e-01
     vertex -2.074960e-01 -2.918270e-01 -7.284628e-01
     vertex -2.654081e-01 -2.911565e-01 -7.054745e-01
   endloop
 endfacet
 facet normal  1.210649e-02  9.999259e-01  1.245072e-03
   outer loop
     vertex -2.765772e-01 -2.910323e-01 -7.004465e-01
     vertex -2.836604e-01 -2.909506e-01 -6.971540e-01
     vertex -3.274854e-01 -2.904477e-01 -6.749346e-01
   endloop
 endfacet
 facet normal  1.244432e-02  9.999199e-01  2.318775e-03
   outer loop
     vertex -2.765772e-01 -2.910323e-01 -7.004465e-01
     vertex -1.927970e-01 -2.919983e-01 -7.335026e-01
     vertex -2.074960e-01 -2.918270e-01 -7.284628e-01
   endloop
 endfacet
 facet normal  1.150571e-02  9.999338e-01  4.605658e-05
   outer loop
     vertex -2.765772e-01 -2.910323e-01 -7.004465e-01
     vertex -3.274854e-01 -2.904477e-01 -6.749346e-01
     vertex -3.566161e-01 -2.901132e-01 -6.583115e-01
   endloop
 endfacet
 facet normal  1.119054e-02  9.999370e-01 -8.593996e-04
   outer loop
     vertex -2.765772e-01 -2.910323e-01 -7.004465e-01
     vertex -5.301266e-01 -2.880402e-01 -5.205921e-01
     vertex -1.927970e-01 -2.919983e-01 -7.335026e-01
   endloop
 endfacet
 facet normal  1.056448e-02  9.999427e-01 -1.742087e-03
   outer loop
     vertex -2.765772e-01 -2.910323e-01 -7.004465e-01
     vertex -3.566161e-01 -2.901132e-01 -6.583115e-01
     vertex -5.301266e-01 -2.880402e-01 -5.205921e-01
   endloop
 endfacet
 facet normal -1.243729e-02 -9.999207e-01 -1.956846e-03
   outer loop
     vertex -2.765772e-01 -2.910323e-01 -7.004465e-01
     vertex  3.284090e-01 -3.010502e-01  5.734035e-01
     vertex -2.836604e-01 -2.909506e-01 -6.971540e-01
   endloop
 endfacet
 facet normal -1.208106e-02 -9.999248e-01 -2.126059e-03
   outer loop
     vertex -2.765772e-01 -2.910323e-01 -7.004465e-01
     vertex -2.654081e-01 -2.911565e-01 -7.054745e-01
     vertex  3.284090e-01 -3.010502e-01  5.734035e-01
   endloop
 endfacet
 facet normal -1.155457e-02 -9.999283e-01 -3.142305e-03
   outer loop
     vertex -6.654701e-02 -2.934927e-01 -7.642727e-01
     vertex -6.223638e-02 -2.935405e-01 -7.649366e-01
     vertex  3.284106e-01 -3.022603e-01  5.734131e-01
   endloop
 endfacet
 facet normal  1.458342e-02  9.998008e-01  1.362878e-02
   outer loop
     vertex -6.654701e-02 -2.934927e-01 -7.642727e-01
     vertex -7.953393e-02 -2.933327e-01 -7.621175e-01
     vertex -1.140120e-01 -2.929229e-01 -7.552852e-01
   endloop
 endfacet
 facet normal  1.258893e-02  9.999160e-01  3.088184e-03
   outer loop
     vertex -6.654701e-02 -2.934927e-01 -7.642727e-01
     vertex -1.140120e-01 -2.929229e-01 -7.552852e-01
     vertex -1.927970e-01 -2.919983e-01 -7.335026e-01
   endloop
 endfacet
 facet normal -1.278429e-02 -9.999144e-01 -2.779135e-03
   outer loop
     vertex -6.654701e-02 -2.934927e-01 -7.642727e-01
     vertex  3.284106e-01 -3.022603e-01  5.734131e-01
     vertex -7.953393e-02 -2.933327e-01 -7.621175e-01
   endloop
 endfacet
 facet normal -1.276521e-02 -9.999146e-01 -2.788845e-03
   outer loop
     vertex -3.838652e-02 -2.938359e-01 -7.681603e-01
     vertex  3.284106e-01 -3.022603e-01  5.734131e-01
     vertex -6.223638e-02 -2.935405e-01 -7.649366e-01
   endloop
 endfacet
 facet normal  1.156883e-01  4.309875e-02  9.923501e-01
   outer loop
     vertex -3.838652e-02 -2.938359e-01 -7.681603e-01
     vertex -3.405134e-02 -2.938889e-01 -7.686634e-01
     vertex -3.627727e-02 -2.938469e-01 -7.684058e-01
   endloop
 endfacet
 facet normal -5.731850e-03 -9.999725e-01 -4.712187e-03
   outer loop
     vertex -3.838652e-02 -2.938359e-01 -7.681603e-01
     vertex -3.627727e-02 -2.938469e-01 -7.684058e-01
     vertex  3.284106e-01 -3.022603e-01  5.734131e-01
   endloop
 endfacet
 facet normal  2.178352e-02  9.973269e-01  6.974598e-02
   outer loop
     vertex -3.838652e-02 -2.938359e-01 -7.681603e-01
     vertex -6.223638e-02 -2.935405e-01 -7.649366e-01
     vertex -6.654701e-02 -2.934927e-01 -7.642727e-01
   endloop
 endfacet
 facet normal  1.015959e-01  4.451344e-01  8.896817e-01
   outer loop
     vertex -2.645913e-02 -2.939829e-01 -7.694834e-01
     vertex -2.757237e-02 -2.939618e-01 -7.693668e-01
     vertex -3.405134e-02 -2.938889e-01 -7.686634e-01
   endloop
 endfacet
 facet normal  1.472635e-02  9.996548e-01  2.175630e-02
   outer loop
     vertex -2.645913e-02 -2.939829e-01 -7.694834e-01
     vertex -3.405134e-02 -2.938889e-01 -7.686634e-01
     vertex -3.838652e-02 -2.938359e-01 -7.681603e-01
   endloop
 endfacet
 facet normal  8.194145e-02 -4.858458e-01  8.701951e-01
   outer loop
     vertex -2.645913e-02 -2.939829e-01 -7.694834e-01
     vertex -2.321919e-02 -2.940194e-01 -7.698089e-01
     vertex -2.757237e-02 -2.939618e-01 -7.693668e-01
   endloop
 endfacet
 facet normal  2.372374e-02  9.919195e-01  1.246307e-01
   outer loop
     vertex -2.645913e-02 -2.939829e-01 -7.694834e-01
     vertex -1.019183e-02 -2.941843e-01 -7.709770e-01
     vertex -2.321919e-02 -2.940194e-01 -7.698089e-01
   endloop
 endfacet
 facet normal  1.284646e-02  9.999061e-01  4.781017e-03
   outer loop
     vertex -2.645913e-02 -2.939829e-01 -7.694834e-01
     vertex -3.838652e-02 -2.938359e-01 -7.681603e-01
     vertex -6.654701e-02 -2.934927e-01 -7.642727e-01
   endloop
 endfacet
 facet normal -1.328266e-02 -9.999069e-01 -3.123537e-03
   outer loop
     vertex  2.124896e-02 -2.945796e-01 -7.728433e-01
     vertex  3.284115e-01 -3.028654e-01  5.734179e-01
     vertex  1.582092e-02 -2.945082e-01 -7.726171e-01
   endloop
 endfacet
 facet normal  2.542218e-02  9.503781e-01  3.100569e-01
   outer loop
     vertex  2.124896e-02 -2.945796e-01 -7.728433e-01
     vertex  1.582092e-02 -2.945082e-01 -7.726171e-01
     vertex  1.366255e-02 -2.944833e-01 -7.725165e-01
   endloop
 endfacet
 facet normal  1.274108e-02  9.999119e-01  3.712676e-03
   outer loop
     vertex  2.124896e-02 -2.945796e-01 -7.728433e-01
     vertex -6.654701e-02 -2.934927e-01 -7.642727e-01
     vertex -1.927970e-01 -2.919983e-01 -7.335026e-01
   endloop
 endfacet
 facet normal  1.284181e-02  9.999063e-01  4.745241e-03
   outer loop
     vertex  2.124896e-02 -2.945796e-01 -7.728433e-01
     vertex -2.645913e-02 -2.939829e-01 -7.694834e-01
     vertex -6.654701e-02 -2.934927e-01 -7.642727e-01
   endloop
 endfacet
 facet normal  1.301626e-02  9.998875e-01  7.457653e-03
   outer loop
     vertex  2.124896e-02 -2.945796e-01 -7.728433e-01
     vertex  1.366255e-02 -2.944833e-01 -7.725165e-01
     vertex -1.019183e-02 -2.941843e-01 -7.709770e-01
   endloop
 endfacet
 facet normal -1.279330e-02 -9.999129e-01 -3.235226e-03
   outer loop
     vertex  2.124896e-02 -2.945796e-01 -7.728433e-01
     vertex  3.748673e-02 -2.947860e-01 -7.732767e-01
     vertex  3.284115e-01 -3.028654e-01  5.734179e-01
   endloop
 endfacet
 facet normal  1.287744e-02  9.998966e-01  6.394658e-03
   outer loop
     vertex  2.124896e-02 -2.945796e-01 -7.728433e-01
     vertex  6.125568e-02 -2.950922e-01 -7.732531e-01
     vertex  3.748673e-02 -2.947860e-01 -7.732767e-01
   endloop
 endfacet
 facet normal  1.292874e-02  9.998985e-01  5.980889e-03
   outer loop
     vertex  2.124896e-02 -2.945796e-01 -7.728433e-01
     vertex -1.019183e-02 -2.941843e-01 -7.709770e-01
     vertex -2.645913e-02 -2.939829e-01 -7.694834e-01
   endloop
 endfacet
 facet normal -1.199910e-02 -9.999224e-01 -3.355804e-03
   outer loop
     vertex  1.085279e-01 -2.957154e-01 -7.708389e-01
     vertex  1.106568e-01 -2.957416e-01 -7.706543e-01
     vertex  3.284115e-01 -3.028654e-01  5.734179e-01
   endloop
 endfacet
 facet normal  1.274821e-02  9.998828e-01  8.473461e-03
   outer loop
     vertex  1.085279e-01 -2.957154e-01 -7.708389e-01
     vertex  9.353067e-02 -2.955148e-01 -7.719505e-01
     vertex  6.125568e-02 -2.950922e-01 -7.732531e-01
   endloop
 endfacet
 facet normal  1.069739e-02  9.996042e-01  2.602006e-02
   outer loop
     vertex  1.085279e-01 -2.957154e-01 -7.708389e-01
     vertex  1.404698e-01 -2.961474e-01 -7.673743e-01
     vertex  1.277129e-01 -2.959702e-01 -7.689384e-01
   endloop
 endfacet
 facet normal  5.320939e-03  9.967873e-01  7.991672e-02
   outer loop
     vertex  1.085279e-01 -2.957154e-01 -7.708389e-01
     vertex  1.277129e-01 -2.959702e-01 -7.689384e-01
     vertex  1.106568e-01 -2.957416e-01 -7.706543e-01
   endloop
 endfacet
 facet normal -1.899540e-02 -9.998171e-01 -2.210841e-03
   outer loop
     vertex  1.085279e-01 -2.957154e-01 -7.708389e-01
     vertex  3.284115e-01 -3.028654e-01  5.734179e-01
     vertex  7.222569e-02 -2.950211e-01 -7.729396e-01
   endloop
 endfacet
 facet normal  1.287364e-02  9.998990e-01  6.021422e-03
   outer loop
     vertex  1.085279e-01 -2.957154e-01 -7.708389e-01
     vertex  6.125568e-02 -2.950922e-01 -7.732531e-01
     vertex  2.124896e-02 -2.945796e-01 -7.728433e-01
   endloop
 endfacet
 facet normal -3.730137e-02 -9.421148e-01  3.332091e-01
   outer loop
     vertex  1.085279e-01 -2.957154e-01 -7.708389e-01
     vertex  7.222569e-02 -2.950211e-01 -7.729396e-01
     vertex  9.353067e-02 -2.955148e-01 -7.719505e-01
   endloop
 endfacet
 facet normal  1.290613e-02  9.999061e-01  4.611038e-03
   outer loop
     vertex  1.085279e-01 -2.957154e-01 -7.708389e-01
     vertex  2.124896e-02 -2.945796e-01 -7.728433e-01
     vertex -1.927970e-01 -2.919983e-01 -7.335026e-01
   endloop
 endfacet
 facet normal -2.702178e-02 -9.996333e-01 -1.746494e-03
   outer loop
     vertex  1.478835e-01 -2.962497e-01 -7.663528e-01
     vertex  3.284123e-01 -3.034705e-01  5.734228e-01
     vertex  1.374534e-01 -2.959654e-01 -7.677428e-01
   endloop
 endfacet
 facet normal  1.249824e-02  9.998772e-01  9.451236e-03
   outer loop
     vertex  1.478835e-01 -2.962497e-01 -7.663528e-01
     vertex  1.404698e-01 -2.961474e-01 -7.673743e-01
     vertex  1.085279e-01 -2.957154e-01 -7.708389e-01
   endloop
 endfacet
 facet normal -1.338163e-01 -3.146442e-01  9.397299e-01
   outer loop
     vertex  1.478835e-01 -2.962497e-01 -7.663528e-01
     vertex  1.374534e-01 -2.959654e-01 -7.677428e-01
     vertex  1.404698e-01 -2.961474e-01 -7.673743e-01
   endloop
 endfacet
 facet normal -1.336745e-02 -9.999042e-01 -3.587814e-03
   outer loop
     vertex  1.478835e-01 -2.962497e-01 -7.663528e-01
     vertex  1.867537e-01 -2.967936e-01 -7.596147e-01
     vertex  3.284123e-01 -3.034705e-01  5.734228e-01
   endloop
 endfacet
 facet normal  1.276028e-02  9.998930e-01  7.154261e-03
   outer loop
     vertex  1.940451e-01 -2.968980e-01 -7.580861e-01
     vertex  1.478835e-01 -2.962497e-01 -7.663528e-01
     vertex  1.085279e-01 -2.957154e-01 -7.708389e-01
   endloop
 endfacet
 facet normal  1.240950e-02  9.998815e-01  9.112131e-03
   outer loop
     vertex  1.940451e-01 -2.968980e-01 -7.580861e-01
     vertex  1.867537e-01 -2.967936e-01 -7.596147e-01
     vertex  1.478835e-01 -2.962497e-01 -7.663528e-01
   endloop
 endfacet
 facet normal  6.487601e-02  9.978933e-01 -2.608052e-04
   outer loop
     vertex  1.940451e-01 -2.968980e-01 -7.580861e-01
     vertex  1.785723e-02 -2.850702e-01  6.703835e-01
     vertex  3.284148e-01 -3.052858e-01  5.734373e-01
   endloop
 endfacet
 facet normal  1.223445e-02  9.999022e-01 -6.770264e-03
   outer loop
     vertex  1.940451e-01 -2.968980e-01 -7.580861e-01
     vertex -1.927970e-01 -2.919983e-01 -7.335026e-01
     vertex  1.785723e-02 -2.850702e-01  6.703835e-01
   endloop
 endfacet
 facet normal -1.873657e-01  4.583066e-01  8.688206e-01
   outer loop
     vertex  1.940451e-01 -2.968980e-01 -7.580861e-01
     vertex  2.033776e-01 -2.970301e-01 -7.560038e-01
     vertex  1.950483e-01 -2.969023e-01 -7.578675e-01
   endloop
 endfacet
 facet normal -3.329977e-03 -9.999839e-01 -4.600025e-03
   outer loop
     vertex  1.940451e-01 -2.968980e-01 -7.580861e-01
     vertex  1.950483e-01 -2.969023e-01 -7.578675e-01
     vertex  3.284123e-01 -3.034705e-01  5.734228e-01
   endloop
 endfacet
 facet normal  1.301206e-02  9.999004e-01  5.466577e-03
   outer loop
     vertex  1.940451e-01 -2.968980e-01 -7.580861e-01
     vertex  1.085279e-01 -2.957154e-01 -7.708389e-01
     vertex -1.927970e-01 -2.919983e-01 -7.335026e-01
   endloop
 endfacet
 facet normal -1.357254e-02 -9.999015e-01 -3.566006e-03
   outer loop
     vertex  1.940451e-01 -2.968980e-01 -7.580861e-01
     vertex  3.284123e-01 -3.034705e-01  5.734228e-01
     vertex  1.867537e-01 -2.967936e-01 -7.596147e-01
   endloop
 endfacet
 facet normal  1.051385e-02  9.998119e-01  1.629788e-02
   outer loop
     vertex  1.940451e-01 -2.968980e-01 -7.580861e-01
     vertex  2.321862e-01 -2.974526e-01 -7.486681e-01
     vertex  2.033776e-01 -2.970301e-01 -7.560038e-01
   endloop
 endfacet
 facet normal  7.850817e-03  9.998025e-01  1.825920e-02
   outer loop
     vertex  3.129490e-01 -2.986964e-01 -7.202201e-01
     vertex  3.483394e-01 -2.992763e-01 -7.036837e-01
     vertex  3.426664e-01 -2.991800e-01 -7.065172e-01
   endloop
 endfacet
 facet normal -6.840056e-03  9.987217e-01  5.008098e-02
   outer loop
     vertex  3.129490e-01 -2.986964e-01 -7.202201e-01
     vertex  3.426664e-01 -2.991800e-01 -7.065172e-01
     vertex  3.388588e-01 -2.991127e-01 -7.083784e-01
   endloop
 endfacet
 facet normal -1.491465e-02 -9.998809e-01 -3.979396e-03
   outer loop
     vertex  3.129490e-01 -2.986964e-01 -7.202201e-01
     vertex  3.284132e-01 -3.040756e-01  5.734276e-01
     vertex  3.080788e-01 -2.986155e-01 -7.222891e-01
   endloop
 endfacet
 facet normal  1.208725e-02  9.998828e-01  9.400737e-03
   outer loop
     vertex  3.129490e-01 -2.986964e-01 -7.202201e-01
     vertex  3.061378e-01 -2.985870e-01 -7.231009e-01
     vertex  2.321862e-01 -2.974526e-01 -7.486681e-01
   endloop
 endfacet
 facet normal  1.236802e-02  9.998861e-01  8.650884e-03
   outer loop
     vertex  3.129490e-01 -2.986964e-01 -7.202201e-01
     vertex  1.940451e-01 -2.968980e-01 -7.580861e-01
     vertex  3.889935e-01 -2.999748e-01 -6.811734e-01
   endloop
 endfacet
 facet normal -1.424519e-02 -9.998906e-01 -3.987439e-03
   outer loop
     vertex  3.129490e-01 -2.986964e-01 -7.202201e-01
     vertex  3.388588e-01 -2.991127e-01 -7.083784e-01
     vertex  3.284132e-01 -3.040756e-01  5.734276e-01
   endloop
 endfacet
 facet normal -1.006300e-01  9.563776e-01  2.742545e-01
   outer loop
     vertex  3.129490e-01 -2.986964e-01 -7.202201e-01
     vertex  3.080788e-01 -2.986155e-01 -7.222891e-01
     vertex  3.061378e-01 -2.985870e-01 -7.231009e-01
   endloop
 endfacet
 facet normal  1.252441e-02  9.998883e-01  8.159917e-03
   outer loop
     vertex  3.129490e-01 -2.986964e-01 -7.202201e-01
     vertex  2.321862e-01 -2.974526e-01 -7.486681e-01
     vertex  1.940451e-01 -2.968980e-01 -7.580861e-01
   endloop
 endfacet
 facet normal  1.207580e-02  9.998846e-01  9.219937e-03
   outer loop
     vertex  3.129490e-01 -2.986964e-01 -7.202201e-01
     vertex  3.889935e-01 -2.999748e-01 -6.811734e-01
     vertex  3.483394e-01 -2.992763e-01 -7.036837e-01
   endloop
 endfacet
 facet normal  1.121959e-02  9.998821e-01  1.048367e-02
   outer loop
     vertex  4.591904e-01 -3.012797e-01 -6.318454e-01
     vertex  4.533809e-01 -3.011657e-01 -6.365043e-01
     vertex  3.889935e-01 -2.999748e-01 -6.811734e-01
   endloop
 endfacet
 facet normal  1.420755e-02  9.998872e-01  4.864927e-03
   outer loop
     vertex  4.591904e-01 -3.012797e-01 -6.318454e-01
     vertex  1.940451e-01 -2.968980e-01 -7.580861e-01
     vertex  3.284148e-01 -3.052858e-01  5.734373e-01
   endloop
 endfacet
 facet normal  1.538383e-02  9.998692e-01  4.992496e-03
   outer loop
     vertex  4.591904e-01 -3.012797e-01 -6.318454e-01
     vertex  3.284148e-01 -3.052858e-01  5.734373e-01
     vertex  4.665764e-01 -3.014238e-01 -6.257535e-01
   endloop
 endfacet
 facet normal -1.597395e-02 -9.998620e-01 -4.554572e-03
   outer loop
     vertex  4.591904e-01 -3.012797e-01 -6.318454e-01
     vertex  3.284140e-01 -3.046807e-01  5.734324e-01
     vertex  4.533809e-01 -3.011657e-01 -6.365043e-01
   endloop
 endfacet
 facet normal  1.218935e-02  9.998843e-01  9.103693e-03
   outer loop
     vertex  4.591904e-01 -3.012797e-01 -6.318454e-01
     vertex  3.889935e-01 -2.999748e-01 -6.811734e-01
     vertex  1.940451e-01 -2.968980e-01 -7.580861e-01
   endloop
 endfacet
 facet normal -1.576375e-02 -9.998655e-01 -4.531775e-03
   outer loop
     vertex  4.591904e-01 -3.012797e-01 -6.318454e-01
     vertex  4.665764e-01 -3.014238e-01 -6.257535e-01
     vertex  3.284140e-01 -3.046807e-01  5.734324e-01
   endloop
 endfacet
 facet normal  8.812310e-03  1.132268e-04  9.999612e-01
   outer loop
     vertex -3.910478e-02  3.098466e-01 -2.195806e-01
     vertex -3.010980e-02 -3.099777e-01 -2.195897e-01
     vertex -3.014044e-02  3.098179e-01 -2.196596e-01
   endloop
 endfacet
 facet normal  8.792846e-03  1.129444e-04  9.999613e-01
   outer loop
     vertex -3.910478e-02  3.098466e-01 -2.195806e-01
     vertex -3.907359e-02 -3.099498e-01 -2.195109e-01
     vertex -3.010980e-02 -3.099777e-01 -2.195897e-01
   endloop
 endfacet
 facet normal  5.516112e-02  1.151105e-04  9.984775e-01
   outer loop
     vertex -4.780794e-02  3.098727e-01 -2.190998e-01
     vertex -3.907359e-02 -3.099498e-01 -2.195109e-01
     vertex -3.910478e-02  3.098466e-01 -2.195806e-01
   endloop
 endfacet
 facet normal  5.514439e-02  1.148742e-04  9.984784e-01
   outer loop
     vertex -4.780794e-02  3.098727e-01 -2.190998e-01
     vertex -4.777624e-02 -3.099244e-01 -2.190302e-01
     vertex -3.907359e-02 -3.099498e-01 -2.195109e-01
   endloop
 endfacet
 facet normal  1.025828e-01  1.166864e-04  9.947245e-01
   outer loop
     vertex -5.624991e-02  3.098963e-01 -2.182291e-01
     vertex -5.621772e-02 -3.099015e-01 -2.181597e-01
     vertex -4.777624e-02 -3.099244e-01 -2.190302e-01
   endloop
 endfacet
 facet normal  1.025968e-01  1.168799e-04  9.947230e-01
   outer loop
     vertex -5.624991e-02  3.098963e-01 -2.182291e-01
     vertex -4.777624e-02 -3.099244e-01 -2.190302e-01
     vertex -4.780794e-02  3.098727e-01 -2.190998e-01
   endloop
 endfacet
 facet normal  1.508931e-01  1.185044e-04  9.885501e-01
   outer loop
     vertex -6.443066e-02  3.099175e-01 -2.169804e-01
     vertex -5.621772e-02 -3.099015e-01 -2.181597e-01
     vertex -5.624991e-02  3.098963e-01 -2.182291e-01
   endloop
 endfacet
 facet normal  1.508817e-01  1.183501e-04  9.885518e-01
   outer loop
     vertex -6.443066e-02  3.099175e-01 -2.169804e-01
     vertex -6.439801e-02 -3.098810e-01 -2.169111e-01
     vertex -5.621772e-02 -3.099015e-01 -2.181597e-01
   endloop
 endfacet
 facet normal  1.973396e-01  1.197722e-04  9.803352e-01
   outer loop
     vertex -7.156998e-02  3.099345e-01 -2.155432e-01
     vertex -7.153693e-02 -3.098646e-01 -2.154741e-01
     vertex -6.439801e-02 -3.098810e-01 -2.169111e-01
   endloop
 endfacet
 facet normal  1.973486e-01  1.198805e-04  9.803334e-01
   outer loop
     vertex -7.156998e-02  3.099345e-01 -2.155432e-01
     vertex -6.439801e-02 -3.098810e-01 -2.169111e-01
     vertex -6.443066e-02  3.099175e-01 -2.169804e-01
   endloop
 endfacet
 facet normal  2.394229e-01  1.209666e-04  9.709154e-01
   outer loop
     vertex -7.781443e-02  3.099483e-01 -2.140033e-01
     vertex -7.153693e-02 -3.098646e-01 -2.154741e-01
     vertex -7.156998e-02  3.099345e-01 -2.155432e-01
   endloop
 endfacet
 facet normal  2.394159e-01  1.208916e-04  9.709171e-01
   outer loop
     vertex -7.781443e-02  3.099483e-01 -2.140033e-01
     vertex -7.778104e-02 -3.098514e-01 -2.139344e-01
     vertex -7.153693e-02 -3.098646e-01 -2.154741e-01
   endloop
 endfacet
 facet normal  2.793290e-01  1.218493e-04  9.601954e-01
   outer loop
     vertex -8.388745e-02  3.099607e-01 -2.122366e-01
     vertex -7.778104e-02 -3.098514e-01 -2.139344e-01
     vertex -7.781443e-02  3.099483e-01 -2.140033e-01
   endloop
 endfacet
 facet normal  2.793238e-01  1.217937e-04  9.601970e-01
   outer loop
     vertex -8.388745e-02  3.099607e-01 -2.122366e-01
     vertex -8.385373e-02 -3.098397e-01 -2.121678e-01
     vertex -7.778104e-02 -3.098514e-01 -2.139344e-01
   endloop
 endfacet
 facet normal  3.191194e-01  1.225726e-04  9.477145e-01
   outer loop
     vertex -8.978903e-02  3.099716e-01 -2.102494e-01
     vertex -8.385373e-02 -3.098397e-01 -2.121678e-01
     vertex -8.388745e-02  3.099607e-01 -2.122366e-01
   endloop
 endfacet
 facet normal  3.191158e-01  1.225343e-04  9.477157e-01
   outer loop
     vertex -8.978903e-02  3.099716e-01 -2.102494e-01
     vertex -8.975500e-02 -3.098293e-01 -2.101807e-01
     vertex -8.385373e-02 -3.098397e-01 -2.121678e-01
   endloop
 endfacet
 facet normal  3.586254e-01  1.231258e-04  9.334816e-01
   outer loop
     vertex -9.551915e-02  3.099812e-01 -2.080480e-01
     vertex -8.975500e-02 -3.098293e-01 -2.101807e-01
     vertex -8.978903e-02  3.099716e-01 -2.102494e-01
   endloop
 endfacet
 facet normal  3.586232e-01  1.231029e-04  9.334824e-01
   outer loop
     vertex -9.551915e-02  3.099812e-01 -2.080480e-01
     vertex -9.548483e-02 -3.098203e-01 -2.079795e-01
     vertex -8.975500e-02 -3.098293e-01 -2.101807e-01
   endloop
 endfacet
 facet normal  3.976791e-01  1.235004e-04  9.175246e-01
   outer loop
     vertex -1.010778e-01  3.099895e-01 -2.056387e-01
     vertex -9.548483e-02 -3.098203e-01 -2.079795e-01
     vertex -9.551915e-02  3.099812e-01 -2.080480e-01
   endloop
 endfacet
 facet normal  3.976782e-01  1.234910e-04  9.175250e-01
   outer loop
     vertex -1.010778e-01  3.099895e-01 -2.056387e-01
     vertex -1.010432e-01 -3.098125e-01 -2.055703e-01
     vertex -9.548483e-02 -3.098203e-01 -2.079795e-01
   endloop
 endfacet
 facet normal  4.361168e-01  1.236899e-04  8.998900e-01
   outer loop
     vertex -1.064650e-01  3.099965e-01 -2.030279e-01
     vertex -1.010432e-01 -3.098125e-01 -2.055703e-01
     vertex -1.010778e-01  3.099895e-01 -2.056387e-01
   endloop
 endfacet
 facet normal  4.361170e-01  1.236920e-04  8.998899e-01
   outer loop
     vertex -1.064650e-01  3.099965e-01 -2.030279e-01
     vertex -1.064301e-01 -3.098061e-01 -2.029596e-01
     vertex -1.010432e-01 -3.098125e-01 -2.055703e-01
   endloop
 endfacet
 facet normal  4.737823e-01  1.236898e-04  8.806420e-01
   outer loop
     vertex -1.116807e-01  3.100024e-01 -2.002219e-01
     vertex -1.064301e-01 -3.098061e-01 -2.029596e-01
     vertex -1.064650e-01  3.099965e-01 -2.030279e-01
   endloop
 endfacet
 facet normal  4.737834e-01  1.237019e-04  8.806414e-01
   outer loop
     vertex -1.116807e-01  3.100024e-01 -2.002219e-01
     vertex -1.116456e-01 -3.098008e-01 -2.001537e-01
     vertex -1.064301e-01 -3.098061e-01 -2.029596e-01
   endloop
 endfacet
 facet normal  5.105294e-01  1.234983e-04  8.598603e-01
   outer loop
     vertex -1.167249e-01  3.100070e-01 -1.972270e-01
     vertex -1.116456e-01 -3.098008e-01 -2.001537e-01
     vertex -1.116807e-01  3.100024e-01 -2.002219e-01
   endloop
 endfacet
 facet normal  5.105313e-01  1.235185e-04  8.598592e-01
   outer loop
     vertex -1.167249e-01  3.100070e-01 -1.972270e-01
     vertex -1.166895e-01 -3.097967e-01 -1.971590e-01
     vertex -1.116456e-01 -3.098008e-01 -2.001537e-01
   endloop
 endfacet
 facet normal  5.462275e-01  1.231421e-04  8.376368e-01
   outer loop
     vertex -1.215975e-01  3.100106e-01 -1.940495e-01
     vertex -1.215619e-01 -3.097937e-01 -1.939816e-01
     vertex -1.166895e-01 -3.097967e-01 -1.971590e-01
   endloop
 endfacet
 facet normal  5.462251e-01  1.231154e-04  8.376384e-01
   outer loop
     vertex -1.215975e-01  3.100106e-01 -1.940495e-01
     vertex -1.166895e-01 -3.097967e-01 -1.971590e-01
     vertex -1.167249e-01  3.100070e-01 -1.972270e-01
   endloop
 endfacet
 facet normal  5.807540e-01  1.225751e-04  8.140791e-01
   outer loop
     vertex -1.262987e-01  3.100130e-01 -1.906958e-01
     vertex -1.262629e-01 -3.097918e-01 -1.906280e-01
     vertex -1.215619e-01 -3.097937e-01 -1.939816e-01
   endloop
 endfacet
 facet normal  5.807513e-01  1.225434e-04  8.140810e-01
   outer loop
     vertex -1.262987e-01  3.100130e-01 -1.906958e-01
     vertex -1.215619e-01 -3.097937e-01 -1.939816e-01
     vertex -1.215975e-01  3.100106e-01 -1.940495e-01
   endloop
 endfacet
 facet normal  6.140090e-01  1.218217e-04  7.892990e-01
   outer loop
     vertex -1.308283e-01  3.100144e-01 -1.871722e-01
     vertex -1.307923e-01 -3.097910e-01 -1.871045e-01
     vertex -1.262629e-01 -3.097918e-01 -1.906280e-01
   endloop
 endfacet
 facet normal  6.140060e-01  1.217863e-04  7.893013e-01
   outer loop
     vertex -1.308283e-01  3.100144e-01 -1.871722e-01
     vertex -1.262629e-01 -3.097918e-01 -1.906280e-01
     vertex -1.262987e-01  3.100130e-01 -1.906958e-01
   endloop
 endfacet
 facet normal  6.459080e-01  1.208877e-04  7.634153e-01
   outer loop
     vertex -1.351863e-01  3.100149e-01 -1.834850e-01
     vertex -1.351501e-01 -3.097911e-01 -1.834175e-01
     vertex -1.307923e-01 -3.097910e-01 -1.871045e-01
   endloop
 endfacet
 facet normal  6.763839e-01  1.197411e-04  7.365492e-01
   outer loop
     vertex -1.351863e-01  3.100149e-01 -1.834850e-01
     vertex -1.393364e-01 -3.097922e-01 -1.795731e-01
     vertex -1.351501e-01 -3.097911e-01 -1.834175e-01
   endloop
 endfacet
 facet normal  6.459048e-01  1.208498e-04  7.634179e-01
   outer loop
     vertex -1.351863e-01  3.100149e-01 -1.834850e-01
     vertex -1.307923e-01 -3.097910e-01 -1.871045e-01
     vertex -1.308283e-01  3.100144e-01 -1.871722e-01
   endloop
 endfacet
 facet normal  7.053871e-01  1.184686e-04  7.088223e-01
   outer loop
     vertex -1.393728e-01  3.100144e-01 -1.796405e-01
     vertex -1.433511e-01 -3.097941e-01 -1.755779e-01
     vertex -1.393364e-01 -3.097922e-01 -1.795731e-01
   endloop
 endfacet
 facet normal  6.763808e-01  1.197806e-04  7.365521e-01
   outer loop
     vertex -1.393728e-01  3.100144e-01 -1.796405e-01
     vertex -1.393364e-01 -3.097922e-01 -1.795731e-01
     vertex -1.351863e-01  3.100149e-01 -1.834850e-01
   endloop
 endfacet
 facet normal  7.053840e-01  1.185086e-04  7.088254e-01
   outer loop
     vertex -1.433877e-01  3.100130e-01 -1.756451e-01
     vertex -1.433511e-01 -3.097941e-01 -1.755779e-01
     vertex -1.393728e-01  3.100144e-01 -1.796405e-01
   endloop
 endfacet
 facet normal  7.328842e-01  1.170414e-04  6.803534e-01
   outer loop
     vertex -1.433877e-01  3.100130e-01 -1.756451e-01
     vertex -1.471943e-01 -3.097969e-01 -1.714380e-01
     vertex -1.433511e-01 -3.097941e-01 -1.755779e-01
   endloop
 endfacet
 facet normal  7.588572e-01  1.154693e-04  6.512571e-01
   outer loop
     vertex -1.472310e-01  3.100107e-01 -1.715051e-01
     vertex -1.508658e-01 -3.098005e-01 -1.671599e-01
     vertex -1.471943e-01 -3.097969e-01 -1.714380e-01
   endloop
 endfacet
 facet normal  7.328812e-01  1.170811e-04  6.803566e-01
   outer loop
     vertex -1.472310e-01  3.100107e-01 -1.715051e-01
     vertex -1.471943e-01 -3.097969e-01 -1.714380e-01
     vertex -1.433877e-01  3.100130e-01 -1.756451e-01
   endloop
 endfacet
 facet normal  7.588544e-01  1.155079e-04  6.512603e-01
   outer loop
     vertex -1.509027e-01  3.100077e-01 -1.672268e-01
     vertex -1.508658e-01 -3.098005e-01 -1.671599e-01
     vertex -1.472310e-01  3.100107e-01 -1.715051e-01
   endloop
 endfacet
 facet normal  7.833019e-01  1.137621e-04  6.216415e-01
   outer loop
     vertex -1.509027e-01  3.100077e-01 -1.672268e-01
     vertex -1.543657e-01 -3.098049e-01 -1.627498e-01
     vertex -1.508658e-01 -3.098005e-01 -1.671599e-01
   endloop
 endfacet
 facet normal  8.062264e-01  1.119300e-04  5.916071e-01
   outer loop
     vertex -1.544027e-01  3.100038e-01 -1.628166e-01
     vertex -1.576940e-01 -3.098100e-01 -1.582140e-01
     vertex -1.543657e-01 -3.098049e-01 -1.627498e-01
   endloop
 endfacet
 facet normal  7.832994e-01  1.137992e-04  6.216447e-01
   outer loop
     vertex -1.544027e-01  3.100038e-01 -1.628166e-01
     vertex -1.543657e-01 -3.098049e-01 -1.627498e-01
     vertex -1.509027e-01  3.100077e-01 -1.672268e-01
   endloop
 endfacet
 facet normal  8.276491e-01  1.099830e-04  5.612458e-01
   outer loop
     vertex -1.577312e-01  3.099993e-01 -1.582807e-01
     vertex -1.608507e-01 -3.098157e-01 -1.535590e-01
     vertex -1.576940e-01 -3.098100e-01 -1.582140e-01
   endloop
 endfacet
 facet normal  8.062241e-01  1.119652e-04  5.916102e-01
   outer loop
     vertex -1.577312e-01  3.099993e-01 -1.582807e-01
     vertex -1.576940e-01 -3.098100e-01 -1.582140e-01
     vertex -1.544027e-01  3.100038e-01 -1.628166e-01
   endloop
 endfacet
 facet normal  8.475971e-01  1.079308e-04  5.306403e-01
   outer loop
     vertex -1.608880e-01  3.099941e-01 -1.536255e-01
     vertex -1.638357e-01 -3.098221e-01 -1.487910e-01
     vertex -1.608507e-01 -3.098157e-01 -1.535590e-01
   endloop
 endfacet
 facet normal  8.276471e-01  1.100161e-04  5.612488e-01
   outer loop
     vertex -1.608880e-01  3.099941e-01 -1.536255e-01
     vertex -1.608507e-01 -3.098157e-01 -1.535590e-01
     vertex -1.577312e-01  3.099993e-01 -1.582807e-01
   endloop
 endfacet
 facet normal  8.661041e-01  1.057826e-04  4.998636e-01
   outer loop
     vertex -1.638731e-01  3.099883e-01 -1.488574e-01
     vertex -1.666491e-01 -3.098291e-01 -1.439163e-01
     vertex -1.638357e-01 -3.098221e-01 -1.487910e-01
   endloop
 endfacet
 facet normal  8.475953e-01  1.079617e-04  5.306432e-01
   outer loop
     vertex -1.638731e-01  3.099883e-01 -1.488574e-01
     vertex -1.638357e-01 -3.098221e-01 -1.487910e-01
     vertex -1.608880e-01  3.099941e-01 -1.536255e-01
   endloop
 endfacet
 facet normal  8.832093e-01  1.035471e-04  4.689790e-01
   outer loop
     vertex -1.666866e-01  3.099818e-01 -1.439825e-01
     vertex -1.692908e-01 -3.098366e-01 -1.389414e-01
     vertex -1.666491e-01 -3.098291e-01 -1.439163e-01
   endloop
 endfacet
 facet normal  8.661026e-01  1.058113e-04  4.998663e-01
   outer loop
     vertex -1.666866e-01  3.099818e-01 -1.439825e-01
     vertex -1.666491e-01 -3.098291e-01 -1.439163e-01
     vertex -1.638731e-01  3.099883e-01 -1.488574e-01
   endloop
 endfacet
 facet normal  8.989553e-01  1.012324e-04  4.380403e-01
   outer loop
     vertex -1.693284e-01  3.099749e-01 -1.390074e-01
     vertex -1.717608e-01 -3.098445e-01 -1.338724e-01
     vertex -1.692908e-01 -3.098366e-01 -1.389414e-01
   endloop
 endfacet
 facet normal  8.832080e-01  1.035737e-04  4.689815e-01
   outer loop
     vertex -1.693284e-01  3.099749e-01 -1.390074e-01
     vertex -1.692908e-01 -3.098366e-01 -1.389414e-01
     vertex -1.666866e-01  3.099818e-01 -1.439825e-01
   endloop
 endfacet
 facet normal  9.133870e-01  9.884588e-05  4.070924e-01
   outer loop
     vertex -1.717985e-01  3.099675e-01 -1.339383e-01
     vertex -1.740591e-01 -3.098530e-01 -1.287157e-01
     vertex -1.717608e-01 -3.098445e-01 -1.338724e-01
   endloop
 endfacet
 facet normal  8.989541e-01  1.012572e-04  4.380428e-01
   outer loop
     vertex -1.717985e-01  3.099675e-01 -1.339383e-01
     vertex -1.717608e-01 -3.098445e-01 -1.338724e-01
     vertex -1.693284e-01  3.099749e-01 -1.390074e-01
   endloop
 endfacet
 facet normal  9.265502e-01  9.639429e-05  3.761712e-01
   outer loop
     vertex -1.740969e-01  3.099596e-01 -1.287814e-01
     vertex -1.761856e-01 -3.098618e-01 -1.234777e-01
     vertex -1.740591e-01 -3.098530e-01 -1.287157e-01
   endloop
 endfacet
 facet normal  9.133859e-01  9.886937e-05  4.070947e-01
   outer loop
     vertex -1.740969e-01  3.099596e-01 -1.287814e-01
     vertex -1.740591e-01 -3.098530e-01 -1.287157e-01
     vertex -1.717985e-01  3.099675e-01 -1.339383e-01
   endloop
 endfacet
 facet normal  9.265492e-01  9.641692e-05  3.761735e-01
   outer loop
     vertex -1.762235e-01  3.099513e-01 -1.235433e-01
     vertex -1.761856e-01 -3.098618e-01 -1.234777e-01
     vertex -1.740969e-01  3.099596e-01 -1.287814e-01
   endloop
 endfacet
 facet normal  9.384906e-01  9.388365e-05  3.453049e-01
   outer loop
     vertex -1.762235e-01  3.099513e-01 -1.235433e-01
     vertex -1.781405e-01 -3.098709e-01 -1.181647e-01
     vertex -1.761856e-01 -3.098618e-01 -1.234777e-01
   endloop
 endfacet
 facet normal  9.492528e-01  9.131928e-05  3.145140e-01
   outer loop
     vertex -1.781785e-01  3.099427e-01 -1.182301e-01
     vertex -1.799236e-01 -3.098804e-01 -1.127830e-01
     vertex -1.781405e-01 -3.098709e-01 -1.181647e-01
   endloop
 endfacet
 facet normal  9.384897e-01  9.390603e-05  3.453071e-01
   outer loop
     vertex -1.781785e-01  3.099427e-01 -1.182301e-01
     vertex -1.781405e-01 -3.098709e-01 -1.181647e-01
     vertex -1.762235e-01  3.099513e-01 -1.235433e-01
   endloop
 endfacet
 facet normal  9.588798e-01  8.870582e-05  2.838124e-01
   outer loop
     vertex -1.799616e-01  3.099337e-01 -1.128482e-01
     vertex -1.815349e-01 -3.098902e-01 -1.073390e-01
     vertex -1.799236e-01 -3.098804e-01 -1.127830e-01
   endloop
 endfacet
 facet normal  9.492521e-01  9.134211e-05  3.145163e-01
   outer loop
     vertex -1.799616e-01  3.099337e-01 -1.128482e-01
     vertex -1.799236e-01 -3.098804e-01 -1.127830e-01
     vertex -1.781785e-01  3.099427e-01 -1.182301e-01
   endloop
 endfacet
 facet normal  9.674118e-01  8.604728e-05  2.532081e-01
   outer loop
     vertex -1.815731e-01  3.099245e-01 -1.074039e-01
     vertex -1.829745e-01 -3.099001e-01 -1.018389e-01
     vertex -1.815349e-01 -3.098902e-01 -1.073390e-01
   endloop
 endfacet
 facet normal  9.588791e-01  8.872991e-05  2.838149e-01
   outer loop
     vertex -1.815731e-01  3.099245e-01 -1.074039e-01
     vertex -1.815349e-01 -3.098902e-01 -1.073390e-01
     vertex -1.799616e-01  3.099337e-01 -1.128482e-01
   endloop
 endfacet
 facet normal  9.748862e-01  8.334704e-05  2.227035e-01
   outer loop
     vertex -1.830127e-01  3.099151e-01 -1.019036e-01
     vertex -1.842423e-01 -3.099103e-01 -9.628904e-02
     vertex -1.829745e-01 -3.099001e-01 -1.018389e-01
   endloop
 endfacet
 facet normal  9.674111e-01  8.607350e-05  2.532108e-01
   outer loop
     vertex -1.830127e-01  3.099151e-01 -1.019036e-01
     vertex -1.829745e-01 -3.099001e-01 -1.018389e-01
     vertex -1.815731e-01  3.099245e-01 -1.074039e-01
   endloop
 endfacet
 facet normal  9.813369e-01  8.060792e-05  1.922965e-01
   outer loop
     vertex -1.842806e-01  3.099055e-01 -9.635358e-02
     vertex -1.853383e-01 -3.099205e-01 -9.069582e-02
     vertex -1.842423e-01 -3.099103e-01 -9.628904e-02
   endloop
 endfacet
 facet normal  9.748855e-01  8.337636e-05  2.227066e-01
   outer loop
     vertex -1.842806e-01  3.099055e-01 -9.635358e-02
     vertex -1.842423e-01 -3.099103e-01 -9.628904e-02
     vertex -1.830127e-01  3.099151e-01 -1.019036e-01
   endloop
 endfacet
 facet normal  9.867939e-01  7.783220e-05  1.619810e-01
   outer loop
     vertex -1.853767e-01  3.098958e-01 -9.076015e-02
     vertex -1.862625e-01 -3.099309e-01 -8.506555e-02
     vertex -1.853383e-01 -3.099205e-01 -9.069582e-02
   endloop
 endfacet
 facet normal  9.813362e-01  8.064138e-05  1.923000e-01
   outer loop
     vertex -1.853767e-01  3.098958e-01 -9.076015e-02
     vertex -1.853383e-01 -3.099205e-01 -9.069582e-02
     vertex -1.842806e-01  3.099055e-01 -9.635358e-02
   endloop
 endfacet
 facet normal  9.912833e-01  7.502168e-05  1.317474e-01
   outer loop
     vertex -1.863009e-01  3.098860e-01 -8.512966e-02
     vertex -1.870149e-01 -3.099412e-01 -7.940454e-02
     vertex -1.862625e-01 -3.099309e-01 -8.506555e-02
   endloop
 endfacet
 facet normal  9.867932e-01  7.787091e-05  1.619851e-01
   outer loop
     vertex -1.863009e-01  3.098860e-01 -8.512966e-02
     vertex -1.862625e-01 -3.099309e-01 -8.506555e-02
     vertex -1.853767e-01  3.098958e-01 -9.076015e-02
   endloop
 endfacet
 facet normal  9.912827e-01  7.506684e-05  1.317522e-01
   outer loop
     vertex -1.870534e-01  3.098762e-01 -7.946842e-02
     vertex -1.870149e-01 -3.099412e-01 -7.940454e-02
     vertex -1.863009e-01  3.098860e-01 -8.512966e-02
   endloop
 endfacet
 facet normal  9.948270e-01  7.217773e-05  1.015835e-01
   outer loop
     vertex -1.870534e-01  3.098762e-01 -7.946842e-02
     vertex -1.875955e-01 -3.099516e-01 -7.371913e-02
     vertex -1.870149e-01 -3.099412e-01 -7.940454e-02
   endloop
 endfacet
 facet normal  9.974424e-01  6.930130e-05  7.147459e-02
   outer loop
     vertex -1.876340e-01  3.098663e-01 -7.378276e-02
     vertex -1.880042e-01 -3.099619e-01 -6.801562e-02
     vertex -1.875955e-01 -3.099516e-01 -7.371913e-02
   endloop
 endfacet
 facet normal  9.948264e-01  7.223057e-05  1.015891e-01
   outer loop
     vertex -1.876340e-01  3.098663e-01 -7.378276e-02
     vertex -1.875955e-01 -3.099516e-01 -7.371913e-02
     vertex -1.870534e-01  3.098762e-01 -7.946842e-02
   endloop
 endfacet
 facet normal  9.974419e-01  6.936315e-05  7.148121e-02
   outer loop
     vertex -1.880427e-01  3.098565e-01 -6.807901e-02
     vertex -1.880042e-01 -3.099619e-01 -6.801562e-02
     vertex -1.876340e-01  3.098663e-01 -7.378276e-02
   endloop
 endfacet
 facet normal  9.991425e-01  6.639303e-05  4.140450e-02
   outer loop
     vertex -1.880427e-01  3.098565e-01 -6.807901e-02
     vertex -1.882410e-01 -3.099721e-01 -6.230036e-02
     vertex -1.880042e-01 -3.099619e-01 -6.801562e-02
   endloop
 endfacet
 facet normal  9.991421e-01  6.646525e-05  4.141224e-02
   outer loop
     vertex -1.882796e-01  3.098469e-01 -6.236350e-02
     vertex -1.882410e-01 -3.099721e-01 -6.230036e-02
     vertex -1.880427e-01  3.098565e-01 -6.807901e-02
   endloop
 endfacet
 facet normal  9.999355e-01  6.345321e-05  1.135580e-02
   outer loop
     vertex -1.882796e-01  3.098469e-01 -6.236350e-02
     vertex -1.883060e-01 -3.099822e-01 -5.657967e-02
     vertex -1.882410e-01 -3.099721e-01 -6.230036e-02
   endloop
 endfacet
 facet normal  9.998253e-01  6.048191e-05 -1.868959e-02
   outer loop
     vertex -1.883446e-01  3.098373e-01 -5.664254e-02
     vertex -1.881991e-01 -3.099921e-01 -5.085988e-02
     vertex -1.883060e-01 -3.099822e-01 -5.657967e-02
   endloop
 endfacet
 facet normal  9.999354e-01  6.353724e-05  1.136480e-02
   outer loop
     vertex -1.883446e-01  3.098373e-01 -5.664254e-02
     vertex -1.883060e-01 -3.099822e-01 -5.657967e-02
     vertex -1.882796e-01  3.098469e-01 -6.236350e-02
   endloop
 endfacet
 facet normal  9.988110e-01  5.747896e-05 -4.874990e-02
   outer loop
     vertex -1.882378e-01  3.098280e-01 -5.092247e-02
     vertex -1.879202e-01 -3.100017e-01 -4.514730e-02
     vertex -1.881991e-01 -3.099921e-01 -5.085988e-02
   endloop
 endfacet
 facet normal  9.998255e-01  6.057923e-05 -1.867916e-02
   outer loop
     vertex -1.882378e-01  3.098280e-01 -5.092247e-02
     vertex -1.881991e-01 -3.099921e-01 -5.085988e-02
     vertex -1.883446e-01  3.098373e-01 -5.664254e-02
   endloop
 endfacet
 facet normal  9.968870e-01  5.444403e-05 -7.884304e-02
   outer loop
     vertex -1.879590e-01  3.098189e-01 -4.520962e-02
     vertex -1.874695e-01 -3.100111e-01 -3.944827e-02
     vertex -1.879202e-01 -3.100017e-01 -4.514730e-02
   endloop
 endfacet
 facet normal  9.988116e-01  5.759110e-05 -4.873790e-02
   outer loop
     vertex -1.879590e-01  3.098189e-01 -4.520962e-02
     vertex -1.879202e-01 -3.100017e-01 -4.514730e-02
     vertex -1.882378e-01  3.098280e-01 -5.092247e-02
   endloop
 endfacet
 facet normal  9.940433e-01  5.137667e-05 -1.089861e-01
   outer loop
     vertex -1.875083e-01  3.098101e-01 -3.951029e-02
     vertex -1.868468e-01 -3.100201e-01 -3.376912e-02
     vertex -1.874695e-01 -3.100111e-01 -3.944827e-02
   endloop
 endfacet
 facet normal  9.968881e-01  5.457258e-05 -7.882931e-02
   outer loop
     vertex -1.875083e-01  3.098101e-01 -3.951029e-02
     vertex -1.874695e-01 -3.100111e-01 -3.944827e-02
     vertex -1.879590e-01  3.098189e-01 -4.520962e-02
   endloop
 endfacet
 facet normal  9.902650e-01  4.827635e-05 -1.391947e-01
   outer loop
     vertex -1.868857e-01  3.098015e-01 -3.383084e-02
     vertex -1.860522e-01 -3.100288e-01 -2.811616e-02
     vertex -1.868468e-01 -3.100201e-01 -3.376912e-02
   endloop
 endfacet
 facet normal  9.940450e-01  5.152324e-05 -1.089704e-01
   outer loop
     vertex -1.868857e-01  3.098015e-01 -3.383084e-02
     vertex -1.868468e-01 -3.100201e-01 -3.376912e-02
     vertex -1.875083e-01  3.098101e-01 -3.951029e-02
   endloop
 endfacet
 facet normal  9.855331e-01  4.514248e-05 -1.694828e-01
   outer loop
     vertex -1.860912e-01  3.097934e-01 -2.817757e-02
     vertex -1.850857e-01 -3.100370e-01 -2.249573e-02
     vertex -1.860522e-01 -3.100288e-01 -2.811616e-02
   endloop
 endfacet
 facet normal  9.902675e-01  4.844260e-05 -1.391770e-01
   outer loop
     vertex -1.860912e-01  3.097934e-01 -2.817757e-02
     vertex -1.860522e-01 -3.100288e-01 -2.811616e-02
     vertex -1.868857e-01  3.098015e-01 -3.383084e-02
   endloop
 endfacet
 facet normal  9.798241e-01  4.197455e-05 -1.998618e-01
   outer loop
     vertex -1.851247e-01  3.097857e-01 -2.255681e-02
     vertex -1.839472e-01 -3.100448e-01 -1.691414e-02
     vertex -1.850857e-01 -3.100370e-01 -2.249573e-02
   endloop
 endfacet
 facet normal  9.855366e-01  4.533012e-05 -1.694629e-01
   outer loop
     vertex -1.851247e-01  3.097857e-01 -2.255681e-02
     vertex -1.850857e-01 -3.100370e-01 -2.249573e-02
     vertex -1.860912e-01  3.097934e-01 -2.817757e-02
   endloop
 endfacet
 facet normal  9.798286e-01  4.218530e-05 -1.998395e-01
   outer loop
     vertex -1.839863e-01  3.097784e-01 -1.697490e-02
     vertex -1.839472e-01 -3.100448e-01 -1.691414e-02
     vertex -1.851247e-01  3.097857e-01 -2.255681e-02
   endloop
 endfacet
 facet normal  9.731102e-01  3.877207e-05 -2.303399e-01
   outer loop
     vertex -1.839863e-01  3.097784e-01 -1.697490e-02
     vertex -1.826367e-01 -3.100521e-01 -1.137774e-02
     vertex -1.839472e-01 -3.100448e-01 -1.691414e-02
   endloop
 endfacet
 facet normal  9.731161e-01  3.900768e-05 -2.303153e-01
   outer loop
     vertex -1.826758e-01  3.097717e-01 -1.143815e-02
     vertex -1.826367e-01 -3.100521e-01 -1.137774e-02
     vertex -1.839863e-01  3.097784e-01 -1.697490e-02
   endloop
 endfacet
 facet normal  9.653598e-01  3.553471e-05 -2.609222e-01
   outer loop
     vertex -1.826758e-01  3.097717e-01 -1.143815e-02
     vertex -1.811542e-01 -3.100588e-01 -5.892839e-03
     vertex -1.826367e-01 -3.100521e-01 -1.137774e-02
   endloop
 endfacet
 facet normal  9.565376e-01  3.226233e-05 -2.916090e-01
   outer loop
     vertex -1.811934e-01  3.097655e-01 -5.952896e-03
     vertex -1.794997e-01 -3.100650e-01 -4.657680e-04
     vertex -1.811542e-01 -3.100588e-01 -5.892839e-03
   endloop
 endfacet
 facet normal  9.653672e-01  3.579695e-05 -2.608949e-01
   outer loop
     vertex -1.811934e-01  3.097655e-01 -5.952896e-03
     vertex -1.811542e-01 -3.100588e-01 -5.892839e-03
     vertex -1.826758e-01  3.097717e-01 -1.143815e-02
   endloop
 endfacet
 facet normal  9.565468e-01  3.255298e-05 -2.915790e-01
   outer loop
     vertex -1.795390e-01  3.097599e-01 -5.254586e-04
     vertex -1.794997e-01 -3.100650e-01 -4.657680e-04
     vertex -1.811934e-01  3.097655e-01 -5.952896e-03
   endloop
 endfacet
 facet normal  9.466049e-01  2.895505e-05 -3.223960e-01
   outer loop
     vertex -1.795390e-01  3.097599e-01 -5.254586e-04
     vertex -1.776732e-01 -3.100705e-01  4.897148e-03
     vertex -1.794997e-01 -3.100650e-01 -4.657680e-04
   endloop
 endfacet
 facet normal  9.355202e-01  2.561329e-05 -3.532732e-01
   outer loop
     vertex -1.777126e-01  3.097549e-01  4.837835e-03
     vertex -1.756747e-01 -3.100753e-01  1.018958e-02
     vertex -1.776732e-01 -3.100705e-01  4.897148e-03
   endloop
 endfacet
 facet normal  9.466161e-01  2.927589e-05 -3.223632e-01
   outer loop
     vertex -1.777126e-01  3.097549e-01  4.837835e-03
     vertex -1.776732e-01 -3.100705e-01  4.897148e-03
     vertex -1.795390e-01  3.097599e-01 -5.254586e-04
   endloop
 endfacet
 facet normal  9.355337e-01  2.596610e-05 -3.532375e-01
   outer loop
     vertex -1.757141e-01  3.097506e-01  1.013066e-02
     vertex -1.756747e-01 -3.100753e-01  1.018958e-02
     vertex -1.777126e-01  3.097549e-01  4.837835e-03
   endloop
 endfacet
 facet normal  9.232398e-01  2.223792e-05 -3.842243e-01
   outer loop
     vertex -1.757141e-01  3.097506e-01  1.013066e-02
     vertex -1.735041e-01 -3.100794e-01  1.540521e-02
     vertex -1.756747e-01 -3.100753e-01  1.018958e-02
   endloop
 endfacet
 facet normal  9.097182e-01  1.883023e-05 -4.152261e-01
   outer loop
     vertex -1.735436e-01  3.097471e-01  1.534669e-02
     vertex -1.711614e-01 -3.100827e-01  2.053770e-02
     vertex -1.735041e-01 -3.100794e-01  1.540521e-02
   endloop
 endfacet
 facet normal  9.232559e-01  2.262444e-05 -3.841856e-01
   outer loop
     vertex -1.735436e-01  3.097471e-01  1.534669e-02
     vertex -1.735041e-01 -3.100794e-01  1.540521e-02
     vertex -1.757141e-01  3.097506e-01  1.013066e-02
   endloop
 endfacet
 facet normal  9.097373e-01  1.925218e-05 -4.151844e-01
   outer loop
     vertex -1.712011e-01  3.097443e-01  2.047960e-02
     vertex -1.711614e-01 -3.100827e-01  2.053770e-02
     vertex -1.735436e-01  3.097471e-01  1.534669e-02
   endloop
 endfacet
 facet normal  8.949095e-01  1.539209e-05 -4.462476e-01
   outer loop
     vertex -1.712011e-01  3.097443e-01  2.047960e-02
     vertex -1.686467e-01 -3.100851e-01  2.558073e-02
     vertex -1.711614e-01 -3.100827e-01  2.053770e-02
   endloop
 endfacet
 facet normal  8.787678e-01  1.192601e-05 -4.772496e-01
   outer loop
     vertex -1.686865e-01  3.097424e-01  2.552306e-02
     vertex -1.659599e-01 -3.100868e-01  3.052798e-02
     vertex -1.686467e-01 -3.100851e-01  2.558073e-02
   endloop
 endfacet
 facet normal  8.949318e-01  1.585115e-05 -4.462030e-01
   outer loop
     vertex -1.686865e-01  3.097424e-01  2.552306e-02
     vertex -1.686467e-01 -3.100851e-01  2.558073e-02
     vertex -1.712011e-01  3.097443e-01  2.047960e-02
   endloop
 endfacet
 facet normal  8.612486e-01  8.435170e-06 -5.081839e-01
   outer loop
     vertex -1.659998e-01  3.097413e-01  3.047075e-02
     vertex -1.631010e-01 -3.100875e-01  3.537312e-02
     vertex -1.659599e-01 -3.100868e-01  3.052798e-02
   endloop
 endfacet
 facet normal  8.787936e-01  1.242378e-05 -4.772020e-01
   outer loop
     vertex -1.659998e-01  3.097413e-01  3.047075e-02
     vertex -1.659599e-01 -3.100868e-01  3.052798e-02
     vertex -1.686865e-01  3.097424e-01  2.552306e-02
   endloop
 endfacet
 facet normal  8.423102e-01  4.923562e-06 -5.389931e-01
   outer loop
     vertex -1.631410e-01  3.097412e-01  3.531634e-02
     vertex -1.600700e-01 -3.100872e-01  4.010981e-02
     vertex -1.631010e-01 -3.100875e-01  3.537312e-02
   endloop
 endfacet
 facet normal  8.612783e-01  8.973186e-06 -5.081335e-01
   outer loop
     vertex -1.631410e-01  3.097412e-01  3.531634e-02
     vertex -1.631010e-01 -3.100875e-01  3.537312e-02
     vertex -1.659998e-01  3.097413e-01  3.047075e-02
   endloop
 endfacet
 facet normal  8.219150e-01  1.396002e-06 -5.696102e-01
   outer loop
     vertex -1.601101e-01  3.097420e-01  4.005350e-02
     vertex -1.568669e-01 -3.100859e-01  4.473175e-02
     vertex -1.600700e-01 -3.100872e-01  4.010981e-02
   endloop
 endfacet
 facet normal  8.423442e-01  5.503249e-06 -5.389399e-01
   outer loop
     vertex -1.601101e-01  3.097420e-01  4.005350e-02
     vertex -1.600700e-01 -3.100872e-01  4.010981e-02
     vertex -1.631410e-01  3.097412e-01  3.531634e-02
   endloop
 endfacet
 facet normal  8.000312e-01 -2.141797e-06 -5.999584e-01
   outer loop
     vertex -1.569071e-01  3.097438e-01  4.467592e-02
     vertex -1.534916e-01 -3.100836e-01  4.923259e-02
     vertex -1.568669e-01 -3.100859e-01  4.473175e-02
   endloop
 endfacet
 facet normal  8.219536e-01  2.018670e-06 -5.695545e-01
   outer loop
     vertex -1.569071e-01  3.097438e-01  4.467592e-02
     vertex -1.568669e-01 -3.100859e-01  4.473175e-02
     vertex -1.601101e-01  3.097420e-01  4.005350e-02
   endloop
 endfacet
 facet normal  7.766345e-01 -5.683193e-06 -6.299514e-01
   outer loop
     vertex -1.535320e-01  3.097466e-01  4.917726e-02
     vertex -1.499442e-01 -3.100802e-01  5.360601e-02
     vertex -1.534916e-01 -3.100836e-01  4.923259e-02
   endloop
 endfacet
 facet normal  8.000747e-01 -1.474981e-06 -5.999003e-01
   outer loop
     vertex -1.535320e-01  3.097466e-01  4.917726e-02
     vertex -1.534916e-01 -3.100836e-01  4.923259e-02
     vertex -1.569071e-01  3.097438e-01  4.467592e-02
   endloop
 endfacet
 facet normal  7.517100e-01 -9.220603e-06 -6.594938e-01
   outer loop
     vertex -1.499847e-01  3.097506e-01  5.355120e-02
     vertex -1.462246e-01 -3.100757e-01  5.784570e-02
     vertex -1.499442e-01 -3.100802e-01  5.360601e-02
   endloop
 endfacet
 facet normal  7.766833e-01 -4.971226e-06 -6.298913e-01
   outer loop
     vertex -1.499847e-01  3.097506e-01  5.355120e-02
     vertex -1.499442e-01 -3.100802e-01  5.360601e-02
     vertex -1.535320e-01  3.097466e-01  4.917726e-02
   endloop
 endfacet
 facet normal  7.252537e-01 -1.274551e-05 -6.884817e-01
   outer loop
     vertex -1.462653e-01  3.097557e-01  5.779141e-02
     vertex -1.423329e-01 -3.100700e-01  6.194531e-02
     vertex -1.462246e-01 -3.100757e-01  5.784570e-02
   endloop
 endfacet
 facet normal  7.517643e-01 -8.462668e-06 -6.594319e-01
   outer loop
     vertex -1.462653e-01  3.097557e-01  5.779141e-02
     vertex -1.462246e-01 -3.100757e-01  5.784570e-02
     vertex -1.499847e-01  3.097506e-01  5.355120e-02
   endloop
 endfacet
 facet normal  6.972745e-01 -1.624853e-05 -7.168042e-01
   outer loop
     vertex -1.423737e-01  3.097619e-01  6.189156e-02
     vertex -1.382689e-01 -3.100630e-01  6.589853e-02
     vertex -1.423329e-01 -3.100700e-01  6.194531e-02
   endloop
 endfacet
 facet normal  7.253137e-01 -1.194100e-05 -6.884185e-01
   outer loop
     vertex -1.423737e-01  3.097619e-01  6.189156e-02
     vertex -1.423329e-01 -3.100700e-01  6.194531e-02
     vertex -1.462653e-01  3.097557e-01  5.779141e-02
   endloop
 endfacet
 facet normal  6.677957e-01 -1.971943e-05 -7.443446e-01
   outer loop
     vertex -1.383099e-01  3.097694e-01  6.584534e-02
     vertex -1.340328e-01 -3.100548e-01  6.969903e-02
     vertex -1.382689e-01 -3.100630e-01  6.589853e-02
   endloop
 endfacet
 facet normal  6.973404e-01 -1.539706e-05 -7.167401e-01
   outer loop
     vertex -1.383099e-01  3.097694e-01  6.584534e-02
     vertex -1.382689e-01 -3.100630e-01  6.589853e-02
     vertex -1.423737e-01  3.097619e-01  6.189156e-02
   endloop
 endfacet
 facet normal  6.368566e-01 -2.314732e-05 -7.709823e-01
   outer loop
     vertex -1.340739e-01  3.097782e-01  6.964642e-02
     vertex -1.296244e-01 -3.100452e-01  7.334048e-02
     vertex -1.340328e-01 -3.100548e-01  6.969903e-02
   endloop
 endfacet
 facet normal  6.678677e-01 -1.882088e-05 -7.442800e-01
   outer loop
     vertex -1.340739e-01  3.097782e-01  6.964642e-02
     vertex -1.340328e-01 -3.100548e-01  6.969903e-02
     vertex -1.383099e-01  3.097694e-01  6.584534e-02
   endloop
 endfacet
 facet normal  6.045132e-01 -2.652076e-05 -7.965952e-01
   outer loop
     vertex -1.296658e-01  3.097883e-01  7.328846e-02
     vertex -1.250438e-01 -3.100343e-01  7.681656e-02
     vertex -1.296244e-01 -3.100452e-01  7.334048e-02
   endloop
 endfacet
 facet normal  6.369348e-01 -2.220183e-05 -7.709177e-01
   outer loop
     vertex -1.296658e-01  3.097883e-01  7.328846e-02
     vertex -1.296244e-01 -3.100452e-01  7.334048e-02
     vertex -1.340739e-01  3.097782e-01  6.964642e-02
   endloop
 endfacet
 facet normal  5.708388e-01 -2.982795e-05 -8.210622e-01
   outer loop
     vertex -1.250854e-01  3.097998e-01  7.676514e-02
     vertex -1.202910e-01 -3.100220e-01  8.012094e-02
     vertex -1.250438e-01 -3.100343e-01  7.681656e-02
   endloop
 endfacet
 facet normal  6.045974e-01 -2.552875e-05 -7.965312e-01
   outer loop
     vertex -1.250854e-01  3.097998e-01  7.676514e-02
     vertex -1.250438e-01 -3.100343e-01  7.681656e-02
     vertex -1.296658e-01  3.097883e-01  7.328846e-02
   endloop
 endfacet
 facet normal  5.359244e-01 -3.305696e-05 -8.442660e-01
   outer loop
     vertex -1.203328e-01  3.098127e-01  8.007015e-02
     vertex -1.153659e-01 -3.100082e-01  8.324730e-02
     vertex -1.202910e-01 -3.100220e-01  8.012094e-02
   endloop
 endfacet
 facet normal  5.709290e-01 -2.879012e-05 -8.209994e-01
   outer loop
     vertex -1.203328e-01  3.098127e-01  8.007015e-02
     vertex -1.202910e-01 -3.100220e-01  8.012094e-02
     vertex -1.250854e-01  3.097998e-01  7.676514e-02
   endloop
 endfacet
 facet normal  4.998781e-01 -3.619599e-05 -8.660958e-01
   outer loop
     vertex -1.154079e-01  3.098270e-01  8.319714e-02
     vertex -1.102685e-01 -3.099929e-01  8.618930e-02
     vertex -1.153659e-01 -3.100082e-01  8.324730e-02
   endloop
 endfacet
 facet normal  5.360205e-01 -3.197433e-05 -8.442050e-01
   outer loop
     vertex -1.154079e-01  3.098270e-01  8.319714e-02
     vertex -1.153659e-01 -3.100082e-01  8.324730e-02
     vertex -1.203328e-01  3.098127e-01  8.007015e-02
   endloop
 endfacet
 facet normal  4.628238e-01 -3.923359e-05 -8.864503e-01
   outer loop
     vertex -1.103108e-01  3.098428e-01  8.613980e-02
     vertex -1.049989e-01 -3.099761e-01  8.894063e-02
     vertex -1.102685e-01 -3.099929e-01  8.618930e-02
   endloop
 endfacet
 facet normal  4.999797e-01 -3.506985e-05 -8.660371e-01
   outer loop
     vertex -1.103108e-01  3.098428e-01  8.613980e-02
     vertex -1.102685e-01 -3.099929e-01  8.618930e-02
     vertex -1.154079e-01  3.098270e-01  8.319714e-02
   endloop
 endfacet
 facet normal  4.248998e-01 -4.215899e-05 -9.052404e-01
   outer loop
     vertex -1.050414e-01  3.098602e-01  8.889180e-02
     vertex -9.955697e-02 -3.099577e-01  9.149495e-02
     vertex -1.049989e-01 -3.099761e-01  8.894063e-02
   endloop
 endfacet
 facet normal  4.629307e-01 -3.806554e-05 -8.863945e-01
   outer loop
     vertex -1.050414e-01  3.098602e-01  8.889180e-02
     vertex -1.049989e-01 -3.099761e-01  8.894063e-02
     vertex -1.103108e-01  3.098428e-01  8.613980e-02
   endloop
 endfacet
 facet normal  3.862564e-01 -4.496228e-05 -9.223915e-01
   outer loop
     vertex -9.959976e-02  3.098792e-01  9.144682e-02
     vertex -9.394272e-02 -3.099376e-01  9.384595e-02
     vertex -9.955697e-02 -3.099577e-01  9.149495e-02
   endloop
 endfacet
 facet normal  4.250115e-01 -4.095089e-05 -9.051880e-01
   outer loop
     vertex -9.959976e-02  3.098792e-01  9.144682e-02
     vertex -9.955697e-02 -3.099577e-01  9.149495e-02
     vertex -1.050414e-01  3.098602e-01  8.889180e-02
   endloop
 endfacet
 facet normal  3.470531e-01 -4.763474e-05 -9.378455e-01
   outer loop
     vertex -9.398580e-02  3.098998e-01  9.379852e-02
     vertex -8.815616e-02 -3.099159e-01  9.598728e-02
     vertex -9.394272e-02 -3.099376e-01  9.384595e-02
   endloop
 endfacet
 facet normal  3.863723e-01 -4.371627e-05 -9.223429e-01
   outer loop
     vertex -9.398580e-02  3.098998e-01  9.379852e-02
     vertex -9.394272e-02 -3.099376e-01  9.384595e-02
     vertex -9.959976e-02  3.098792e-01  9.144682e-02
   endloop
 endfacet
 facet normal  3.074558e-01 -5.016895e-05 -9.515624e-01
   outer loop
     vertex -8.819953e-02  3.099221e-01  9.594059e-02
     vertex -8.219726e-02 -3.098924e-01  9.791264e-02
     vertex -8.815616e-02 -3.099159e-01  9.598728e-02
   endloop
 endfacet
 facet normal  3.471727e-01 -4.635318e-05 -9.378012e-01
   outer loop
     vertex -8.819953e-02  3.099221e-01  9.594059e-02
     vertex -8.815616e-02 -3.099159e-01  9.598728e-02
     vertex -9.398580e-02  3.098998e-01  9.379852e-02
   endloop
 endfacet
 facet normal  2.676330e-01 -5.255904e-05 -9.635209e-01
   outer loop
     vertex -8.224095e-02  3.099461e-01  9.786669e-02
     vertex -7.606602e-02 -3.098672e-01  9.961569e-02
     vertex -8.219726e-02 -3.098924e-01  9.791264e-02
   endloop
 endfacet
 facet normal  3.075785e-01 -4.885443e-05 -9.515227e-01
   outer loop
     vertex -8.224095e-02  3.099461e-01  9.786669e-02
     vertex -8.219726e-02 -3.098924e-01  9.791264e-02
     vertex -8.819953e-02  3.099221e-01  9.594059e-02
   endloop
 endfacet
 facet normal  2.277532e-01 -5.480074e-05 -9.737189e-01
   outer loop
     vertex -7.611003e-02  3.099719e-01  9.957051e-02
     vertex -6.976241e-02 -3.098402e-01  1.010901e-01
     vertex -7.606602e-02 -3.098672e-01  9.961569e-02
   endloop
 endfacet
 facet normal  2.677582e-01 -5.121432e-05 -9.634861e-01
   outer loop
     vertex -7.611003e-02  3.099719e-01  9.957051e-02
     vertex -7.606602e-02 -3.098672e-01  9.961569e-02
     vertex -8.224095e-02  3.099461e-01  9.786669e-02
   endloop
 endfacet
 facet normal  1.879808e-01 -5.689148e-05 -9.821727e-01
   outer loop
     vertex -6.980677e-02  3.099995e-01  1.010457e-01
     vertex -6.328643e-02 -3.098113e-01  1.023296e-01
     vertex -6.976241e-02 -3.098402e-01  1.010901e-01
   endloop
 endfacet
 facet normal  2.278801e-01 -5.342873e-05 -9.736892e-01
   outer loop
     vertex -6.980677e-02  3.099995e-01  1.010457e-01
     vertex -6.976241e-02 -3.098402e-01  1.010901e-01
     vertex -7.611003e-02  3.099719e-01  9.957051e-02
   endloop
 endfacet
 facet normal  1.881087e-01 -5.549522e-05 -9.821482e-01
   outer loop
     vertex -6.333114e-02  3.100290e-01  1.022860e-01
     vertex -6.328643e-02 -3.098113e-01  1.023296e-01
     vertex -6.980677e-02  3.099995e-01  1.010457e-01
   endloop
 endfacet
 facet normal  1.484736e-01 -5.883037e-05 -9.889164e-01
   outer loop
     vertex -6.333114e-02  3.100290e-01  1.022860e-01
     vertex -5.663806e-02 -3.097805e-01  1.033277e-01
     vertex -6.328643e-02 -3.098113e-01  1.023296e-01
   endloop
 endfacet
 facet normal  1.093799e-01 -6.061817e-05 -9.940000e-01
   outer loop
     vertex -5.668315e-02  3.100604e-01  1.032850e-01
     vertex -4.981729e-02 -3.097477e-01  1.040783e-01
     vertex -5.663806e-02 -3.097805e-01  1.033277e-01
   endloop
 endfacet
 facet normal  1.486018e-01 -5.741296e-05 -9.888971e-01
   outer loop
     vertex -5.668315e-02  3.100604e-01  1.032850e-01
     vertex -5.663806e-02 -3.097805e-01  1.033277e-01
     vertex -6.333114e-02  3.100290e-01  1.022860e-01
   endloop
 endfacet
 facet normal  1.095078e-01 -5.918276e-05 -9.939859e-01
   outer loop
     vertex -4.986278e-02  3.100937e-01  1.040364e-01
     vertex -4.981729e-02 -3.097477e-01  1.040783e-01
     vertex -5.668315e-02  3.100604e-01  1.032850e-01
   endloop
 endfacet
 facet normal  7.083648e-02 -6.225718e-05 -9.974879e-01
   outer loop
     vertex -4.986278e-02  3.100937e-01  1.040364e-01
     vertex -4.282411e-02 -3.097129e-01  1.045749e-01
     vertex -4.981729e-02 -3.097477e-01  1.040783e-01
   endloop
 endfacet
 facet normal  7.096350e-02 -6.080695e-05 -9.974789e-01
   outer loop
     vertex -4.287001e-02  3.101291e-01  1.045338e-01
     vertex -4.282411e-02 -3.097129e-01  1.045749e-01
     vertex -4.986278e-02  3.100937e-01  1.040364e-01
   endloop
 endfacet
 facet normal  3.568210e-02 -6.354391e-05 -9.993632e-01
   outer loop
     vertex -3.670050e-02  3.101612e-01  1.047541e-01
     vertex -4.282411e-02 -3.097129e-01  1.045749e-01
     vertex -4.287001e-02  3.101291e-01  1.045338e-01
   endloop
 endfacet
 facet normal  3.559377e-02 -6.267042e-05 -9.993663e-01
   outer loop
     vertex -3.670050e-02  3.101612e-01  1.047541e-01
     vertex -3.666855e-02 -3.096814e-01  1.047941e-01
     vertex -4.282411e-02 -3.097129e-01  1.045749e-01
   endloop
 endfacet
 facet normal  3.595041e-03 -6.436035e-05 -9.999935e-01
   outer loop
     vertex -3.040273e-02  3.101949e-01  1.047768e-01
     vertex -3.666855e-02 -3.096814e-01  1.047941e-01
     vertex -3.670050e-02  3.101612e-01  1.047541e-01
   endloop
 endfacet
 facet normal  3.580670e-03 -6.421508e-05 -9.999936e-01
   outer loop
     vertex -3.040273e-02  3.101949e-01  1.047768e-01
     vertex -3.038530e-02 -3.096483e-01  1.048166e-01
     vertex -3.666855e-02 -3.096814e-01  1.047941e-01
   endloop
 endfacet
 facet normal  2.200034e-03  1.129040e-04  9.999976e-01
   outer loop
     vertex -3.014044e-02  3.098179e-01 -2.196596e-01
     vertex -3.010980e-02 -3.099777e-01 -2.195897e-01
     vertex -2.111874e-02 -3.099962e-01 -2.196094e-01
   endloop
 endfacet
 facet normal -4.406029e-02  1.108450e-04  9.990289e-01
   outer loop
     vertex -2.114909e-02  3.098001e-01 -2.196796e-01
     vertex -2.111874e-02 -3.099962e-01 -2.196094e-01
     vertex -1.238948e-02 -3.100122e-01 -2.192245e-01
   endloop
 endfacet
 facet normal  2.221780e-03  1.132205e-04  9.999975e-01
   outer loop
     vertex -2.114909e-02  3.098001e-01 -2.196796e-01
     vertex -3.014044e-02  3.098179e-01 -2.196596e-01
     vertex -2.111874e-02 -3.099962e-01 -2.196094e-01
   endloop
 endfacet
 facet normal -4.403687e-02  1.111767e-04  9.990299e-01
   outer loop
     vertex -1.241950e-02  3.097848e-01 -2.192948e-01
     vertex -2.114909e-02  3.098001e-01 -2.196796e-01
     vertex -1.238948e-02 -3.100122e-01 -2.192245e-01
   endloop
 endfacet
 facet normal -9.147762e-02  1.085134e-04  9.958071e-01
   outer loop
     vertex -1.241950e-02  3.097848e-01 -2.192948e-01
     vertex -1.238948e-02 -3.100122e-01 -2.192245e-01
     vertex -3.921948e-03 -3.100258e-01 -2.184466e-01
   endloop
 endfacet
 facet normal -1.398302e-01  1.059069e-04  9.901755e-01
   outer loop
     vertex -3.951616e-03  3.097720e-01 -2.185171e-01
     vertex -3.921948e-03 -3.100258e-01 -2.184466e-01
     vertex  4.283878e-03 -3.100370e-01 -2.172878e-01
   endloop
 endfacet
 facet normal -9.145233e-02  1.088634e-04  9.958094e-01
   outer loop
     vertex -3.951616e-03  3.097720e-01 -2.185171e-01
     vertex -1.241950e-02  3.097848e-01 -2.192948e-01
     vertex -3.921948e-03 -3.100258e-01 -2.184466e-01
   endloop
 endfacet
 facet normal -1.398029e-01  1.062781e-04  9.901793e-01
   outer loop
     vertex  4.254587e-03  3.097614e-01 -2.173585e-01
     vertex -3.951616e-03  3.097720e-01 -2.185171e-01
     vertex  4.283878e-03 -3.100370e-01 -2.172878e-01
   endloop
 endfacet
 facet normal -1.864110e-01  1.031967e-04  9.824718e-01
   outer loop
     vertex  4.254587e-03  3.097614e-01 -2.173585e-01
     vertex  4.283878e-03 -3.100370e-01 -2.172878e-01
     vertex  1.144540e-02 -3.100452e-01 -2.159290e-01
   endloop
 endfacet
 facet normal -1.863816e-01  1.035514e-04  9.824774e-01
   outer loop
     vertex  1.141647e-02  3.097539e-01 -2.159998e-01
     vertex  4.254587e-03  3.097614e-01 -2.173585e-01
     vertex  1.144540e-02 -3.100452e-01 -2.159290e-01
   endloop
 endfacet
 facet normal -2.286580e-01  1.005531e-04  9.735068e-01
   outer loop
     vertex  1.141647e-02  3.097539e-01 -2.159998e-01
     vertex  1.144540e-02 -3.100452e-01 -2.159290e-01
     vertex  1.770959e-02 -3.100511e-01 -2.144577e-01
   endloop
 endfacet
 facet normal -2.286266e-01  1.008907e-04  9.735142e-01
   outer loop
     vertex  1.768100e-02  3.097486e-01 -2.145286e-01
     vertex  1.141647e-02  3.097539e-01 -2.159998e-01
     vertex  1.770959e-02 -3.100511e-01 -2.144577e-01
   endloop
 endfacet
 facet normal -2.687791e-01  9.785823e-05  9.632018e-01
   outer loop
     vertex  1.768100e-02  3.097486e-01 -2.145286e-01
     vertex  1.770959e-02 -3.100511e-01 -2.144577e-01
     vertex  2.380214e-02 -3.100556e-01 -2.127575e-01
   endloop
 endfacet
 facet normal -2.687458e-01  9.821435e-05  9.632111e-01
   outer loop
     vertex  2.377391e-02  3.097447e-01 -2.128286e-01
     vertex  1.768100e-02  3.097486e-01 -2.145286e-01
     vertex  2.380214e-02 -3.100556e-01 -2.127575e-01
   endloop
 endfacet
 facet normal -3.088323e-01  9.500147e-05  9.511165e-01
   outer loop
     vertex  2.377391e-02  3.097447e-01 -2.128286e-01
     vertex  2.380214e-02 -3.100556e-01 -2.127575e-01
     vertex  2.972309e-02 -3.100587e-01 -2.108350e-01
   endloop
 endfacet
 facet normal -3.087970e-01  9.537723e-05  9.511280e-01
   outer loop
     vertex  2.969523e-02  3.097421e-01 -2.109062e-01
     vertex  2.377391e-02  3.097447e-01 -2.128286e-01
     vertex  2.972309e-02 -3.100587e-01 -2.108350e-01
   endloop
 endfacet
 facet normal -3.486456e-01  9.199239e-05  9.372546e-01
   outer loop
     vertex  2.969523e-02  3.097421e-01 -2.109062e-01
     vertex  2.972309e-02 -3.100587e-01 -2.108350e-01
     vertex  3.547246e-02 -3.100605e-01 -2.086963e-01
   endloop
 endfacet
 facet normal -3.486084e-01  9.238881e-05  9.372685e-01
   outer loop
     vertex  3.544499e-02  3.097408e-01 -2.087676e-01
     vertex  2.969523e-02  3.097421e-01 -2.109062e-01
     vertex  3.547246e-02 -3.100605e-01 -2.086963e-01
   endloop
 endfacet
 facet normal -3.880471e-01  8.884239e-05  9.216396e-01
   outer loop
     vertex  3.544499e-02  3.097408e-01 -2.087676e-01
     vertex  3.547246e-02 -3.100605e-01 -2.086963e-01
     vertex  4.105026e-02 -3.100611e-01 -2.063478e-01
   endloop
 endfacet
 facet normal -3.880080e-01  8.926033e-05  9.216560e-01
   outer loop
     vertex  4.102319e-02  3.097408e-01 -2.064192e-01
     vertex  3.544499e-02  3.097408e-01 -2.087676e-01
     vertex  4.105026e-02 -3.100611e-01 -2.063478e-01
   endloop
 endfacet
 facet normal -4.268678e-01  8.556452e-05  9.043140e-01
   outer loop
     vertex  4.102319e-02  3.097408e-01 -2.064192e-01
     vertex  4.105026e-02 -3.100611e-01 -2.063478e-01
     vertex  4.645653e-02 -3.100605e-01 -2.037959e-01
   endloop
 endfacet
 facet normal -4.268269e-01  8.600470e-05  9.043333e-01
   outer loop
     vertex  4.642987e-02  3.097420e-01 -2.038674e-01
     vertex  4.102319e-02  3.097408e-01 -2.064192e-01
     vertex  4.645653e-02 -3.100605e-01 -2.037959e-01
   endloop
 endfacet
 facet normal -4.649457e-01  8.217318e-05  8.853392e-01
   outer loop
     vertex  4.642987e-02  3.097420e-01 -2.038674e-01
     vertex  4.645653e-02 -3.100605e-01 -2.037959e-01
     vertex  5.169128e-02 -3.100587e-01 -2.010468e-01
   endloop
 endfacet
 facet normal -5.021286e-01  7.868389e-05  8.647930e-01
   outer loop
     vertex  5.166505e-02  3.097444e-01 -2.011184e-01
     vertex  5.169128e-02 -3.100587e-01 -2.010468e-01
     vertex  5.675453e-02 -3.100557e-01 -1.981069e-01
   endloop
 endfacet
 facet normal -4.649031e-01  8.263619e-05  8.853615e-01
   outer loop
     vertex  5.166505e-02  3.097444e-01 -2.011184e-01
     vertex  4.642987e-02  3.097420e-01 -2.038674e-01
     vertex  5.169128e-02 -3.100587e-01 -2.010468e-01
   endloop
 endfacet
 facet normal -5.382768e-01  7.511290e-05  8.427681e-01
   outer loop
     vertex  5.672874e-02  3.097479e-01 -1.981786e-01
     vertex  5.675453e-02 -3.100557e-01 -1.981069e-01
     vertex  6.164631e-02 -3.100517e-01 -1.949825e-01
   endloop
 endfacet
 facet normal -5.020845e-01  7.917017e-05  8.648186e-01
   outer loop
     vertex  5.672874e-02  3.097479e-01 -1.981786e-01
     vertex  5.166505e-02  3.097444e-01 -2.011184e-01
     vertex  5.675453e-02 -3.100557e-01 -1.981069e-01
   endloop
 endfacet
 facet normal -5.732657e-01  7.147684e-05  8.193695e-01
   outer loop
     vertex  6.162097e-02  3.097524e-01 -1.950543e-01
     vertex  6.164631e-02 -3.100517e-01 -1.949825e-01
     vertex  6.636664e-02 -3.100466e-01 -1.916800e-01
   endloop
 endfacet
 facet normal -5.382314e-01  7.562275e-05  8.427971e-01
   outer loop
     vertex  6.162097e-02  3.097524e-01 -1.950543e-01
     vertex  5.672874e-02  3.097479e-01 -1.981786e-01
     vertex  6.164631e-02 -3.100517e-01 -1.949825e-01
   endloop
 endfacet
 facet normal -6.069873e-01  6.779236e-05  7.947115e-01
   outer loop
     vertex  6.634176e-02  3.097581e-01 -1.917518e-01
     vertex  6.636664e-02 -3.100466e-01 -1.916800e-01
     vertex  7.091554e-02 -3.100406e-01 -1.882056e-01
   endloop
 endfacet
 facet normal -5.732192e-01  7.201041e-05  8.194021e-01
   outer loop
     vertex  6.634176e-02  3.097581e-01 -1.917518e-01
     vertex  6.162097e-02  3.097524e-01 -1.950543e-01
     vertex  6.636664e-02 -3.100466e-01 -1.916800e-01
   endloop
 endfacet
 facet normal -6.393512e-01  6.407582e-05  7.689148e-01
   outer loop
     vertex  7.089114e-02  3.097647e-01 -1.882775e-01
     vertex  7.091554e-02 -3.100406e-01 -1.882056e-01
     vertex  7.529303e-02 -3.100335e-01 -1.845657e-01
   endloop
 endfacet
 facet normal -6.069399e-01  6.834970e-05  7.947477e-01
   outer loop
     vertex  7.089114e-02  3.097647e-01 -1.882775e-01
     vertex  6.634176e-02  3.097581e-01 -1.917518e-01
     vertex  7.091554e-02 -3.100406e-01 -1.882056e-01
   endloop
 endfacet
 facet normal -6.702851e-01  6.034294e-05  7.421037e-01
   outer loop
     vertex  7.526912e-02  3.097723e-01 -1.846377e-01
     vertex  7.529303e-02 -3.100335e-01 -1.845657e-01
     vertex  7.949913e-02 -3.100256e-01 -1.807667e-01
   endloop
 endfacet
 facet normal -6.393031e-01  6.465683e-05  7.689548e-01
   outer loop
     vertex  7.526912e-02  3.097723e-01 -1.846377e-01
     vertex  7.089114e-02  3.097647e-01 -1.882775e-01
     vertex  7.529303e-02 -3.100335e-01 -1.845657e-01
   endloop
 endfacet
 facet normal -6.997345e-01  5.660856e-05  7.144030e-01
   outer loop
     vertex  7.947572e-02  3.097808e-01 -1.808387e-01
     vertex  7.949913e-02 -3.100256e-01 -1.807667e-01
     vertex  8.353388e-02 -3.100168e-01 -1.768148e-01
   endloop
 endfacet
 facet normal -6.702366e-01  6.094744e-05  7.421475e-01
   outer loop
     vertex  7.947572e-02  3.097808e-01 -1.808387e-01
     vertex  7.526912e-02  3.097723e-01 -1.846377e-01
     vertex  7.949913e-02 -3.100256e-01 -1.807667e-01
   endloop
 endfacet
 facet normal -7.276624e-01  5.288643e-05  6.859355e-01
   outer loop
     vertex  8.351098e-02  3.097901e-01 -1.768868e-01
     vertex  8.353388e-02 -3.100168e-01 -1.768148e-01
     vertex  8.739728e-02 -3.100071e-01 -1.727163e-01
   endloop
 endfacet
 facet normal -6.996859e-01  5.723627e-05  7.144506e-01
   outer loop
     vertex  8.351098e-02  3.097901e-01 -1.768868e-01
     vertex  7.947572e-02  3.097808e-01 -1.808387e-01
     vertex  8.353388e-02 -3.100168e-01 -1.768148e-01
   endloop
 endfacet
 facet normal -7.540476e-01  4.918901e-05  6.568198e-01
   outer loop
     vertex  8.737490e-02  3.098003e-01 -1.727885e-01
     vertex  8.739728e-02 -3.100071e-01 -1.727163e-01
     vertex  9.108936e-02 -3.099967e-01 -1.684777e-01
   endloop
 endfacet
 facet normal -7.276139e-01  5.353697e-05  6.859869e-01
   outer loop
     vertex  8.737490e-02  3.098003e-01 -1.727885e-01
     vertex  8.351098e-02  3.097901e-01 -1.768868e-01
     vertex  8.739728e-02 -3.100071e-01 -1.727163e-01
   endloop
 endfacet
 facet normal -7.788836e-01  4.552738e-05  6.271685e-01
   outer loop
     vertex  9.106751e-02  3.098113e-01 -1.685499e-01
     vertex  9.108936e-02 -3.099967e-01 -1.684777e-01
     vertex  9.461015e-02 -3.099855e-01 -1.641052e-01
   endloop
 endfacet
 facet normal -7.539994e-01  4.986194e-05  6.568751e-01
   outer loop
     vertex  9.106751e-02  3.098113e-01 -1.685499e-01
     vertex  8.737490e-02  3.098003e-01 -1.727885e-01
     vertex  9.108936e-02 -3.099967e-01 -1.684777e-01
   endloop
 endfacet
 facet normal -8.021769e-01  4.191120e-05  5.970864e-01
   outer loop
     vertex  9.458884e-02  3.098231e-01 -1.641774e-01
     vertex  9.461015e-02 -3.099855e-01 -1.641052e-01
     vertex  9.795966e-02 -3.099736e-01 -1.596052e-01
   endloop
 endfacet
 facet normal -7.788361e-01  4.622221e-05  6.272275e-01
   outer loop
     vertex  9.458884e-02  3.098231e-01 -1.641774e-01
     vertex  9.106751e-02  3.098113e-01 -1.685499e-01
     vertex  9.461015e-02 -3.099855e-01 -1.641052e-01
   endloop
 endfacet
 facet normal -8.239452e-01  3.834863e-05  5.666695e-01
   outer loop
     vertex  9.793889e-02  3.098355e-01 -1.596774e-01
     vertex  9.795966e-02 -3.099736e-01 -1.596052e-01
     vertex  1.011379e-01 -3.099610e-01 -1.549840e-01
   endloop
 endfacet
 facet normal -8.021303e-01  4.262737e-05  5.971491e-01
   outer loop
     vertex  9.793889e-02  3.098355e-01 -1.596774e-01
     vertex  9.458884e-02  3.098231e-01 -1.641774e-01
     vertex  9.795966e-02 -3.099736e-01 -1.596052e-01
   endloop
 endfacet
 facet normal -8.442152e-01  3.484643e-05  5.360044e-01
   outer loop
     vertex  1.011177e-01  3.098486e-01 -1.550561e-01
     vertex  1.011379e-01 -3.099610e-01 -1.549840e-01
     vertex  1.041450e-01 -3.099479e-01 -1.502479e-01
   endloop
 endfacet
 facet normal -8.238996e-01  3.908558e-05  5.667358e-01
   outer loop
     vertex  1.011177e-01  3.098486e-01 -1.550561e-01
     vertex  9.793889e-02  3.098355e-01 -1.596774e-01
     vertex  1.011379e-01 -3.099610e-01 -1.549840e-01
   endloop
 endfacet
 facet normal -8.630212e-01  3.140996e-05  5.051678e-01
   outer loop
     vertex  1.041253e-01  3.098623e-01 -1.503200e-01
     vertex  1.041450e-01 -3.099479e-01 -1.502479e-01
     vertex  1.069808e-01 -3.099341e-01 -1.454032e-01
   endloop
 endfacet
 facet normal -8.441709e-01  3.560355e-05  5.360741e-01
   outer loop
     vertex  1.041253e-01  3.098623e-01 -1.503200e-01
     vertex  1.011177e-01  3.098486e-01 -1.550561e-01
     vertex  1.041450e-01 -3.099479e-01 -1.502479e-01
   endloop
 endfacet
 facet normal -8.804030e-01  2.804326e-05  4.742263e-01
   outer loop
     vertex  1.069617e-01  3.098766e-01 -1.454753e-01
     vertex  1.069808e-01 -3.099341e-01 -1.454032e-01
     vertex  1.096454e-01 -3.099198e-01 -1.404563e-01
   endloop
 endfacet
 facet normal -8.629784e-01  3.218663e-05  5.052408e-01
   outer loop
     vertex  1.069617e-01  3.098766e-01 -1.454753e-01
     vertex  1.041253e-01  3.098623e-01 -1.503200e-01
     vertex  1.069808e-01 -3.099341e-01 -1.454032e-01
   endloop
 endfacet
 facet normal -8.964045e-01  2.474919e-05  4.432369e-01
   outer loop
     vertex  1.096269e-01  3.098914e-01 -1.405283e-01
     vertex  1.096454e-01 -3.099198e-01 -1.404563e-01
     vertex  1.121389e-01 -3.099051e-01 -1.354135e-01
   endloop
 endfacet
 facet normal -8.803619e-01  2.883887e-05  4.743026e-01
   outer loop
     vertex  1.096269e-01  3.098914e-01 -1.405283e-01
     vertex  1.069617e-01  3.098766e-01 -1.454753e-01
     vertex  1.096454e-01 -3.099198e-01 -1.404563e-01
   endloop
 endfacet
 facet normal -9.110721e-01  2.152950e-05  4.122470e-01
   outer loop
     vertex  1.121210e-01  3.099067e-01 -1.354855e-01
     vertex  1.121389e-01 -3.099051e-01 -1.354135e-01
     vertex  1.144612e-01 -3.098899e-01 -1.302811e-01
   endloop
 endfacet
 facet normal -8.963653e-01  2.556312e-05  4.433163e-01
   outer loop
     vertex  1.121210e-01  3.099067e-01 -1.354855e-01
     vertex  1.096269e-01  3.098914e-01 -1.405283e-01
     vertex  1.121389e-01 -3.099051e-01 -1.354135e-01
   endloop
 endfacet
 facet normal -9.244535e-01  1.838494e-05  3.812948e-01
   outer loop
     vertex  1.144439e-01  3.099225e-01 -1.303530e-01
     vertex  1.144612e-01 -3.098899e-01 -1.302811e-01
     vertex  1.166124e-01 -3.098742e-01 -1.250655e-01
   endloop
 endfacet
 facet normal -9.110349e-01  2.236115e-05  4.123293e-01
   outer loop
     vertex  1.144439e-01  3.099225e-01 -1.303530e-01
     vertex  1.121210e-01  3.099067e-01 -1.354855e-01
     vertex  1.144612e-01 -3.098899e-01 -1.302811e-01
   endloop
 endfacet
 facet normal -9.365963e-01  1.531541e-05  3.504104e-01
   outer loop
     vertex  1.165957e-01  3.099386e-01 -1.251373e-01
     vertex  1.166124e-01 -3.098742e-01 -1.250655e-01
     vertex  1.185925e-01 -3.098582e-01 -1.197729e-01
   endloop
 endfacet
 facet normal -9.244184e-01  1.923372e-05  3.813799e-01
   outer loop
     vertex  1.165957e-01  3.099386e-01 -1.251373e-01
     vertex  1.144439e-01  3.099225e-01 -1.303530e-01
     vertex  1.166124e-01 -3.098742e-01 -1.250655e-01
   endloop
 endfacet
 facet normal -9.475472e-01  1.232004e-05  3.196160e-01
   outer loop
     vertex  1.185764e-01  3.099551e-01 -1.198447e-01
     vertex  1.185925e-01 -3.098582e-01 -1.197729e-01
     vertex  1.204016e-01 -3.098419e-01 -1.144098e-01
   endloop
 endfacet
 facet normal -9.365634e-01  1.618077e-05  3.504981e-01
   outer loop
     vertex  1.185764e-01  3.099551e-01 -1.198447e-01
     vertex  1.165957e-01  3.099386e-01 -1.251373e-01
     vertex  1.185925e-01 -3.098582e-01 -1.197729e-01
   endloop
 endfacet
 facet normal -9.573512e-01  9.397349e-06  2.889268e-01
   outer loop
     vertex  1.203860e-01  3.099720e-01 -1.144814e-01
     vertex  1.204016e-01 -3.098419e-01 -1.144098e-01
     vertex  1.220396e-01 -3.098254e-01 -1.089824e-01
   endloop
 endfacet
 facet normal -9.475167e-01  1.320144e-05  3.197063e-01
   outer loop
     vertex  1.203860e-01  3.099720e-01 -1.144814e-01
     vertex  1.185764e-01  3.099551e-01 -1.198447e-01
     vertex  1.204016e-01 -3.098419e-01 -1.144098e-01
   endloop
 endfacet
 facet normal -9.660509e-01  6.545275e-06  2.583517e-01
   outer loop
     vertex  1.220246e-01  3.099891e-01 -1.090539e-01
     vertex  1.220396e-01 -3.098254e-01 -1.089824e-01
     vertex  1.235065e-01 -3.098085e-01 -1.034970e-01
   endloop
 endfacet
 facet normal -9.573232e-01  1.029428e-05  2.890195e-01
   outer loop
     vertex  1.220246e-01  3.099891e-01 -1.090539e-01
     vertex  1.203860e-01  3.099720e-01 -1.144814e-01
     vertex  1.220396e-01 -3.098254e-01 -1.089824e-01
   endloop
 endfacet
 facet normal -9.736860e-01  3.761338e-06  2.278940e-01
   outer loop
     vertex  1.234922e-01  3.100064e-01 -1.035684e-01
     vertex  1.235065e-01 -3.098085e-01 -1.034970e-01
     vertex  1.248025e-01 -3.097915e-01 -9.796003e-02
   endloop
 endfacet
 facet normal -9.660255e-01  7.457279e-06  2.584466e-01
   outer loop
     vertex  1.234922e-01  3.100064e-01 -1.035684e-01
     vertex  1.220246e-01  3.099891e-01 -1.090539e-01
     vertex  1.235065e-01 -3.098085e-01 -1.034970e-01
   endloop
 endfacet
 facet normal -9.736632e-01  4.687980e-06  2.279911e-01
   outer loop
     vertex  1.247888e-01  3.100240e-01 -9.803128e-02
     vertex  1.234922e-01  3.100064e-01 -1.035684e-01
     vertex  1.248025e-01 -3.097915e-01 -9.796003e-02
   endloop
 endfacet
 facet normal -9.802924e-01  1.042699e-06  1.975521e-01
   outer loop
     vertex  1.247888e-01  3.100240e-01 -9.803128e-02
     vertex  1.248025e-01 -3.097915e-01 -9.796003e-02
     vertex  1.259274e-01 -3.097744e-01 -9.237779e-02
   endloop
 endfacet
 facet normal -9.859026e-01 -1.613751e-06  1.673202e-01
   outer loop
     vertex  1.259143e-01  3.100417e-01 -9.244887e-02
     vertex  1.259274e-01 -3.097744e-01 -9.237779e-02
     vertex  1.268814e-01 -3.097571e-01 -8.675658e-02
   endloop
 endfacet
 facet normal -9.802724e-01  1.983589e-06  1.976512e-01
   outer loop
     vertex  1.259143e-01  3.100417e-01 -9.244887e-02
     vertex  1.247888e-01  3.100240e-01 -9.803128e-02
     vertex  1.259274e-01 -3.097744e-01 -9.237779e-02
   endloop
 endfacet
 facet normal -9.905449e-01 -4.211319e-06  1.371889e-01
   outer loop
     vertex  1.268689e-01  3.100595e-01 -8.682749e-02
     vertex  1.268814e-01 -3.097571e-01 -8.675658e-02
     vertex  1.276644e-01 -3.097398e-01 -8.110274e-02
   endloop
 endfacet
 facet normal -9.858855e-01 -6.589608e-07  1.674212e-01
   outer loop
     vertex  1.268689e-01  3.100595e-01 -8.682749e-02
     vertex  1.259143e-01  3.100417e-01 -9.244887e-02
     vertex  1.268814e-01 -3.097571e-01 -8.675658e-02
   endloop
 endfacet
 facet normal -9.942433e-01 -6.753441e-06  1.071457e-01
   outer loop
     vertex  1.276526e-01  3.100773e-01 -8.117347e-02
     vertex  1.276644e-01 -3.097398e-01 -8.110274e-02
     vertex  1.282766e-01 -3.097224e-01 -7.542261e-02
   endloop
 endfacet
 facet normal -9.905307e-01 -3.242931e-06  1.372917e-01
   outer loop
     vertex  1.276526e-01  3.100773e-01 -8.117347e-02
     vertex  1.268689e-01  3.100595e-01 -8.682749e-02
     vertex  1.276644e-01 -3.097398e-01 -8.110274e-02
   endloop
 endfacet
 facet normal -9.942321e-01 -5.771711e-06  1.072503e-01
   outer loop
     vertex  1.282654e-01  3.100952e-01 -7.549312e-02
     vertex  1.276526e-01  3.100773e-01 -8.117347e-02
     vertex  1.282766e-01 -3.097224e-01 -7.542261e-02
   endloop
 endfacet
 facet normal -9.970175e-01 -9.243619e-06  7.717588e-02
   outer loop
     vertex  1.282654e-01  3.100952e-01 -7.549312e-02
     vertex  1.282766e-01 -3.097224e-01 -7.542261e-02
     vertex  1.287178e-01 -3.097051e-01 -6.972249e-02
   endloop
 endfacet
 facet normal -9.970093e-01 -8.248757e-06  7.728209e-02
   outer loop
     vertex  1.287072e-01  3.101131e-01 -6.979279e-02
     vertex  1.282654e-01  3.100952e-01 -7.549312e-02
     vertex  1.287178e-01 -3.097051e-01 -6.972249e-02
   endloop
 endfacet
 facet normal -9.988774e-01 -1.167306e-05  4.737056e-02
   outer loop
     vertex  1.289782e-01  3.101309e-01 -6.407879e-02
     vertex  1.287072e-01  3.101131e-01 -6.979279e-02
     vertex  1.287178e-01 -3.097051e-01 -6.972249e-02
   endloop
 endfacet
 facet normal -9.988825e-01 -1.068980e-05  4.726280e-02
   outer loop
     vertex  1.289782e-01  3.101309e-01 -6.407879e-02
     vertex  1.287178e-01 -3.097051e-01 -6.972249e-02
     vertex  1.289881e-01 -3.096879e-01 -6.400873e-02
   endloop
 endfacet
 facet normal -9.998469e-01 -1.406980e-05  1.749767e-02
   outer loop
     vertex  1.290783e-01  3.101486e-01 -5.835746e-02
     vertex  1.289782e-01  3.101309e-01 -6.407879e-02
     vertex  1.289881e-01 -3.096879e-01 -6.400873e-02
   endloop
 endfacet
 facet normal -9.998488e-01 -1.307380e-05  1.738846e-02
   outer loop
     vertex  1.290783e-01  3.101486e-01 -5.835746e-02
     vertex  1.289881e-01 -3.096879e-01 -6.400873e-02
     vertex  1.290876e-01 -3.096707e-01 -5.828765e-02
   endloop
 endfacet
 facet normal -9.999223e-01 -1.541631e-05 -1.246597e-02
   outer loop
     vertex  1.290076e-01  3.101661e-01 -5.263512e-02
     vertex  1.290876e-01 -3.096707e-01 -5.828765e-02
     vertex  1.290163e-01 -3.096537e-01 -5.256558e-02
   endloop
 endfacet
 facet normal -9.999237e-01 -1.642498e-05 -1.235538e-02
   outer loop
     vertex  1.290076e-01  3.101661e-01 -5.263512e-02
     vertex  1.290783e-01  3.101486e-01 -5.835746e-02
     vertex  1.290876e-01 -3.096707e-01 -5.828765e-02
   endloop
 endfacet
 facet normal -9.991041e-01 -1.772051e-05 -4.231962e-02
   outer loop
     vertex  1.287661e-01  3.101835e-01 -4.691809e-02
     vertex  1.290163e-01 -3.096537e-01 -5.256558e-02
     vertex  1.287742e-01 -3.096369e-01 -4.684883e-02
   endloop
 endfacet
 facet normal -9.991089e-01 -1.874188e-05 -4.220773e-02
   outer loop
     vertex  1.287661e-01  3.101835e-01 -4.691809e-02
     vertex  1.290076e-01  3.101661e-01 -5.263512e-02
     vertex  1.290163e-01 -3.096537e-01 -5.256558e-02
   endloop
 endfacet
 facet normal -9.973908e-01 -1.998946e-05 -7.219148e-02
   outer loop
     vertex  1.283538e-01  3.102006e-01 -4.121271e-02
     vertex  1.287742e-01 -3.096369e-01 -4.684883e-02
     vertex  1.283612e-01 -3.096203e-01 -4.114376e-02
   endloop
 endfacet
 facet normal -9.973990e-01 -2.102358e-05 -7.207837e-02
   outer loop
     vertex  1.283538e-01  3.102006e-01 -4.121271e-02
     vertex  1.287661e-01  3.101835e-01 -4.691809e-02
     vertex  1.287742e-01 -3.096369e-01 -4.684883e-02
   endloop
 endfacet
 facet normal -9.947741e-01 -2.222598e-05 -1.020999e-01
   outer loop
     vertex  1.277707e-01  3.102174e-01 -3.552530e-02
     vertex  1.283612e-01 -3.096203e-01 -4.114376e-02
     vertex  1.277775e-01 -3.096040e-01 -3.545666e-02
   endloop
 endfacet
 facet normal -9.947859e-01 -2.327296e-05 -1.019857e-01
   outer loop
     vertex  1.277707e-01  3.102174e-01 -3.552530e-02
     vertex  1.283538e-01  3.102006e-01 -4.121271e-02
     vertex  1.283612e-01 -3.096203e-01 -4.114376e-02
   endloop
 endfacet
 facet normal -9.912414e-01 -2.443262e-05 -1.320621e-01
   outer loop
     vertex  1.270169e-01  3.102339e-01 -2.986219e-02
     vertex  1.277775e-01 -3.096040e-01 -3.545666e-02
     vertex  1.270231e-01 -3.095880e-01 -2.979389e-02
   endloop
 endfacet
 facet normal -9.912568e-01 -2.549263e-05 -1.319468e-01
   outer loop
     vertex  1.270169e-01  3.102339e-01 -2.986219e-02
     vertex  1.277707e-01  3.102174e-01 -3.552530e-02
     vertex  1.277775e-01 -3.096040e-01 -3.545666e-02
   endloop
 endfacet
 facet normal -9.867754e-01 -2.661167e-05 -1.620937e-01
   outer loop
     vertex  1.260924e-01  3.102501e-01 -2.422971e-02
     vertex  1.270231e-01 -3.095880e-01 -2.979389e-02
     vertex  1.260979e-01 -3.095724e-01 -2.416176e-02
   endloop
 endfacet
 facet normal -9.867945e-01 -2.768492e-05 -1.619774e-01
   outer loop
     vertex  1.260924e-01  3.102501e-01 -2.422971e-02
     vertex  1.270169e-01  3.102339e-01 -2.986219e-02
     vertex  1.270231e-01 -3.095880e-01 -2.979389e-02
   endloop
 endfacet
 facet normal -9.813772e-01 -2.985182e-05 -1.920907e-01
   outer loop
     vertex  1.249971e-01  3.102659e-01 -1.863418e-02
     vertex  1.260924e-01  3.102501e-01 -2.422971e-02
     vertex  1.260979e-01 -3.095724e-01 -2.416176e-02
   endloop
 endfacet
 facet normal -9.813542e-01 -2.876505e-05 -1.922080e-01
   outer loop
     vertex  1.249971e-01  3.102659e-01 -1.863418e-02
     vertex  1.260979e-01 -3.095724e-01 -2.416176e-02
     vertex  1.250020e-01 -3.095572e-01 -1.856660e-02
   endloop
 endfacet
 facet normal -9.749519e-01 -3.089432e-05 -2.224157e-01
   outer loop
     vertex  1.237312e-01  3.102812e-01 -1.308192e-02
     vertex  1.250020e-01 -3.095572e-01 -1.856660e-02
     vertex  1.237355e-01 -3.095424e-01 -1.301473e-02
   endloop
 endfacet
 facet normal -9.749789e-01 -3.199494e-05 -2.222976e-01
   outer loop
     vertex  1.237312e-01  3.102812e-01 -1.308192e-02
     vertex  1.249971e-01  3.102659e-01 -1.863418e-02
     vertex  1.250020e-01 -3.095572e-01 -1.856660e-02
   endloop
 endfacet
 facet normal -9.675694e-01 -3.411545e-05 -2.526052e-01
   outer loop
     vertex  1.222946e-01  3.102960e-01 -7.579277e-03
     vertex  1.237312e-01  3.102812e-01 -1.308192e-02
     vertex  1.237355e-01 -3.095424e-01 -1.301473e-02
   endloop
 endfacet
 facet normal -9.675384e-01 -3.300060e-05 -2.527241e-01
   outer loop
     vertex  1.222946e-01  3.102960e-01 -7.579277e-03
     vertex  1.237355e-01 -3.095424e-01 -1.301473e-02
     vertex  1.222983e-01 -3.095281e-01 -7.512497e-03
   endloop
 endfacet
 facet normal -9.590796e-01 -3.508457e-05 -2.831366e-01
   outer loop
     vertex  1.206874e-01  3.103103e-01 -2.132564e-03
     vertex  1.222983e-01 -3.095281e-01 -7.512497e-03
     vertex  1.206905e-01 -3.095144e-01 -2.066212e-03
   endloop
 endfacet
 facet normal -9.591149e-01 -3.621408e-05 -2.830170e-01
   outer loop
     vertex  1.206874e-01  3.103103e-01 -2.132564e-03
     vertex  1.222946e-01  3.102960e-01 -7.579277e-03
     vertex  1.222983e-01 -3.095281e-01 -7.512497e-03
   endloop
 endfacet
 facet normal -9.495777e-01 -3.829103e-05 -3.135318e-01
   outer loop
     vertex  1.189095e-01  3.103240e-01  3.251888e-03
     vertex  1.206874e-01  3.103103e-01 -2.132564e-03
     vertex  1.206905e-01 -3.095144e-01 -2.066212e-03
   endloop
 endfacet
 facet normal -9.495380e-01 -3.714636e-05 -3.136519e-01
   outer loop
     vertex  1.189095e-01  3.103240e-01  3.251888e-03
     vertex  1.206905e-01 -3.095144e-01 -2.066212e-03
     vertex  1.189120e-01 -3.095012e-01  3.317793e-03
   endloop
 endfacet
 facet normal -9.388730e-01 -3.918556e-05 -3.442636e-01
   outer loop
     vertex  1.169611e-01  3.103371e-01  8.567753e-03
     vertex  1.189120e-01 -3.095012e-01  3.317793e-03
     vertex  1.169630e-01 -3.094886e-01  8.633191e-03
   endloop
 endfacet
 facet normal -9.389172e-01 -4.034594e-05 -3.441430e-01
   outer loop
     vertex  1.169611e-01  3.103371e-01  8.567753e-03
     vertex  1.189095e-01  3.103240e-01  3.251888e-03
     vertex  1.189120e-01 -3.095012e-01  3.317793e-03
   endloop
 endfacet
 facet normal -9.270902e-01 -4.237783e-05 -3.748384e-01
   outer loop
     vertex  1.148421e-01  3.103495e-01  1.380870e-02
     vertex  1.169611e-01  3.103371e-01  8.567753e-03
     vertex  1.169630e-01 -3.094886e-01  8.633191e-03
   endloop
 endfacet
 facet normal -9.270413e-01 -4.120116e-05 -3.749593e-01
   outer loop
     vertex  1.148421e-01  3.103495e-01  1.380870e-02
     vertex  1.169630e-01 -3.094886e-01  8.633191e-03
     vertex  1.148434e-01 -3.094767e-01  1.387365e-02
   endloop
 endfacet
 facet normal -9.139975e-01 -4.319149e-05 -4.057199e-01
   outer loop
     vertex  1.125525e-01  3.103612e-01  1.896841e-02
     vertex  1.148434e-01 -3.094767e-01  1.387365e-02
     vertex  1.125532e-01 -3.094656e-01  1.903286e-02
   endloop
 endfacet
 facet normal -9.140512e-01 -4.438509e-05 -4.055989e-01
   outer loop
     vertex  1.125525e-01  3.103612e-01  1.896841e-02
     vertex  1.148421e-01  3.103495e-01  1.380870e-02
     vertex  1.148434e-01 -3.094767e-01  1.387365e-02
   endloop
 endfacet
 facet normal -8.997538e-01 -4.636539e-05 -4.363979e-01
   outer loop
     vertex  1.100924e-01  3.103722e-01  2.404055e-02
     vertex  1.125525e-01  3.103612e-01  1.896841e-02
     vertex  1.125532e-01 -3.094656e-01  1.903286e-02
   endloop
 endfacet
 facet normal -8.996950e-01 -4.515417e-05 -4.365190e-01
   outer loop
     vertex  1.100924e-01  3.103722e-01  2.404055e-02
     vertex  1.125532e-01 -3.094656e-01  1.903286e-02
     vertex  1.100925e-01 -3.094551e-01  2.410447e-02
   endloop
 endfacet
 facet normal -8.841510e-01 -4.831569e-05 -4.672012e-01
   outer loop
     vertex  1.074618e-01  3.103824e-01  2.901880e-02
     vertex  1.100924e-01  3.103722e-01  2.404055e-02
     vertex  1.100925e-01 -3.094551e-01  2.410447e-02
   endloop
 endfacet
 facet normal -8.840872e-01 -4.708612e-05 -4.673221e-01
   outer loop
     vertex  1.074618e-01  3.103824e-01  2.901880e-02
     vertex  1.100925e-01 -3.094551e-01  2.410447e-02
     vertex  1.074614e-01 -3.094455e-01  2.908217e-02
   endloop
 endfacet
 facet normal -8.671968e-01 -5.023215e-05 -4.979655e-01
   outer loop
     vertex  1.046608e-01  3.103918e-01  3.389682e-02
     vertex  1.074618e-01  3.103824e-01  2.901880e-02
     vertex  1.074614e-01 -3.094455e-01  2.908217e-02
   endloop
 endfacet
 facet normal -8.671276e-01 -4.898349e-05 -4.980860e-01
   outer loop
     vertex  1.046608e-01  3.103918e-01  3.389682e-02
     vertex  1.074614e-01 -3.094455e-01  2.908217e-02
     vertex  1.046597e-01 -3.094366e-01  3.395962e-02
   endloop
 endfacet
 facet normal -8.487722e-01 -5.084163e-05 -5.287586e-01
   outer loop
     vertex  1.016892e-01  3.104003e-01  3.866829e-02
     vertex  1.046597e-01 -3.094366e-01  3.395962e-02
     vertex  1.016876e-01 -3.094287e-01  3.873050e-02
   endloop
 endfacet
 facet normal -8.488469e-01 -5.211019e-05 -5.286387e-01
   outer loop
     vertex  1.016892e-01  3.104003e-01  3.866829e-02
     vertex  1.046608e-01  3.103918e-01  3.389682e-02
     vertex  1.046597e-01 -3.094366e-01  3.395962e-02
   endloop
 endfacet
 facet normal -8.289802e-01 -5.265511e-05 -5.592780e-01
   outer loop
     vertex  9.854724e-02  3.104078e-01  4.332689e-02
     vertex  1.016876e-01 -3.094287e-01  3.873050e-02
     vertex  9.854505e-02 -3.094216e-01  4.338848e-02
   endloop
 endfacet
 facet normal -8.290604e-01 -5.394439e-05 -5.591590e-01
   outer loop
     vertex  9.854724e-02  3.104078e-01  4.332689e-02
     vertex  1.016892e-01  3.104003e-01  3.866829e-02
     vertex  1.016876e-01 -3.094287e-01  3.873050e-02
   endloop
 endfacet
 facet normal -8.077154e-01 -5.441775e-05 -5.895726e-01
   outer loop
     vertex  9.523483e-02  3.104145e-01  4.786628e-02
     vertex  9.854505e-02 -3.094216e-01  4.338848e-02
     vertex  9.523209e-02 -3.094156e-01  4.792724e-02
   endloop
 endfacet
 facet normal -8.078014e-01 -5.572857e-05 -5.894547e-01
   outer loop
     vertex  9.523483e-02  3.104145e-01  4.786628e-02
     vertex  9.854724e-02  3.104078e-01  4.332689e-02
     vertex  9.854505e-02 -3.094216e-01  4.338848e-02
   endloop
 endfacet
 facet normal -7.849485e-01 -5.612258e-05 -6.195610e-01
   outer loop
     vertex  9.175203e-02  3.104201e-01  5.228014e-02
     vertex  9.523209e-02 -3.094156e-01  4.792724e-02
     vertex  9.174875e-02 -3.094105e-01  5.234044e-02
   endloop
 endfacet
 facet normal -7.850404e-01 -5.745579e-05 -6.194446e-01
   outer loop
     vertex  9.175203e-02  3.104201e-01  5.228014e-02
     vertex  9.523483e-02  3.104145e-01  4.786628e-02
     vertex  9.523209e-02 -3.094156e-01  4.792724e-02
   endloop
 endfacet
 facet normal -7.606585e-01 -5.776194e-05 -6.491522e-01
   outer loop
     vertex  8.809884e-02  3.104247e-01  5.656215e-02
     vertex  9.174875e-02 -3.094105e-01  5.234044e-02
     vertex  8.809503e-02 -3.094065e-01  5.662177e-02
   endloop
 endfacet
 facet normal -7.607563e-01 -5.911839e-05 -6.490376e-01
   outer loop
     vertex  8.809884e-02  3.104247e-01  5.656215e-02
     vertex  9.175203e-02  3.104201e-01  5.228014e-02
     vertex  9.174875e-02 -3.094105e-01  5.234044e-02
   endloop
 endfacet
 facet normal -7.348345e-01 -5.932757e-05 -6.782464e-01
   outer loop
     vertex  8.427530e-02  3.104282e-01  6.070596e-02
     vertex  8.809503e-02 -3.094065e-01  5.662177e-02
     vertex  8.427096e-02 -3.094035e-01  6.076489e-02
   endloop
 endfacet
 facet normal -7.349383e-01 -6.070809e-05 -6.781340e-01
   outer loop
     vertex  8.427530e-02  3.104282e-01  6.070596e-02
     vertex  8.809884e-02  3.104247e-01  5.656215e-02
     vertex  8.809503e-02 -3.094065e-01  5.662177e-02
   endloop
 endfacet
 facet normal -7.074777e-01 -6.081066e-05 -7.067357e-01
   outer loop
     vertex  8.028143e-02  3.104305e-01  6.470527e-02
     vertex  8.427096e-02 -3.094035e-01  6.076489e-02
     vertex  8.027658e-02 -3.094017e-01  6.476347e-02
   endloop
 endfacet
 facet normal -7.075874e-01 -6.221609e-05 -7.066258e-01
   outer loop
     vertex  8.028143e-02  3.104305e-01  6.470527e-02
     vertex  8.427530e-02  3.104282e-01  6.070596e-02
     vertex  8.427096e-02 -3.094035e-01  6.076489e-02
   endloop
 endfacet
 facet normal -6.786028e-01 -6.220206e-05 -7.345054e-01
   outer loop
     vertex  7.611725e-02  3.104317e-01  6.855374e-02
     vertex  8.027658e-02 -3.094017e-01  6.476347e-02
     vertex  7.611188e-02 -3.094011e-01  6.861119e-02
   endloop
 endfacet
 facet normal -6.787186e-01 -6.363319e-05 -7.343984e-01
   outer loop
     vertex  7.611725e-02  3.104317e-01  6.855374e-02
     vertex  8.028143e-02  3.104305e-01  6.470527e-02
     vertex  8.027658e-02 -3.094017e-01  6.476347e-02
   endloop
 endfacet
 facet normal -6.482401e-01 -6.349235e-05 -7.614360e-01
   outer loop
     vertex  7.178277e-02  3.104317e-01  7.224505e-02
     vertex  7.611188e-02 -3.094011e-01  6.861119e-02
     vertex  7.177691e-02 -3.094017e-01  7.230172e-02
   endloop
 endfacet
 facet normal -6.483618e-01 -6.494995e-05 -7.613323e-01
   outer loop
     vertex  7.178277e-02  3.104317e-01  7.224505e-02
     vertex  7.611725e-02  3.104317e-01  6.855374e-02
     vertex  7.611188e-02 -3.094011e-01  6.861119e-02
   endloop
 endfacet
 facet normal -6.164363e-01 -6.467211e-05 -7.874048e-01
   outer loop
     vertex  6.727803e-02  3.104304e-01  7.577286e-02
     vertex  7.177691e-02 -3.094017e-01  7.230172e-02
     vertex  6.727168e-02 -3.094035e-01  7.582873e-02
   endloop
 endfacet
 facet normal -6.165638e-01 -6.615691e-05 -7.873049e-01
   outer loop
     vertex  6.727803e-02  3.104304e-01  7.577286e-02
     vertex  7.178277e-02  3.104317e-01  7.224505e-02
     vertex  7.177691e-02 -3.094017e-01  7.230172e-02
   endloop
 endfacet
 facet normal -5.832555e-01 -6.573210e-05 -8.122888e-01
   outer loop
     vertex  6.260303e-02  3.104278e-01  7.913085e-02
     vertex  6.727168e-02 -3.094035e-01  7.582873e-02
     vertex  6.259622e-02 -3.094066e-01  7.918590e-02
   endloop
 endfacet
 facet normal -5.833886e-01 -6.724477e-05 -8.121931e-01
   outer loop
     vertex  6.260303e-02  3.104278e-01  7.913085e-02
     vertex  6.727803e-02  3.104304e-01  7.577286e-02
     vertex  6.727168e-02 -3.094035e-01  7.582873e-02
   endloop
 endfacet
 facet normal -5.487795e-01 -6.666343e-05 -8.359672e-01
   outer loop
     vertex  5.775782e-02  3.104239e-01  8.231269e-02
     vertex  6.259622e-02 -3.094066e-01  7.918590e-02
     vertex  5.775054e-02 -3.094111e-01  8.236690e-02
   endloop
 endfacet
 facet normal -5.489181e-01 -6.820461e-05 -8.358761e-01
   outer loop
     vertex  5.775782e-02  3.104239e-01  8.231269e-02
     vertex  6.260303e-02  3.104278e-01  7.913085e-02
     vertex  6.259622e-02 -3.094066e-01  7.918590e-02
   endloop
 endfacet
 facet normal -5.131080e-01 -6.745789e-05 -8.583241e-01
   outer loop
     vertex  5.274239e-02  3.104186e-01  8.531206e-02
     vertex  5.775054e-02 -3.094111e-01  8.236690e-02
     vertex  5.273467e-02 -3.094170e-01  8.536540e-02
   endloop
 endfacet
 facet normal -5.132518e-01 -6.902813e-05 -8.582381e-01
   outer loop
     vertex  5.274239e-02  3.104186e-01  8.531206e-02
     vertex  5.775782e-02  3.104239e-01  8.231269e-02
     vertex  5.775054e-02 -3.094111e-01  8.236690e-02
   endloop
 endfacet
 facet normal -4.763575e-01 -6.810807e-05 -8.792517e-01
   outer loop
     vertex  4.755679e-02  3.104119e-01  8.812263e-02
     vertex  5.273467e-02 -3.094170e-01  8.536540e-02
     vertex  4.754863e-02 -3.094243e-01  8.817507e-02
   endloop
 endfacet
 facet normal -4.765061e-01 -6.970788e-05 -8.791712e-01
   outer loop
     vertex  4.755679e-02  3.104119e-01  8.812263e-02
     vertex  5.274239e-02  3.104186e-01  8.531206e-02
     vertex  5.273467e-02 -3.094170e-01  8.536540e-02
   endloop
 endfacet
 facet normal -4.386600e-01 -6.860762e-05 -8.986531e-01
   outer loop
     vertex  4.220102e-02  3.104037e-01  9.073808e-02
     vertex  4.754863e-02 -3.094243e-01  8.817507e-02
     vertex  4.219244e-02 -3.094330e-01  9.078959e-02
   endloop
 endfacet
 facet normal -4.388131e-01 -7.023745e-05 -8.985784e-01
   outer loop
     vertex  4.220102e-02  3.104037e-01  9.073808e-02
     vertex  4.755679e-02  3.104119e-01  8.812263e-02
     vertex  4.754863e-02 -3.094243e-01  8.817507e-02
   endloop
 endfacet
 facet normal -4.001612e-01 -6.895142e-05 -9.164448e-01
   outer loop
     vertex  3.667512e-02  3.103940e-01  9.315206e-02
     vertex  4.219244e-02 -3.094330e-01  9.078959e-02
     vertex  3.666612e-02 -3.094433e-01  9.320263e-02
   endloop
 endfacet
 facet normal -4.003183e-01 -7.061166e-05 -9.163762e-01
   outer loop
     vertex  3.667512e-02  3.103940e-01  9.315206e-02
     vertex  4.220102e-02  3.104037e-01  9.073808e-02
     vertex  4.219244e-02 -3.094330e-01  9.078959e-02
   endloop
 endfacet
 facet normal -3.610176e-01 -6.913571e-05 -9.325590e-01
   outer loop
     vertex  3.097910e-02  3.103827e-01  9.535827e-02
     vertex  3.666612e-02 -3.094433e-01  9.320263e-02
     vertex  3.096971e-02 -3.094551e-01  9.540786e-02
   endloop
 endfacet
 facet normal -3.611783e-01 -7.082668e-05 -9.324968e-01
   outer loop
     vertex  3.097910e-02  3.103827e-01  9.535827e-02
     vertex  3.667512e-02  3.103940e-01  9.315206e-02
     vertex  3.666612e-02 -3.094433e-01  9.320263e-02
   endloop
 endfacet
 facet normal -3.213941e-01 -6.915819e-05 -9.469455e-01
   outer loop
     vertex  2.511298e-02  3.103699e-01  9.735037e-02
     vertex  3.096971e-02 -3.094551e-01  9.540786e-02
     vertex  2.510321e-02 -3.094685e-01  9.739895e-02
   endloop
 endfacet
 facet normal -3.215579e-01 -7.088018e-05 -9.468899e-01
   outer loop
     vertex  2.511298e-02  3.103699e-01  9.735037e-02
     vertex  3.097910e-02  3.103827e-01  9.535827e-02
     vertex  3.096971e-02 -3.094551e-01  9.540786e-02
   endloop
 endfacet
 facet normal -2.816265e-01 -7.077132e-05 -9.595241e-01
   outer loop
     vertex  1.907679e-02  3.103554e-01  9.912203e-02
     vertex  2.511298e-02  3.103699e-01  9.735037e-02
     vertex  2.510321e-02 -3.094685e-01  9.739895e-02
   endloop
 endfacet
 facet normal -2.814601e-01 -6.901808e-05 -9.595729e-01
   outer loop
     vertex  1.907679e-02  3.103554e-01  9.912203e-02
     vertex  2.510321e-02 -3.094685e-01  9.739895e-02
     vertex  1.906665e-02 -3.094836e-01  9.916959e-02
   endloop
 endfacet
 facet normal -2.415550e-01 -7.050077e-05 -9.703871e-01
   outer loop
     vertex  1.287055e-02  3.103392e-01  1.006669e-01
     vertex  1.907679e-02  3.103554e-01  9.912203e-02
     vertex  1.906665e-02 -3.094836e-01  9.916959e-02
   endloop
 endfacet
 facet normal -2.413866e-01 -6.871608e-05 -9.704290e-01
   outer loop
     vertex  1.287055e-02  3.103392e-01  1.006669e-01
     vertex  1.906665e-02 -3.094836e-01  9.916959e-02
     vertex  1.286005e-02 -3.095004e-01  1.007134e-01
   endloop
 endfacet
 facet normal -2.013424e-01 -6.825434e-05 -9.795209e-01
   outer loop
     vertex  6.494275e-03  3.103213e-01  1.019787e-01
     vertex  1.286005e-02 -3.095004e-01  1.007134e-01
     vertex  6.483444e-03 -3.095188e-01  1.020242e-01
   endloop
 endfacet
 facet normal -2.015123e-01 -7.007067e-05 -9.794860e-01
   outer loop
     vertex  6.494275e-03  3.103213e-01  1.019787e-01
     vertex  1.287055e-02  3.103392e-01  1.006669e-01
     vertex  1.286005e-02 -3.095004e-01  1.007134e-01
   endloop
 endfacet
 facet normal -1.616620e-01 -6.948448e-05 -9.868462e-01
   outer loop
     vertex -5.200789e-05  3.103016e-01  1.030511e-01
     vertex  6.494275e-03  3.103213e-01  1.019787e-01
     vertex  6.483444e-03 -3.095188e-01  1.020242e-01
   endloop
 endfacet
 facet normal -1.614912e-01 -6.763637e-05 -9.868742e-01
   outer loop
     vertex -5.200789e-05  3.103016e-01  1.030511e-01
     vertex  6.483444e-03 -3.095188e-01  1.020242e-01
     vertex -6.315996e-05 -3.095391e-01  1.030954e-01
   endloop
 endfacet
 facet normal -1.219882e-01 -6.686683e-05 -9.925315e-01
   outer loop
     vertex -6.768278e-03  3.102802e-01  1.038778e-01
     vertex -6.315996e-05 -3.095391e-01  1.030954e-01
     vertex -6.779734e-03 -3.095612e-01  1.039209e-01
   endloop
 endfacet
 facet normal -1.221595e-01 -6.874690e-05 -9.925105e-01
   outer loop
     vertex -6.768278e-03  3.102802e-01  1.038778e-01
     vertex -5.200789e-05  3.103016e-01  1.030511e-01
     vertex -6.315996e-05 -3.095391e-01  1.030954e-01
   endloop
 endfacet
 facet normal -8.314950e-02 -6.786363e-05 -9.965371e-01
   outer loop
     vertex -1.365451e-02  3.102568e-01  1.044524e-01
     vertex -6.768278e-03  3.102802e-01  1.038778e-01
     vertex -6.779734e-03 -3.095612e-01  1.039209e-01
   endloop
 endfacet
 facet normal -8.297821e-02 -6.595146e-05 -9.965514e-01
   outer loop
     vertex -1.365451e-02  3.102568e-01  1.044524e-01
     vertex -6.779734e-03 -3.095612e-01  1.039209e-01
     vertex -1.366626e-02 -3.095851e-01  1.044944e-01
   endloop
 endfacet
 facet normal -4.476389e-02 -6.684124e-05 -9.989976e-01
   outer loop
     vertex -2.071069e-02  3.102316e-01  1.047685e-01
     vertex -1.365451e-02  3.102568e-01  1.044524e-01
     vertex -1.366626e-02 -3.095851e-01  1.044944e-01
   endloop
 endfacet
 facet normal -4.459310e-02 -6.489678e-05 -9.990052e-01
   outer loop
     vertex -2.071069e-02  3.102316e-01  1.047685e-01
     vertex -1.366626e-02 -3.095851e-01  1.044944e-01
     vertex -2.072271e-02 -3.096109e-01  1.048093e-01
   endloop
 endfacet
 facet normal -1.333381e-02 -6.556229e-05 -9.999111e-01
   outer loop
     vertex -2.551881e-02  3.102137e-01  1.048327e-01
     vertex -2.071069e-02  3.102316e-01  1.047685e-01
     vertex -2.072271e-02 -3.096109e-01  1.048093e-01
   endloop
 endfacet
 facet normal -1.320165e-02 -6.453952e-05 -9.999129e-01
   outer loop
     vertex -2.551881e-02  3.102137e-01  1.048327e-01
     vertex -2.072271e-02 -3.096109e-01  1.048093e-01
     vertex -2.551633e-02 -3.096291e-01  1.048726e-01
   endloop
 endfacet
 facet normal  1.144337e-02 -6.444240e-05 -9.999345e-01
   outer loop
     vertex -3.040273e-02  3.101949e-01  1.047768e-01
     vertex -2.551881e-02  3.102137e-01  1.048327e-01
     vertex -2.551633e-02 -3.096291e-01  1.048726e-01
   endloop
 endfacet
 facet normal  1.150093e-02 -6.398845e-05 -9.999339e-01
   outer loop
     vertex -3.040273e-02  3.101949e-01  1.047768e-01
     vertex -2.551633e-02 -3.096291e-01  1.048726e-01
     vertex -3.038530e-02 -3.096483e-01  1.048166e-01
   endloop
 endfacet
 facet normal -8.681266e-01  9.097398e-05  4.963428e-01
   outer loop
     vertex  2.083055e-01  3.102700e-01  6.389540e-01
     vertex  2.024474e-01 -3.096343e-01  6.288215e-01
     vertex  2.082797e-01 -3.098480e-01  6.390226e-01
   endloop
 endfacet
 facet normal -8.688299e-01  1.177583e-04  4.951107e-01
   outer loop
     vertex  2.083055e-01  3.102700e-01  6.389540e-01
     vertex  2.024715e-01  3.105357e-01  6.287164e-01
     vertex  2.024474e-01 -3.096343e-01  6.288215e-01
   endloop
 endfacet
 facet normal -8.467308e-01  6.701260e-05  5.320216e-01
   outer loop
     vertex  2.145278e-01  3.100727e-01  6.488886e-01
     vertex  2.082797e-01 -3.098480e-01  6.390226e-01
     vertex  2.144989e-01 -3.099930e-01  6.489207e-01
   endloop
 endfacet
 facet normal -8.474902e-01  9.393222e-05  5.308111e-01
   outer loop
     vertex  2.145278e-01  3.100727e-01  6.488886e-01
     vertex  2.083055e-01  3.102700e-01  6.389540e-01
     vertex  2.082797e-01 -3.098480e-01  6.390226e-01
   endloop
 endfacet
 facet normal -8.236641e-01  4.058566e-05  5.670780e-01
   outer loop
     vertex  2.211387e-01  3.099439e-01  6.585204e-01
     vertex  2.144989e-01 -3.099930e-01  6.489207e-01
     vertex  2.211051e-01 -3.100693e-01  6.585159e-01
   endloop
 endfacet
 facet normal -8.244808e-01  6.773078e-05  5.658899e-01
   outer loop
     vertex  2.211387e-01  3.099439e-01  6.585204e-01
     vertex  2.145278e-01  3.100727e-01  6.488886e-01
     vertex  2.144989e-01 -3.099930e-01  6.489207e-01
   endloop
 endfacet
 facet normal -7.990161e-01  1.160024e-05  6.013096e-01
   outer loop
     vertex  2.281380e-01  3.098836e-01  6.678492e-01
     vertex  2.211051e-01 -3.100693e-01  6.585159e-01
     vertex  2.280981e-01 -3.100769e-01  6.678082e-01
   endloop
 endfacet
 facet normal -7.998912e-01  3.906104e-05  6.001450e-01
   outer loop
     vertex  2.281380e-01  3.098836e-01  6.678492e-01
     vertex  2.211387e-01  3.099439e-01  6.585204e-01
     vertex  2.211051e-01 -3.100693e-01  6.585159e-01
   endloop
 endfacet
 facet normal -7.729029e-01 -2.000853e-05  6.345243e-01
   outer loop
     vertex  2.355257e-01  3.098916e-01  6.768752e-01
     vertex  2.280981e-01 -3.100769e-01  6.678082e-01
     vertex  2.354780e-01 -3.100158e-01  6.767975e-01
   endloop
 endfacet
 facet normal -7.738373e-01  7.857387e-06  6.333844e-01
   outer loop
     vertex  2.355257e-01  3.098916e-01  6.768752e-01
     vertex  2.281380e-01  3.098836e-01  6.678492e-01
     vertex  2.280981e-01 -3.100769e-01  6.678082e-01
   endloop
 endfacet
 facet normal -7.454645e-01 -5.427722e-05  6.665453e-01
   outer loop
     vertex  2.433019e-01  3.099682e-01  6.855983e-01
     vertex  2.354780e-01 -3.100158e-01  6.767975e-01
     vertex  2.432448e-01 -3.098860e-01  6.854839e-01
   endloop
 endfacet
 facet normal -7.464589e-01 -2.591822e-05  6.654315e-01
   outer loop
     vertex  2.433019e-01  3.099682e-01  6.855983e-01
     vertex  2.355257e-01  3.098916e-01  6.768752e-01
     vertex  2.354780e-01 -3.100158e-01  6.767975e-01
   endloop
 endfacet
 facet normal -7.764205e-01  1.347519e-05  6.302152e-01
   outer loop
     vertex  2.509116e-01  3.098556e-01  6.949162e-01
     vertex  2.432448e-01 -3.098860e-01  6.854839e-01
     vertex  2.508448e-01 -3.100228e-01  6.948472e-01
   endloop
 endfacet
 facet normal -7.745277e-01 -4.532179e-05  6.325399e-01
   outer loop
     vertex  2.509116e-01  3.098556e-01  6.949162e-01
     vertex  2.433019e-01  3.099682e-01  6.855983e-01
     vertex  2.432448e-01 -3.098860e-01  6.854839e-01
   endloop
 endfacet
 facet normal -7.490710e-01  6.474224e-05  6.624898e-01
   outer loop
     vertex  2.588787e-01  3.097966e-01  7.038704e-01
     vertex  2.508448e-01 -3.100228e-01  6.948472e-01
     vertex  2.588043e-01 -3.101060e-01  7.038469e-01
   endloop
 endfacet
 facet normal -7.470871e-01  6.470128e-06  6.647262e-01
   outer loop
     vertex  2.588787e-01  3.097966e-01  7.038704e-01
     vertex  2.509116e-01  3.098556e-01  6.949162e-01
     vertex  2.508448e-01 -3.100228e-01  6.948472e-01
   endloop
 endfacet
 facet normal -7.202139e-01  1.176376e-04  6.937521e-01
   outer loop
     vertex  2.672030e-01  3.097910e-01  7.124608e-01
     vertex  2.588043e-01 -3.101060e-01  7.038469e-01
     vertex  2.671232e-01 -3.101355e-01  7.124831e-01
   endloop
 endfacet
 facet normal -7.181420e-01  5.976591e-05  6.958966e-01
   outer loop
     vertex  2.672030e-01  3.097910e-01  7.124608e-01
     vertex  2.588787e-01  3.097966e-01  7.038704e-01
     vertex  2.588043e-01 -3.101060e-01  7.038469e-01
   endloop
 endfacet
 facet normal -6.899895e-01  1.722175e-04  7.238193e-01
   outer loop
     vertex  2.758847e-01  3.098389e-01  7.206876e-01
     vertex  2.671232e-01 -3.101355e-01  7.124831e-01
     vertex  2.758015e-01 -3.101113e-01  7.207557e-01
   endloop
 endfacet
 facet normal -6.878331e-01  1.146204e-04  7.258689e-01
   outer loop
     vertex  2.758847e-01  3.098389e-01  7.206876e-01
     vertex  2.672030e-01  3.097910e-01  7.124608e-01
     vertex  2.671232e-01 -3.101355e-01  7.124831e-01
   endloop
 endfacet
 facet normal -6.585613e-01  2.285199e-04  7.525271e-01
   outer loop
     vertex  2.849237e-01  3.099403e-01  7.285506e-01
     vertex  2.758015e-01 -3.101113e-01  7.207557e-01
     vertex  2.848392e-01 -3.100334e-01  7.286649e-01
   endloop
 endfacet
 facet normal -6.563242e-01  1.710712e-04  7.544789e-01
   outer loop
     vertex  2.849237e-01  3.099403e-01  7.285506e-01
     vertex  2.758847e-01  3.098389e-01  7.206876e-01
     vertex  2.758015e-01 -3.101113e-01  7.207557e-01
   endloop
 endfacet
 facet normal -6.261113e-01  2.865667e-04  7.797336e-01
   outer loop
     vertex  2.943200e-01  3.100952e-01  7.360499e-01
     vertex  2.848392e-01 -3.100334e-01  7.286649e-01
     vertex  2.942363e-01 -3.099019e-01  7.362106e-01
   endloop
 endfacet
 facet normal -6.237978e-01  2.291404e-04  7.815857e-01
   outer loop
     vertex  2.943200e-01  3.100952e-01  7.360499e-01
     vertex  2.849237e-01  3.099403e-01  7.285506e-01
     vertex  2.848392e-01 -3.100334e-01  7.286649e-01
   endloop
 endfacet
 facet normal  4.177644e-01  5.043455e-04  9.085552e-01
   outer loop
     vertex  3.410635e-01  3.101005e-01  7.143347e-01
     vertex  2.942363e-01 -3.099019e-01  7.362106e-01
     vertex  3.410196e-01 -3.097290e-01  7.146990e-01
   endloop
 endfacet
 facet normal  4.213167e-01  1.781261e-04  9.069136e-01
   outer loop
     vertex  3.410635e-01  3.101005e-01  7.143347e-01
     vertex  2.943200e-01  3.100952e-01  7.360499e-01
     vertex  2.942363e-01 -3.099019e-01  7.362106e-01
   endloop
 endfacet
 facet normal  9.691190e-01 -1.105360e-05 -2.465936e-01
   outer loop
     vertex  3.300329e-01  3.099025e-01  6.100990e-01
     vertex  3.300632e-01 -3.098231e-01  6.102459e-01
     vertex  3.214189e-01 -3.095315e-01  5.762733e-01
   endloop
 endfacet
 facet normal  9.696447e-01 -1.317045e-04 -2.445181e-01
   outer loop
     vertex  3.300329e-01  3.099025e-01  6.100990e-01
     vertex  3.214189e-01 -3.095315e-01  5.762733e-01
     vertex  3.214379e-01  3.100565e-01  5.760149e-01
   endloop
 endfacet
 facet normal  9.753616e-01  1.164846e-04 -2.206121e-01
   outer loop
     vertex  3.377130e-01  3.099148e-01  6.443937e-01
     vertex  3.377955e-01 -3.099486e-01  6.444313e-01
     vertex  3.300632e-01 -3.098231e-01  6.102459e-01
   endloop
 endfacet
 facet normal  9.758304e-01 -4.071819e-06 -2.185292e-01
   outer loop
     vertex  3.377130e-01  3.099148e-01  6.443937e-01
     vertex  3.300632e-01 -3.098231e-01  6.102459e-01
     vertex  3.300329e-01  3.099025e-01  6.100990e-01
   endloop
 endfacet
 facet normal  9.958605e-01  1.270667e-04 -9.089486e-02
   outer loop
     vertex  3.377130e-01  3.099148e-01  6.443937e-01
     vertex  3.399287e-01 -3.096338e-01  6.678037e-01
     vertex  3.377955e-01 -3.099486e-01  6.444313e-01
   endloop
 endfacet
 facet normal  9.989490e-01  6.343519e-05 -4.583602e-02
   outer loop
     vertex  3.398825e-01  3.102173e-01  6.676556e-01
     vertex  3.410034e-01 -3.095606e-01  6.912263e-01
     vertex  3.399287e-01 -3.096338e-01  6.678037e-01
   endloop
 endfacet
 facet normal  9.956786e-01  5.194977e-05 -9.286563e-02
   outer loop
     vertex  3.398825e-01  3.102173e-01  6.676556e-01
     vertex  3.399287e-01 -3.096338e-01  6.678037e-01
     vertex  3.377130e-01  3.099148e-01  6.443937e-01
   endloop
 endfacet
 facet normal  9.999998e-01  6.216235e-06 -6.907314e-04
   outer loop
     vertex  3.409994e-01  3.102792e-01  6.909692e-01
     vertex  3.410196e-01 -3.097290e-01  7.146990e-01
     vertex  3.410034e-01 -3.095606e-01  6.912263e-01
   endloop
 endfacet
 facet normal  9.988545e-01 -1.335040e-05 -4.785056e-02
   outer loop
     vertex  3.409994e-01  3.102792e-01  6.909692e-01
     vertex  3.410034e-01 -3.095606e-01  6.912263e-01
     vertex  3.398825e-01  3.102173e-01  6.676556e-01
   endloop
 endfacet
 facet normal  9.999962e-01 -7.239413e-05 -2.744654e-03
   outer loop
     vertex  3.410635e-01  3.101005e-01  7.143347e-01
     vertex  3.410196e-01 -3.097290e-01  7.146990e-01
     vertex  3.409994e-01  3.102792e-01  6.909692e-01
   endloop
 endfacet
 facet normal  3.701637e-02  9.985054e-01 -4.020810e-02
   outer loop
     vertex -1.447856e-01  3.212159e-01 -1.946412e-01
     vertex -1.584678e-01  3.220733e-01 -1.859456e-01
     vertex -1.307465e-01  3.203727e-01 -2.026575e-01
   endloop
 endfacet
 facet normal  1.079701e-01  7.105667e-01  6.952967e-01
   outer loop
     vertex -6.494430e-02  3.371451e-01 -2.447262e-01
     vertex -6.443066e-02  3.099175e-01 -2.169804e-01
     vertex -5.624991e-02  3.098963e-01 -2.182291e-01
   endloop
 endfacet
 facet normal  9.255630e-02  7.091787e-01  6.989270e-01
   outer loop
     vertex -6.494430e-02  3.371451e-01 -2.447262e-01
     vertex -5.624991e-02  3.098963e-01 -2.182291e-01
     vertex -5.651397e-02  3.371221e-01 -2.458193e-01
   endloop
 endfacet
 facet normal  1.404503e-01  7.107763e-01  6.892538e-01
   outer loop
     vertex -7.314409e-02  3.371659e-01 -2.433041e-01
     vertex -7.156998e-02  3.099345e-01 -2.155432e-01
     vertex -6.443066e-02  3.099175e-01 -2.169804e-01
   endloop
 endfacet
 facet normal  1.221631e-01  7.095243e-01  6.940111e-01
   outer loop
     vertex -7.314409e-02  3.371659e-01 -2.433041e-01
     vertex -6.443066e-02  3.099175e-01 -2.169804e-01
     vertex -6.494430e-02  3.371451e-01 -2.447262e-01
   endloop
 endfacet
 facet normal  1.698362e-01  7.110125e-01  6.823612e-01
   outer loop
     vertex -8.111332e-02  3.371848e-01 -2.415623e-01
     vertex -7.781443e-02  3.099483e-01 -2.140033e-01
     vertex -7.156998e-02  3.099345e-01 -2.155432e-01
   endloop
 endfacet
 facet normal  1.519926e-01  7.098835e-01  6.877235e-01
   outer loop
     vertex -8.111332e-02  3.371848e-01 -2.415623e-01
     vertex -7.156998e-02  3.099345e-01 -2.155432e-01
     vertex -7.314409e-02  3.371659e-01 -2.433041e-01
   endloop
 endfacet
 facet normal  1.976636e-01  7.113216e-01  6.745004e-01
   outer loop
     vertex -8.885195e-02  3.372016e-01 -2.395098e-01
     vertex -8.388745e-02  3.099607e-01 -2.122366e-01
     vertex -7.781443e-02  3.099483e-01 -2.140033e-01
   endloop
 endfacet
 facet normal  1.819265e-01  7.101883e-01  6.800995e-01
   outer loop
     vertex -8.885195e-02  3.372016e-01 -2.395098e-01
     vertex -7.781443e-02  3.099483e-01 -2.140033e-01
     vertex -8.111332e-02  3.371848e-01 -2.415623e-01
   endloop
 endfacet
 facet normal  2.118191e-01  7.104794e-01  6.710825e-01
   outer loop
     vertex -9.635997e-02  3.372165e-01 -2.371558e-01
     vertex -8.388745e-02  3.099607e-01 -2.122366e-01
     vertex -8.885195e-02  3.372016e-01 -2.395098e-01
   endloop
 endfacet
 facet normal  2.254032e-01  7.115710e-01  6.654774e-01
   outer loop
     vertex -9.635997e-02  3.372165e-01 -2.371558e-01
     vertex -8.978903e-02  3.099716e-01 -2.102494e-01
     vertex -8.388745e-02  3.099607e-01 -2.122366e-01
   endloop
 endfacet
 facet normal  2.415348e-01  7.107364e-01  6.606926e-01
   outer loop
     vertex -1.036373e-01  3.372296e-01 -2.345094e-01
     vertex -8.978903e-02  3.099716e-01 -2.102494e-01
     vertex -9.635997e-02  3.372165e-01 -2.371558e-01
   endloop
 endfacet
 facet normal  2.529502e-01  7.117465e-01  6.553114e-01
   outer loop
     vertex -1.036373e-01  3.372296e-01 -2.345094e-01
     vertex -9.551915e-02  3.099812e-01 -2.080480e-01
     vertex -8.978903e-02  3.099716e-01 -2.102494e-01
   endloop
 endfacet
 facet normal  2.709402e-01  7.109416e-01  6.489633e-01
   outer loop
     vertex -1.106841e-01  3.372409e-01 -2.315798e-01
     vertex -9.551915e-02  3.099812e-01 -2.080480e-01
     vertex -1.036373e-01  3.372296e-01 -2.345094e-01
   endloop
 endfacet
 facet normal  2.802022e-01  7.118363e-01  6.440309e-01
   outer loop
     vertex -1.106841e-01  3.372409e-01 -2.315798e-01
     vertex -1.010778e-01  3.099895e-01 -2.056387e-01
     vertex -9.551915e-02  3.099812e-01 -2.080480e-01
   endloop
 endfacet
 facet normal  2.999059e-01  7.110808e-01  6.359407e-01
   outer loop
     vertex -1.175001e-01  3.372505e-01 -2.283762e-01
     vertex -1.010778e-01  3.099895e-01 -2.056387e-01
     vertex -1.106841e-01  3.372409e-01 -2.315798e-01
   endloop
 endfacet
 facet normal  3.070599e-01  7.118309e-01  6.316731e-01
   outer loop
     vertex -1.175001e-01  3.372505e-01 -2.283762e-01
     vertex -1.064650e-01  3.099965e-01 -2.030279e-01
     vertex -1.010778e-01  3.099895e-01 -2.056387e-01
   endloop
 endfacet
 facet normal  3.283092e-01  7.111427e-01  6.216825e-01
   outer loop
     vertex -1.240854e-01  3.372585e-01 -2.249075e-01
     vertex -1.064650e-01  3.099965e-01 -2.030279e-01
     vertex -1.175001e-01  3.372505e-01 -2.283762e-01
   endloop
 endfacet
 facet normal  3.334290e-01  7.117238e-01  6.182834e-01
   outer loop
     vertex -1.240854e-01  3.372585e-01 -2.249075e-01
     vertex -1.116807e-01  3.100024e-01 -2.002219e-01
     vertex -1.064650e-01  3.099965e-01 -2.030279e-01
   endloop
 endfacet
 facet normal  3.560362e-01  7.111199e-01  6.062563e-01
   outer loop
     vertex -1.304400e-01  3.372648e-01 -2.211832e-01
     vertex -1.116807e-01  3.100024e-01 -2.002219e-01
     vertex -1.240854e-01  3.372585e-01 -2.249075e-01
   endloop
 endfacet
 facet normal  3.592218e-01  7.115109e-01  6.039139e-01
   outer loop
     vertex -1.304400e-01  3.372648e-01 -2.211832e-01
     vertex -1.167249e-01  3.100070e-01 -1.972270e-01
     vertex -1.116807e-01  3.100024e-01 -2.002219e-01
   endloop
 endfacet
 facet normal  3.829828e-01  7.110082e-01  5.897386e-01
   outer loop
     vertex -1.365638e-01  3.372696e-01 -2.172121e-01
     vertex -1.167249e-01  3.100070e-01 -1.972270e-01
     vertex -1.304400e-01  3.372648e-01 -2.211832e-01
   endloop
 endfacet
 facet normal  3.843575e-01  7.111908e-01  5.886229e-01
   outer loop
     vertex -1.365638e-01  3.372696e-01 -2.172121e-01
     vertex -1.215975e-01  3.100106e-01 -1.940495e-01
     vertex -1.167249e-01  3.100070e-01 -1.972270e-01
   endloop
 endfacet
 facet normal  4.090567e-01  7.108067e-01  5.722119e-01
   outer loop
     vertex -1.424568e-01  3.372730e-01 -2.130036e-01
     vertex -1.215975e-01  3.100106e-01 -1.940495e-01
     vertex -1.365638e-01  3.372696e-01 -2.172121e-01
   endloop
 endfacet
 facet normal  4.087639e-01  7.107645e-01  5.724734e-01
   outer loop
     vertex -1.424568e-01  3.372730e-01 -2.130036e-01
     vertex -1.262987e-01  3.100130e-01 -1.906958e-01
     vertex -1.215975e-01  3.100106e-01 -1.940495e-01
   endloop
 endfacet
 facet normal  4.341780e-01  7.105176e-01  5.537636e-01
   outer loop
     vertex -1.481190e-01  3.372750e-01 -2.085667e-01
     vertex -1.262987e-01  3.100130e-01 -1.906958e-01
     vertex -1.424568e-01  3.372730e-01 -2.130036e-01
   endloop
 endfacet
 facet normal  4.323773e-01  7.102354e-01  5.555317e-01
   outer loop
     vertex -1.481190e-01  3.372750e-01 -2.085667e-01
     vertex -1.308283e-01  3.100144e-01 -1.871722e-01
     vertex -1.262987e-01  3.100130e-01 -1.906958e-01
   endloop
 endfacet
 facet normal  4.547553e-01  7.102049e-01  5.374073e-01
   outer loop
     vertex -1.481190e-01  3.372750e-01 -2.085667e-01
     vertex -1.351863e-01  3.100149e-01 -1.834850e-01
     vertex -1.308283e-01  3.100144e-01 -1.871722e-01
   endloop
 endfacet
 facet normal  4.585918e-01  7.096700e-01  5.348477e-01
   outer loop
     vertex -1.535503e-01  3.372757e-01 -2.039106e-01
     vertex -1.351863e-01  3.100149e-01 -1.834850e-01
     vertex -1.481190e-01  3.372750e-01 -2.085667e-01
   endloop
 endfacet
 facet normal  4.764337e-01  7.097481e-01  5.189109e-01
   outer loop
     vertex -1.535503e-01  3.372757e-01 -2.039106e-01
     vertex -1.393728e-01  3.100144e-01 -1.796405e-01
     vertex -1.351863e-01  3.100149e-01 -1.834850e-01
   endloop
 endfacet
 facet normal  4.817779e-01  7.090143e-01  5.149649e-01
   outer loop
     vertex -1.587508e-01  3.372751e-01 -1.990445e-01
     vertex -1.393728e-01  3.100144e-01 -1.796405e-01
     vertex -1.535503e-01  3.372757e-01 -2.039106e-01
   endloop
 endfacet
 facet normal  4.971757e-01  7.092011e-01  4.998501e-01
   outer loop
     vertex -1.587508e-01  3.372751e-01 -1.990445e-01
     vertex -1.433877e-01  3.100130e-01 -1.756451e-01
     vertex -1.393728e-01  3.100144e-01 -1.796405e-01
   endloop
 endfacet
 facet normal  5.038555e-01  7.082981e-01  4.944122e-01
   outer loop
     vertex -1.637204e-01  3.372733e-01 -1.939774e-01
     vertex -1.433877e-01  3.100130e-01 -1.756451e-01
     vertex -1.587508e-01  3.372751e-01 -1.990445e-01
   endloop
 endfacet
 facet normal  5.169558e-01  7.085735e-01  4.802919e-01
   outer loop
     vertex -1.637204e-01  3.372733e-01 -1.939774e-01
     vertex -1.472310e-01  3.100107e-01 -1.715051e-01
     vertex -1.433877e-01  3.100130e-01 -1.756451e-01
   endloop
 endfacet
 facet normal  5.247935e-01  7.075315e-01  4.732768e-01
   outer loop
     vertex -1.684591e-01  3.372704e-01 -1.887185e-01
     vertex -1.472310e-01  3.100107e-01 -1.715051e-01
     vertex -1.637204e-01  3.372733e-01 -1.939774e-01
   endloop
 endfacet
 facet normal  5.357570e-01  7.078754e-01  4.603009e-01
   outer loop
     vertex -1.684591e-01  3.372704e-01 -1.887185e-01
     vertex -1.509027e-01  3.100077e-01 -1.672268e-01
     vertex -1.472310e-01  3.100107e-01 -1.715051e-01
   endloop
 endfacet
 facet normal  5.445717e-01  7.067258e-01  4.516419e-01
   outer loop
     vertex -1.729669e-01  3.372665e-01 -1.832771e-01
     vertex -1.509027e-01  3.100077e-01 -1.672268e-01
     vertex -1.684591e-01  3.372704e-01 -1.887185e-01
   endloop
 endfacet
 facet normal  5.535695e-01  7.071176e-01  4.399381e-01
   outer loop
     vertex -1.729669e-01  3.372665e-01 -1.832771e-01
     vertex -1.544027e-01  3.100038e-01 -1.628166e-01
     vertex -1.509027e-01  3.100077e-01 -1.672268e-01
   endloop
 endfacet
 facet normal  5.631802e-01  7.058925e-01  4.295857e-01
   outer loop
     vertex -1.772436e-01  3.372615e-01 -1.776621e-01
     vertex -1.544027e-01  3.100038e-01 -1.628166e-01
     vertex -1.729669e-01  3.372665e-01 -1.832771e-01
   endloop
 endfacet
 facet normal  5.703904e-01  7.063110e-01  4.192608e-01
   outer loop
     vertex -1.772436e-01  3.372615e-01 -1.776621e-01
     vertex -1.577312e-01  3.099993e-01 -1.582807e-01
     vertex -1.544027e-01  3.100038e-01 -1.628166e-01
   endloop
 endfacet
 facet normal  5.806181e-01  7.050434e-01  4.071810e-01
   outer loop
     vertex -1.812894e-01  3.372556e-01 -1.718828e-01
     vertex -1.577312e-01  3.099993e-01 -1.582807e-01
     vertex -1.772436e-01  3.372615e-01 -1.776621e-01
   endloop
 endfacet
 facet normal  5.862227e-01  7.054664e-01  3.983216e-01
   outer loop
     vertex -1.812894e-01  3.372556e-01 -1.718828e-01
     vertex -1.608880e-01  3.099941e-01 -1.536255e-01
     vertex -1.577312e-01  3.099993e-01 -1.582807e-01
   endloop
 endfacet
 facet normal  5.121983e-01  7.963674e-01  3.216393e-01
   outer loop
     vertex -1.848990e-01  3.305380e-01 -1.662548e-01
     vertex -1.638731e-01  3.099883e-01 -1.488574e-01
     vertex -1.608880e-01  3.099941e-01 -1.536255e-01
   endloop
 endfacet
 facet normal  1.031586e-01  6.056251e-01  7.890352e-01
   outer loop
     vertex -1.848990e-01  3.305380e-01 -1.662548e-01
     vertex -1.608880e-01  3.099941e-01 -1.536255e-01
     vertex -1.812894e-01  3.372556e-01 -1.718828e-01
   endloop
 endfacet
 facet normal  6.152140e-01  7.034068e-01  3.559924e-01
   outer loop
     vertex -1.894621e-01  3.372395e-01 -1.584812e-01
     vertex -1.666866e-01  3.099818e-01 -1.439825e-01
     vertex -1.638731e-01  3.099883e-01 -1.488574e-01
   endloop
 endfacet
 facet normal  6.280224e-01  7.026555e-01  3.344594e-01
   outer loop
     vertex -1.894621e-01  3.372395e-01 -1.584812e-01
     vertex -1.693284e-01  3.099749e-01 -1.390074e-01
     vertex -1.666866e-01  3.099818e-01 -1.439825e-01
   endloop
 endfacet
 facet normal  7.450828e-01  6.547514e-01 -1.270914e-01
   outer loop
     vertex -1.894621e-01  3.372395e-01 -1.584812e-01
     vertex -1.638731e-01  3.099883e-01 -1.488574e-01
     vertex -1.848990e-01  3.305380e-01 -1.662548e-01
   endloop
 endfacet
 facet normal  6.396760e-01  7.021493e-01  3.127314e-01
   outer loop
     vertex -1.934733e-01  3.372291e-01 -1.508117e-01
     vertex -1.717985e-01  3.099675e-01 -1.339383e-01
     vertex -1.693284e-01  3.099749e-01 -1.390074e-01
   endloop
 endfacet
 facet normal  6.306789e-01  7.020063e-01  3.308041e-01
   outer loop
     vertex -1.934733e-01  3.372291e-01 -1.508117e-01
     vertex -1.693284e-01  3.099749e-01 -1.390074e-01
     vertex -1.894621e-01  3.372395e-01 -1.584812e-01
   endloop
 endfacet
 facet normal  6.506639e-01  7.013657e-01  2.910714e-01
   outer loop
     vertex -1.971377e-01  3.372177e-01 -1.429568e-01
     vertex -1.740969e-01  3.099596e-01 -1.287814e-01
     vertex -1.717985e-01  3.099675e-01 -1.339383e-01
   endloop
 endfacet
 facet normal  6.460535e-01  7.008308e-01  3.024088e-01
   outer loop
     vertex -1.971377e-01  3.372177e-01 -1.429568e-01
     vertex -1.717985e-01  3.099675e-01 -1.339383e-01
     vertex -1.934733e-01  3.372291e-01 -1.508117e-01
   endloop
 endfacet
 facet normal  6.610084e-01  7.003233e-01  2.694721e-01
   outer loop
     vertex -2.004554e-01  3.372054e-01 -1.349331e-01
     vertex -1.762235e-01  3.099513e-01 -1.235433e-01
     vertex -1.740969e-01  3.099596e-01 -1.287814e-01
   endloop
 endfacet
 facet normal  6.702971e-01  6.995101e-01  2.477649e-01
   outer loop
     vertex -2.004554e-01  3.372054e-01 -1.349331e-01
     vertex -1.781785e-01  3.099427e-01 -1.182301e-01
     vertex -1.762235e-01  3.099513e-01 -1.235433e-01
   endloop
 endfacet
 facet normal  6.596155e-01  6.999547e-01  2.738081e-01
   outer loop
     vertex -2.004554e-01  3.372054e-01 -1.349331e-01
     vertex -1.740969e-01  3.099596e-01 -1.287814e-01
     vertex -1.971377e-01  3.372177e-01 -1.429568e-01
   endloop
 endfacet
 facet normal  6.716964e-01  6.990754e-01  2.451888e-01
   outer loop
     vertex -2.034262e-01  3.371925e-01 -1.267575e-01
     vertex -1.781785e-01  3.099427e-01 -1.182301e-01
     vertex -2.004554e-01  3.372054e-01 -1.349331e-01
   endloop
 endfacet
 facet normal  4.010234e-01  7.095287e-01 -5.794387e-01
   outer loop
     vertex -1.402451e-01  3.370413e-01  9.963080e-02
     vertex -1.203328e-01  3.098127e-01  8.007015e-02
     vertex -1.250854e-01  3.097998e-01  7.676514e-02
   endloop
 endfacet
 facet normal  3.977031e-01  7.091089e-01 -5.822343e-01
   outer loop
     vertex -1.343009e-01  3.370579e-01  1.037113e-01
     vertex -1.203328e-01  3.098127e-01  8.007015e-02
     vertex -1.402451e-01  3.370413e-01  9.963080e-02
   endloop
 endfacet
 facet normal  3.761479e-01  7.097137e-01 -5.956670e-01
   outer loop
     vertex -1.343009e-01  3.370579e-01  1.037113e-01
     vertex -1.154079e-01  3.098270e-01  8.319714e-02
     vertex -1.203328e-01  3.098127e-01  8.007015e-02
   endloop
 endfacet
 facet normal  3.711210e-01  7.091225e-01 -5.995119e-01
   outer loop
     vertex -1.281283e-01  3.370764e-01  1.075543e-01
     vertex -1.154079e-01  3.098270e-01  8.319714e-02
     vertex -1.343009e-01  3.370579e-01  1.037113e-01
   endloop
 endfacet
 facet normal  3.505389e-01  7.097865e-01 -6.110037e-01
   outer loop
     vertex -1.281283e-01  3.370764e-01  1.075543e-01
     vertex -1.103108e-01  3.098428e-01  8.613980e-02
     vertex -1.154079e-01  3.098270e-01  8.319714e-02
   endloop
 endfacet
 facet normal  3.436977e-01  7.090368e-01 -6.157424e-01
   outer loop
     vertex -1.217272e-01  3.370970e-01  1.111509e-01
     vertex -1.103108e-01  3.098428e-01  8.613980e-02
     vertex -1.281283e-01  3.370764e-01  1.075543e-01
   endloop
 endfacet
 facet normal  3.242731e-01  7.097479e-01 -6.253837e-01
   outer loop
     vertex -1.217272e-01  3.370970e-01  1.111509e-01
     vertex -1.050414e-01  3.098602e-01  8.889180e-02
     vertex -1.103108e-01  3.098428e-01  8.613980e-02
   endloop
 endfacet
 facet normal  3.155307e-01  7.088550e-01 -6.308446e-01
   outer loop
     vertex -1.150976e-01  3.371196e-01  1.144923e-01
     vertex -1.050414e-01  3.098602e-01  8.889180e-02
     vertex -1.217272e-01  3.370970e-01  1.111509e-01
   endloop
 endfacet
 facet normal  2.974356e-01  7.096013e-01 -6.387473e-01
   outer loop
     vertex -1.150976e-01  3.371196e-01  1.144923e-01
     vertex -9.959976e-02  3.098792e-01  9.144682e-02
     vertex -1.050414e-01  3.098602e-01  8.889180e-02
   endloop
 endfacet
 facet normal  2.867287e-01  7.085837e-01 -6.447447e-01
   outer loop
     vertex -1.082395e-01  3.371444e-01  1.175695e-01
     vertex -9.959976e-02  3.098792e-01  9.144682e-02
     vertex -1.150976e-01  3.371196e-01  1.144923e-01
   endloop
 endfacet
 facet normal  2.701186e-01  7.093529e-01 -6.510411e-01
   outer loop
     vertex -1.082395e-01  3.371444e-01  1.175695e-01
     vertex -9.398580e-02  3.098998e-01  9.379852e-02
     vertex -9.959976e-02  3.098792e-01  9.144682e-02
   endloop
 endfacet
 facet normal  2.574097e-01  7.082331e-01 -6.573782e-01
   outer loop
     vertex -1.011528e-01  3.371714e-01  1.203735e-01
     vertex -9.398580e-02  3.098998e-01  9.379852e-02
     vertex -1.082395e-01  3.371444e-01  1.175695e-01
   endloop
 endfacet
 facet normal  2.424208e-01  7.090116e-01 -6.622195e-01
   outer loop
     vertex -1.011528e-01  3.371714e-01  1.203735e-01
     vertex -8.819953e-02  3.099221e-01  9.594059e-02
     vertex -9.398580e-02  3.098998e-01  9.379852e-02
   endloop
 endfacet
 facet normal  2.276997e-01  7.078168e-01 -6.686915e-01
   outer loop
     vertex -9.383750e-02  3.372006e-01  1.228954e-01
     vertex -8.819953e-02  3.099221e-01  9.594059e-02
     vertex -1.011528e-01  3.371714e-01  1.203735e-01
   endloop
 endfacet
 facet normal  2.144456e-01  7.085894e-01 -6.722456e-01
   outer loop
     vertex -9.383750e-02  3.372006e-01  1.228954e-01
     vertex -8.224095e-02  3.099461e-01  9.786669e-02
     vertex -8.819953e-02  3.099221e-01  9.594059e-02
   endloop
 endfacet
 facet normal  1.977301e-01  7.073519e-01 -6.786429e-01
   outer loop
     vertex -8.629359e-02  3.372322e-01  1.251263e-01
     vertex -8.224095e-02  3.099461e-01  9.786669e-02
     vertex -9.383750e-02  3.372006e-01  1.228954e-01
   endloop
 endfacet
 facet normal  1.862996e-01  7.081006e-01 -6.810917e-01
   outer loop
     vertex -8.629359e-02  3.372322e-01  1.251263e-01
     vertex -7.611003e-02  3.099719e-01  9.957051e-02
     vertex -8.224095e-02  3.099461e-01  9.786669e-02
   endloop
 endfacet
 facet normal  1.580911e-01  7.075623e-01 -6.887400e-01
   outer loop
     vertex -7.852105e-02  3.372661e-01  1.270572e-01
     vertex -6.980677e-02  3.099995e-01  1.010457e-01
     vertex -7.611003e-02  3.099719e-01  9.957051e-02
   endloop
 endfacet
 facet normal  1.676357e-01  7.068585e-01 -6.872040e-01
   outer loop
     vertex -7.852105e-02  3.372661e-01  1.270572e-01
     vertex -7.611003e-02  3.099719e-01  9.957051e-02
     vertex -8.629359e-02  3.372322e-01  1.251263e-01
   endloop
 endfacet
 facet normal  1.299282e-01  7.069932e-01 -6.951829e-01
   outer loop
     vertex -7.051985e-02  3.373025e-01  1.286793e-01
     vertex -6.333114e-02  3.100290e-01  1.022860e-01
     vertex -6.980677e-02  3.099995e-01  1.010457e-01
   endloop
 endfacet
 facet normal  1.375521e-01  7.063594e-01 -6.943600e-01
   outer loop
     vertex -7.051985e-02  3.373025e-01  1.286793e-01
     vertex -6.980677e-02  3.099995e-01  1.010457e-01
     vertex -7.852105e-02  3.372661e-01  1.270572e-01
   endloop
 endfacet
 facet normal  1.019172e-01  7.064139e-01 -7.004229e-01
   outer loop
     vertex -6.228995e-02  3.373414e-01  1.299835e-01
     vertex -5.668315e-02  3.100604e-01  1.032850e-01
     vertex -6.333114e-02  3.100290e-01  1.022860e-01
   endloop
 endfacet
 facet normal  1.076133e-01  7.058793e-01 -7.001098e-01
   outer loop
     vertex -6.228995e-02  3.373414e-01  1.299835e-01
     vertex -6.333114e-02  3.100290e-01  1.022860e-01
     vertex -7.051985e-02  3.373025e-01  1.286793e-01
   endloop
 endfacet
 facet normal  7.416110e-02  7.058464e-01 -7.044721e-01
   outer loop
     vertex -5.383135e-02  3.373829e-01  1.309610e-01
     vertex -4.986278e-02  3.100937e-01  1.040364e-01
     vertex -5.668315e-02  3.100604e-01  1.032850e-01
   endloop
 endfacet
 facet normal  7.794929e-02  7.054445e-01 -7.044657e-01
   outer loop
     vertex -5.383135e-02  3.373829e-01  1.309610e-01
     vertex -5.668315e-02  3.100604e-01  1.032850e-01
     vertex -6.228995e-02  3.373414e-01  1.299835e-01
   endloop
 endfacet
 facet normal  4.675808e-02  7.053132e-01 -7.073521e-01
   outer loop
     vertex -4.514402e-02  3.374271e-01  1.316029e-01
     vertex -4.287001e-02  3.101291e-01  1.045338e-01
     vertex -4.986278e-02  3.100937e-01  1.040364e-01
   endloop
 endfacet
 facet normal  4.868422e-02  7.050821e-01 -7.074526e-01
   outer loop
     vertex -4.514402e-02  3.374271e-01  1.316029e-01
     vertex -4.986278e-02  3.100937e-01  1.040364e-01
     vertex -5.383135e-02  3.373829e-01  1.309610e-01
   endloop
 endfacet
 facet normal  2.164056e-02  7.049723e-01 -7.089046e-01
   outer loop
     vertex -3.780324e-02  3.374656e-01  1.318734e-01
     vertex -3.670050e-02  3.101612e-01  1.047541e-01
     vertex -4.287001e-02  3.101291e-01  1.045338e-01
   endloop
 endfacet
 facet normal  2.243161e-02  7.048865e-01 -7.089653e-01
   outer loop
     vertex -3.780324e-02  3.374656e-01  1.318734e-01
     vertex -4.287001e-02  3.101291e-01  1.045338e-01
     vertex -4.514402e-02  3.374271e-01  1.316029e-01
   endloop
 endfacet
 facet normal -1.217553e-03  7.047198e-01 -7.094847e-01
   outer loop
     vertex -3.030669e-02  3.375059e-01  1.319042e-01
     vertex -3.040273e-02  3.101949e-01  1.047768e-01
     vertex -3.670050e-02  3.101612e-01  1.047541e-01
   endloop
 endfacet
 facet normal -8.733937e-04  7.046795e-01 -7.095252e-01
   outer loop
     vertex -3.030669e-02  3.375059e-01  1.319042e-01
     vertex -3.670050e-02  3.101612e-01  1.047541e-01
     vertex -3.780324e-02  3.374656e-01  1.318734e-01
   endloop
 endfacet
 facet normal  6.355338e-03  6.734670e-01  7.391900e-01
   outer loop
     vertex -3.511731e-02  3.246177e-01 -2.356703e-01
     vertex -2.983998e-02  3.370399e-01 -2.470334e-01
     vertex -3.896178e-02  3.370696e-01 -2.469820e-01
   endloop
 endfacet
 facet normal  3.575833e-02  6.780024e-01  7.341894e-01
   outer loop
     vertex -3.511731e-02  3.246177e-01 -2.356703e-01
     vertex -3.896178e-02  3.370696e-01 -2.469820e-01
     vertex -4.785312e-02  3.370970e-01 -2.465742e-01
   endloop
 endfacet
 facet normal  6.459199e-02  6.931716e-01  7.178725e-01
   outer loop
     vertex -3.511731e-02  3.246177e-01 -2.356703e-01
     vertex -4.785312e-02  3.370970e-01 -2.465742e-01
     vertex -5.651397e-02  3.371221e-01 -2.458193e-01
   endloop
 endfacet
 facet normal  7.356316e-02  7.163924e-01  6.938086e-01
   outer loop
     vertex -3.511731e-02  3.246177e-01 -2.356703e-01
     vertex -5.624991e-02  3.098963e-01 -2.182291e-01
     vertex -4.780794e-02  3.098727e-01 -2.190998e-01
   endloop
 endfacet
 facet normal  8.295406e-02  7.097349e-01  6.995677e-01
   outer loop
     vertex -3.511731e-02  3.246177e-01 -2.356703e-01
     vertex -5.651397e-02  3.371221e-01 -2.458193e-01
     vertex -5.624991e-02  3.098963e-01 -2.182291e-01
   endloop
 endfacet
 facet normal  6.633496e-01  7.149385e-01  2.209756e-01
   outer loop
     vertex -1.977896e-01  3.246020e-01 -1.067873e-01
     vertex -1.799616e-01  3.099337e-01 -1.128482e-01
     vertex -1.781785e-01  3.099427e-01 -1.182301e-01
   endloop
 endfacet
 facet normal  6.619852e-01  7.231205e-01  1.971607e-01
   outer loop
     vertex -1.977896e-01  3.246020e-01 -1.067873e-01
     vertex -1.815731e-01  3.099245e-01 -1.074039e-01
     vertex -1.799616e-01  3.099337e-01 -1.128482e-01
   endloop
 endfacet
 facet normal  6.643284e-01  7.266351e-01  1.751262e-01
   outer loop
     vertex -1.977896e-01  3.246020e-01 -1.067873e-01
     vertex -1.830127e-01  3.099151e-01 -1.019036e-01
     vertex -1.815731e-01  3.099245e-01 -1.074039e-01
   endloop
 endfacet
 facet normal  7.062308e-01  6.715858e-01  2.240774e-01
   outer loop
     vertex -1.977896e-01  3.246020e-01 -1.067873e-01
     vertex -2.034262e-01  3.371925e-01 -1.267575e-01
     vertex -2.060502e-01  3.371790e-01 -1.184468e-01
   endloop
 endfacet
 facet normal  7.255840e-01  6.592986e-01  1.971121e-01
   outer loop
     vertex -1.977896e-01  3.246020e-01 -1.067873e-01
     vertex -2.060502e-01  3.371790e-01 -1.184468e-01
     vertex -2.083273e-01  3.371649e-01 -1.100179e-01
   endloop
 endfacet
 facet normal  6.693715e-01  6.989739e-01  2.517483e-01
   outer loop
     vertex -1.977896e-01  3.246020e-01 -1.067873e-01
     vertex -1.781785e-01  3.099427e-01 -1.182301e-01
     vertex -2.034262e-01  3.371925e-01 -1.267575e-01
   endloop
 endfacet
 facet normal  6.700640e-01  7.260836e-01  1.543269e-01
   outer loop
     vertex -1.984952e-01  3.245956e-01 -1.037505e-01
     vertex -1.842806e-01  3.099055e-01 -9.635358e-02
     vertex -1.830127e-01  3.099151e-01 -1.019036e-01
   endloop
 endfacet
 facet normal  6.695888e-01  7.259298e-01  1.570883e-01
   outer loop
     vertex -1.984952e-01  3.245956e-01 -1.037505e-01
     vertex -1.830127e-01  3.099151e-01 -1.019036e-01
     vertex -1.977896e-01  3.246020e-01 -1.067873e-01
   endloop
 endfacet
 facet normal  7.343533e-01  6.578356e-01  1.672646e-01
   outer loop
     vertex -1.984952e-01  3.245956e-01 -1.037505e-01
     vertex -2.083273e-01  3.371649e-01 -1.100179e-01
     vertex -2.102574e-01  3.371506e-01 -1.014875e-01
   endloop
 endfacet
 facet normal  7.326272e-01  6.586445e-01  1.715947e-01
   outer loop
     vertex -1.984952e-01  3.245956e-01 -1.037505e-01
     vertex -1.977896e-01  3.246020e-01 -1.067873e-01
     vertex -2.083273e-01  3.371649e-01 -1.100179e-01
   endloop
 endfacet
 facet normal  6.734540e-01  7.248115e-01  1.452860e-01
   outer loop
     vertex -1.993565e-01  3.245865e-01 -9.971280e-02
     vertex -1.842806e-01  3.099055e-01 -9.635358e-02
     vertex -1.984952e-01  3.245956e-01 -1.037505e-01
   endloop
 endfacet
 facet normal  7.346485e-01  6.597474e-01  1.581926e-01
   outer loop
     vertex -1.993565e-01  3.245865e-01 -9.971280e-02
     vertex -1.984952e-01  3.245956e-01 -1.037505e-01
     vertex -2.102574e-01  3.371506e-01 -1.014875e-01
   endloop
 endfacet
 facet normal  6.760515e-01  7.247144e-01  1.332042e-01
   outer loop
     vertex -1.999532e-01  3.245801e-01 -9.664890e-02
     vertex -1.842806e-01  3.099055e-01 -9.635358e-02
     vertex -1.993565e-01  3.245865e-01 -9.971280e-02
   endloop
 endfacet
 facet normal  6.759982e-01  7.246680e-01  1.337261e-01
   outer loop
     vertex -1.999532e-01  3.245801e-01 -9.664890e-02
     vertex -1.853767e-01  3.098958e-01 -9.076015e-02
     vertex -1.842806e-01  3.099055e-01 -9.635358e-02
   endloop
 endfacet
 facet normal  7.371237e-01  6.600262e-01  1.449625e-01
   outer loop
     vertex -1.999532e-01  3.245801e-01 -9.664890e-02
     vertex -1.993565e-01  3.245865e-01 -9.971280e-02
     vertex -2.102574e-01  3.371506e-01 -1.014875e-01
   endloop
 endfacet
 facet normal  7.395753e-01  6.589791e-01  1.370214e-01
   outer loop
     vertex -1.999532e-01  3.245801e-01 -9.664890e-02
     vertex -2.102574e-01  3.371506e-01 -1.014875e-01
     vertex -2.118405e-01  3.371359e-01 -9.287237e-02
   endloop
 endfacet
 facet normal  6.808898e-01  7.236113e-01  1.130299e-01
   outer loop
     vertex -2.006706e-01  3.245708e-01 -9.257828e-02
     vertex -1.863009e-01  3.098860e-01 -8.512966e-02
     vertex -1.853767e-01  3.098958e-01 -9.076015e-02
   endloop
 endfacet
 facet normal  6.796786e-01  7.233895e-01  1.214278e-01
   outer loop
     vertex -2.006706e-01  3.245708e-01 -9.257828e-02
     vertex -1.853767e-01  3.098958e-01 -9.076015e-02
     vertex -1.999532e-01  3.245801e-01 -9.664890e-02
   endloop
 endfacet
 facet normal  7.393301e-01  6.603186e-01  1.317966e-01
   outer loop
     vertex -2.006706e-01  3.245708e-01 -9.257828e-02
     vertex -1.999532e-01  3.245801e-01 -9.664890e-02
     vertex -2.118405e-01  3.371359e-01 -9.287237e-02
   endloop
 endfacet
 facet normal  6.821335e-01  7.229952e-01  1.094159e-01
   outer loop
     vertex -2.011587e-01  3.245642e-01 -8.949181e-02
     vertex -1.863009e-01  3.098860e-01 -8.512966e-02
     vertex -2.006706e-01  3.245708e-01 -9.257828e-02
   endloop
 endfacet
 facet normal  7.407335e-01  6.612561e-01  1.185510e-01
   outer loop
     vertex -2.011587e-01  3.245642e-01 -8.949181e-02
     vertex -2.006706e-01  3.245708e-01 -9.257828e-02
     vertex -2.118405e-01  3.371359e-01 -9.287237e-02
   endloop
 endfacet
 facet normal  6.848057e-01  7.221691e-01  9.753467e-02
   outer loop
     vertex -2.017323e-01  3.245548e-01 -8.539456e-02
     vertex -1.863009e-01  3.098860e-01 -8.512966e-02
     vertex -2.011587e-01  3.245642e-01 -8.949181e-02
   endloop
 endfacet
 facet normal  6.851949e-01  7.224845e-01  9.232550e-02
   outer loop
     vertex -2.017323e-01  3.245548e-01 -8.539456e-02
     vertex -1.870534e-01  3.098762e-01 -7.946842e-02
     vertex -1.863009e-01  3.098860e-01 -8.512966e-02
   endloop
 endfacet
 facet normal  7.436067e-01  6.602215e-01  1.056249e-01
   outer loop
     vertex -2.017323e-01  3.245548e-01 -8.539456e-02
     vertex -2.011587e-01  3.245642e-01 -8.949181e-02
     vertex -2.118405e-01  3.371359e-01 -9.287237e-02
   endloop
 endfacet
 facet normal  7.431058e-01  6.605795e-01  1.069043e-01
   outer loop
     vertex -2.017323e-01  3.245548e-01 -8.539456e-02
     vertex -2.118405e-01  3.371359e-01 -9.287237e-02
     vertex -2.130766e-01  3.371212e-01 -8.418940e-02
   endloop
 endfacet
 facet normal  6.870241e-01  7.215804e-01  8.555515e-02
   outer loop
     vertex -2.021119e-01  3.245481e-01 -8.229004e-02
     vertex -1.870534e-01  3.098762e-01 -7.946842e-02
     vertex -2.017323e-01  3.245548e-01 -8.539456e-02
   endloop
 endfacet
 facet normal  7.434991e-01  6.623320e-01  9.233280e-02
   outer loop
     vertex -2.021119e-01  3.245481e-01 -8.229004e-02
     vertex -2.017323e-01  3.245548e-01 -8.539456e-02
     vertex -2.130766e-01  3.371212e-01 -8.418940e-02
   endloop
 endfacet
 facet normal  6.887554e-01  7.214514e-01  7.158134e-02
   outer loop
     vertex -2.024448e-01  3.245414e-01 -7.917947e-02
     vertex -1.876340e-01  3.098663e-01 -7.378276e-02
     vertex -1.870534e-01  3.098762e-01 -7.946842e-02
   endloop
 endfacet
 facet normal  7.461557e-01  6.612969e-01  7.705902e-02
   outer loop
     vertex -2.024448e-01  3.245414e-01 -7.917947e-02
     vertex -2.130766e-01  3.371212e-01 -8.418940e-02
     vertex -2.139655e-01  3.371065e-01 -7.545539e-02
   endloop
 endfacet
 facet normal  7.450770e-01  6.620213e-01  8.116682e-02
   outer loop
     vertex -2.024448e-01  3.245414e-01 -7.917947e-02
     vertex -2.021119e-01  3.245481e-01 -8.229004e-02
     vertex -2.130766e-01  3.371212e-01 -8.418940e-02
   endloop
 endfacet
 facet normal  6.886051e-01  7.212214e-01  7.525096e-02
   outer loop
     vertex -2.024448e-01  3.245414e-01 -7.917947e-02
     vertex -1.870534e-01  3.098762e-01 -7.946842e-02
     vertex -2.021119e-01  3.245481e-01 -8.229004e-02
   endloop
 endfacet
 facet normal  6.906869e-01  7.203738e-01  6.334982e-02
   outer loop
     vertex -2.028132e-01  3.245318e-01 -7.505436e-02
     vertex -1.876340e-01  3.098663e-01 -7.378276e-02
     vertex -2.024448e-01  3.245414e-01 -7.917947e-02
   endloop
 endfacet
 facet normal  7.453364e-01  6.632016e-01  6.809807e-02
   outer loop
     vertex -2.028132e-01  3.245318e-01 -7.505436e-02
     vertex -2.024448e-01  3.245414e-01 -7.917947e-02
     vertex -2.139655e-01  3.371065e-01 -7.545539e-02
   endloop
 endfacet
 facet normal  6.916905e-01  7.203688e-01  5.131367e-02
   outer loop
     vertex -2.030378e-01  3.245251e-01 -7.193203e-02
     vertex -1.876340e-01  3.098663e-01 -7.378276e-02
     vertex -2.028132e-01  3.245318e-01 -7.505436e-02
   endloop
 endfacet
 facet normal  6.916764e-01  7.204184e-01  5.080355e-02
   outer loop
     vertex -2.030378e-01  3.245251e-01 -7.193203e-02
     vertex -1.880427e-01  3.098565e-01 -6.807901e-02
     vertex -1.876340e-01  3.098663e-01 -7.378276e-02
   endloop
 endfacet
 facet normal  7.461423e-01  6.635020e-01  5.510701e-02
   outer loop
     vertex -2.030378e-01  3.245251e-01 -7.193203e-02
     vertex -2.028132e-01  3.245318e-01 -7.505436e-02
     vertex -2.139655e-01  3.371065e-01 -7.545539e-02
   endloop
 endfacet
 facet normal  7.475412e-01  6.625295e-01  4.729536e-02
   outer loop
     vertex -2.030378e-01  3.245251e-01 -7.193203e-02
     vertex -2.139655e-01  3.371065e-01 -7.545539e-02
     vertex -2.145073e-01  3.370919e-01 -6.668712e-02
   endloop
 endfacet
 facet normal  6.935455e-01  7.193345e-01  3.940289e-02
   outer loop
     vertex -2.032628e-01  3.245155e-01 -6.779550e-02
     vertex -1.880427e-01  3.098565e-01 -6.807901e-02
     vertex -2.030378e-01  3.245251e-01 -7.193203e-02
   endloop
 endfacet
 facet normal  7.466607e-01  6.638675e-01  4.216401e-02
   outer loop
     vertex -2.032628e-01  3.245155e-01 -6.779550e-02
     vertex -2.030378e-01  3.245251e-01 -7.193203e-02
     vertex -2.145073e-01  3.370919e-01 -6.668712e-02
   endloop
 endfacet
 facet normal  6.939604e-01  7.193887e-01  2.998126e-02
   outer loop
     vertex -2.033792e-01  3.245087e-01 -6.466588e-02
     vertex -1.882796e-01  3.098469e-01 -6.236350e-02
     vertex -1.880427e-01  3.098565e-01 -6.807901e-02
   endloop
 endfacet
 facet normal  6.937082e-01  7.197365e-01  2.735543e-02
   outer loop
     vertex -2.033792e-01  3.245087e-01 -6.466588e-02
     vertex -1.880427e-01  3.098565e-01 -6.807901e-02
     vertex -2.032628e-01  3.245155e-01 -6.779550e-02
   endloop
 endfacet
 facet normal  7.464395e-01  6.648125e-01  2.919664e-02
   outer loop
     vertex -2.033792e-01  3.245087e-01 -6.466588e-02
     vertex -2.032628e-01  3.245155e-01 -6.779550e-02
     vertex -2.145073e-01  3.370919e-01 -6.668712e-02
   endloop
 endfacet
 facet normal  6.953367e-01  7.185188e-01  1.541532e-02
   outer loop
     vertex -2.034611e-01  3.244991e-01 -6.052417e-02
     vertex -1.882796e-01  3.098469e-01 -6.236350e-02
     vertex -2.033792e-01  3.245087e-01 -6.466588e-02
   endloop
 endfacet
 facet normal  6.949946e-01  7.189574e-01  9.097110e-03
   outer loop
     vertex -2.034611e-01  3.244991e-01 -6.052417e-02
     vertex -1.883446e-01  3.098373e-01 -5.664254e-02
     vertex -1.882796e-01  3.098469e-01 -6.236350e-02
   endloop
 endfacet
 facet normal  7.476883e-01  6.638492e-01  1.632335e-02
   outer loop
     vertex -2.034611e-01  3.244991e-01 -6.052417e-02
     vertex -2.033792e-01  3.245087e-01 -6.466588e-02
     vertex -2.145073e-01  3.370919e-01 -6.668712e-02
   endloop
 endfacet
 facet normal  7.473497e-01  6.641967e-01  1.764056e-02
   outer loop
     vertex -2.034611e-01  3.244991e-01 -6.052417e-02
     vertex -2.145073e-01  3.370919e-01 -6.668712e-02
     vertex -2.147020e-01  3.370776e-01 -5.790140e-02
   endloop
 endfacet
 facet normal  6.957767e-01  7.182502e-01  3.379491e-03
   outer loop
     vertex -2.034693e-01  3.244923e-01 -5.739172e-02
     vertex -1.883446e-01  3.098373e-01 -5.664254e-02
     vertex -2.034611e-01  3.244991e-01 -6.052417e-02
   endloop
 endfacet
 facet normal  7.459885e-01  6.659502e-01  3.397197e-03
   outer loop
     vertex -2.034693e-01  3.244923e-01 -5.739172e-02
     vertex -2.034611e-01  3.244991e-01 -6.052417e-02
     vertex -2.147020e-01  3.370776e-01 -5.790140e-02
   endloop
 endfacet
 facet normal  6.956658e-01  7.182682e-01 -1.182335e-02
   outer loop
     vertex -2.034082e-01  3.244827e-01 -5.325105e-02
     vertex -1.882378e-01  3.098280e-01 -5.092247e-02
     vertex -1.883446e-01  3.098373e-01 -5.664254e-02
   endloop
 endfacet
 facet normal  7.466447e-01  6.651164e-01 -1.190970e-02
   outer loop
     vertex -2.034082e-01  3.244827e-01 -5.325105e-02
     vertex -2.147020e-01  3.370776e-01 -5.790140e-02
     vertex -2.145493e-01  3.370636e-01 -4.911505e-02
   endloop
 endfacet
 facet normal  6.960612e-01  7.179308e-01 -8.610341e-03
   outer loop
     vertex -2.034082e-01  3.244827e-01 -5.325105e-02
     vertex -1.883446e-01  3.098373e-01 -5.664254e-02
     vertex -2.034693e-01  3.244923e-01 -5.739172e-02
   endloop
 endfacet
 facet normal  7.462182e-01  6.656341e-01 -9.472048e-03
   outer loop
     vertex -2.034082e-01  3.244827e-01 -5.325105e-02
     vertex -2.034693e-01  3.244923e-01 -5.739172e-02
     vertex -2.147020e-01  3.370776e-01 -5.790140e-02
   endloop
 endfacet
 facet normal  7.448025e-01  6.669112e-01 -2.233109e-02
   outer loop
     vertex -2.033082e-01  3.244759e-01 -5.012021e-02
     vertex -2.034082e-01  3.244827e-01 -5.325105e-02
     vertex -2.145493e-01  3.370636e-01 -4.911505e-02
   endloop
 endfacet
 facet normal  6.962673e-01  7.174848e-01 -2.067216e-02
   outer loop
     vertex -2.033082e-01  3.244759e-01 -5.012021e-02
     vertex -1.882378e-01  3.098280e-01 -5.092247e-02
     vertex -2.034082e-01  3.244827e-01 -5.325105e-02
   endloop
 endfacet
 facet normal  6.955195e-01  7.177584e-01 -3.279396e-02
   outer loop
     vertex -2.031617e-01  3.244691e-01 -4.699113e-02
     vertex -1.879590e-01  3.098189e-01 -4.520962e-02
     vertex -1.882378e-01  3.098280e-01 -5.092247e-02
   endloop
 endfacet
 facet normal  7.441321e-01  6.671968e-01 -3.340553e-02
   outer loop
     vertex -2.031617e-01  3.244691e-01 -4.699113e-02
     vertex -2.033082e-01  3.244759e-01 -5.012021e-02
     vertex -2.145493e-01  3.370636e-01 -4.911505e-02
   endloop
 endfacet
 facet normal  6.957967e-01  7.175681e-01 -3.103300e-02
   outer loop
     vertex -2.031617e-01  3.244691e-01 -4.699113e-02
     vertex -1.882378e-01  3.098280e-01 -5.092247e-02
     vertex -2.033082e-01  3.244759e-01 -5.012021e-02
   endloop
 endfacet
 facet normal  7.445781e-01  6.662494e-01 -4.141445e-02
   outer loop
     vertex -2.031617e-01  3.244691e-01 -4.699113e-02
     vertex -2.145493e-01  3.370636e-01 -4.911505e-02
     vertex -2.140495e-01  3.370501e-01 -4.034487e-02
   endloop
 endfacet
 facet normal  6.958720e-01  7.168719e-01 -4.309130e-02
   outer loop
     vertex -2.028962e-01  3.244596e-01 -4.286200e-02
     vertex -1.879590e-01  3.098189e-01 -4.520962e-02
     vertex -2.031617e-01  3.244691e-01 -4.699113e-02
   endloop
 endfacet
 facet normal  7.431299e-01  6.675473e-01 -4.624375e-02
   outer loop
     vertex -2.028962e-01  3.244596e-01 -4.286200e-02
     vertex -2.031617e-01  3.244691e-01 -4.699113e-02
     vertex -2.140495e-01  3.370501e-01 -4.034487e-02
   endloop
 endfacet
 facet normal  7.413408e-01  6.685250e-01 -5.906124e-02
   outer loop
     vertex -2.026415e-01  3.244529e-01 -3.974078e-02
     vertex -2.028962e-01  3.244596e-01 -4.286200e-02
     vertex -2.140495e-01  3.370501e-01 -4.034487e-02
   endloop
 endfacet
 facet normal  7.408683e-01  6.679026e-01 -7.085363e-02
   outer loop
     vertex -2.022333e-01  3.244434e-01 -3.562773e-02
     vertex -2.140495e-01  3.370501e-01 -4.034487e-02
     vertex -2.132022e-01  3.370372e-01 -3.160766e-02
   endloop
 endfacet
 facet normal  7.410187e-01  6.676125e-01 -7.200566e-02
   outer loop
     vertex -2.022333e-01  3.244434e-01 -3.562773e-02
     vertex -2.026415e-01  3.244529e-01 -3.974078e-02
     vertex -2.140495e-01  3.370501e-01 -4.034487e-02
   endloop
 endfacet
 facet normal  7.378162e-01  6.696658e-01 -8.470501e-02
   outer loop
     vertex -2.018704e-01  3.244368e-01 -3.251885e-02
     vertex -2.022333e-01  3.244434e-01 -3.562773e-02
     vertex -2.132022e-01  3.370372e-01 -3.160766e-02
   endloop
 endfacet
 facet normal  7.364706e-01  6.693894e-01 -9.761623e-02
   outer loop
     vertex -2.013197e-01  3.244275e-01 -2.842803e-02
     vertex -2.018704e-01  3.244368e-01 -3.251885e-02
     vertex -2.132022e-01  3.370372e-01 -3.160766e-02
   endloop
 endfacet
 facet normal  7.366102e-01  6.688309e-01 -1.003527e-01
   outer loop
     vertex -2.013197e-01  3.244275e-01 -2.842803e-02
     vertex -2.132022e-01  3.370372e-01 -3.160766e-02
     vertex -2.120077e-01  3.370250e-01 -2.292023e-02
   endloop
 endfacet
 facet normal  7.335480e-01  6.706150e-01 -1.103756e-01
   outer loop
     vertex -2.008485e-01  3.244210e-01 -2.533596e-02
     vertex -2.013197e-01  3.244275e-01 -2.842803e-02
     vertex -2.120077e-01  3.370250e-01 -2.292023e-02
   endloop
 endfacet
 facet normal  7.309434e-01  6.699681e-01 -1.298636e-01
   outer loop
     vertex -2.003304e-01  3.244145e-01 -2.225175e-02
     vertex -2.120077e-01  3.370250e-01 -2.292023e-02
     vertex -2.104657e-01  3.370137e-01 -1.429939e-02
   endloop
 endfacet
 facet normal  7.315028e-01  6.709310e-01 -1.214717e-01
   outer loop
     vertex -2.003304e-01  3.244145e-01 -2.225175e-02
     vertex -2.008485e-01  3.244210e-01 -2.533596e-02
     vertex -2.120077e-01  3.370250e-01 -2.292023e-02
   endloop
 endfacet
 facet normal  7.289815e-01  6.712203e-01 -1.343478e-01
   outer loop
     vertex -1.995758e-01  3.244055e-01 -1.820275e-02
     vertex -2.003304e-01  3.244145e-01 -2.225175e-02
     vertex -2.104657e-01  3.370137e-01 -1.429939e-02
   endloop
 endfacet
 facet normal  7.255714e-01  6.722334e-01 -1.471338e-01
   outer loop
     vertex -1.989493e-01  3.243992e-01 -1.514172e-02
     vertex -1.995758e-01  3.244055e-01 -1.820275e-02
     vertex -2.104657e-01  3.370137e-01 -1.429939e-02
   endloop
 endfacet
 facet normal  7.236215e-01  6.713305e-01 -1.602726e-01
   outer loop
     vertex -1.980525e-01  3.243903e-01 -1.112988e-02
     vertex -1.989493e-01  3.243992e-01 -1.514172e-02
     vertex -2.104657e-01  3.370137e-01 -1.429939e-02
   endloop
 endfacet
 facet normal  7.236155e-01  6.715606e-01 -1.593327e-01
   outer loop
     vertex -1.980525e-01  3.243903e-01 -1.112988e-02
     vertex -2.104657e-01  3.370137e-01 -1.429939e-02
     vertex -2.085762e-01  3.370033e-01 -5.761945e-03
   endloop
 endfacet
 facet normal  7.188421e-01  6.733375e-01 -1.728660e-01
   outer loop
     vertex -1.973173e-01  3.243842e-01 -8.096583e-03
     vertex -1.980525e-01  3.243903e-01 -1.112988e-02
     vertex -2.085762e-01  3.370033e-01 -5.761945e-03
   endloop
 endfacet
 facet normal  7.158296e-01  6.730665e-01 -1.859288e-01
   outer loop
     vertex -1.962784e-01  3.243756e-01 -4.128011e-03
     vertex -1.973173e-01  3.243842e-01 -8.096583e-03
     vertex -2.085762e-01  3.370033e-01 -5.761945e-03
   endloop
 endfacet
 facet normal  7.156053e-01  6.724519e-01 -1.889906e-01
   outer loop
     vertex -1.962784e-01  3.243756e-01 -4.128011e-03
     vertex -2.085762e-01  3.370033e-01 -5.761945e-03
     vertex -2.063392e-01  3.369941e-01  2.675300e-03
   endloop
 endfacet
 facet normal  7.112824e-01  6.742381e-01 -1.986966e-01
   outer loop
     vertex -1.954345e-01  3.243696e-01 -1.127015e-03
     vertex -1.962784e-01  3.243756e-01 -4.128011e-03
     vertex -2.063392e-01  3.369941e-01  2.675300e-03
   endloop
 endfacet
 facet normal  7.077505e-01  6.745609e-01 -2.098973e-01
   outer loop
     vertex -1.945431e-01  3.243638e-01  1.859687e-03
     vertex -1.954345e-01  3.243696e-01 -1.127015e-03
     vertex -2.063392e-01  3.369941e-01  2.675300e-03
   endloop
 endfacet
 facet normal  7.060578e-01  6.735466e-01 -2.186716e-01
   outer loop
     vertex -1.945431e-01  3.243638e-01  1.859687e-03
     vertex -2.063392e-01  3.369941e-01  2.675300e-03
     vertex -2.037547e-01  3.369860e-01  1.099554e-02
   endloop
 endfacet
 facet normal  7.035500e-01  6.747815e-01 -2.229063e-01
   outer loop
     vertex -1.933007e-01  3.243556e-01  5.756267e-03
     vertex -1.945431e-01  3.243638e-01  1.859687e-03
     vertex -2.037547e-01  3.369860e-01  1.099554e-02
   endloop
 endfacet
 facet normal  6.983676e-01  6.758087e-01 -2.357229e-01
   outer loop
     vertex -1.923003e-01  3.243500e-01  8.704076e-03
     vertex -1.933007e-01  3.243556e-01  5.756267e-03
     vertex -2.037547e-01  3.369860e-01  1.099554e-02
   endloop
 endfacet
 facet normal  6.946292e-01  6.748512e-01 -2.491308e-01
   outer loop
     vertex -1.909160e-01  3.243422e-01  1.254253e-02
     vertex -1.923003e-01  3.243500e-01  8.704076e-03
     vertex -2.037547e-01  3.369860e-01  1.099554e-02
   endloop
 endfacet
 facet normal  6.947319e-01  6.750600e-01 -2.482770e-01
   outer loop
     vertex -1.909160e-01  3.243422e-01  1.254253e-02
     vertex -2.037547e-01  3.369860e-01  1.099554e-02
     vertex -2.008226e-01  3.369793e-01  1.918196e-02
   endloop
 endfacet
 facet normal  6.880525e-01  6.768487e-01 -2.616478e-01
   outer loop
     vertex -1.898063e-01  3.243368e-01  1.544676e-02
     vertex -1.909160e-01  3.243422e-01  1.254253e-02
     vertex -2.008226e-01  3.369793e-01  1.918196e-02
   endloop
 endfacet
 facet normal  6.831858e-01  6.765244e-01 -2.749033e-01
   outer loop
     vertex -1.882802e-01  3.243293e-01  1.922101e-02
     vertex -1.898063e-01  3.243368e-01  1.544676e-02
     vertex -2.008226e-01  3.369793e-01  1.918196e-02
   endloop
 endfacet
 facet normal  6.825319e-01  6.758661e-01 -2.781279e-01
   outer loop
     vertex -1.882802e-01  3.243293e-01  1.922101e-02
     vertex -2.008226e-01  3.369793e-01  1.918196e-02
     vertex -1.975428e-01  3.369740e-01  2.721777e-02
   endloop
 endfacet
 facet normal  6.767556e-01  6.776747e-01 -2.876784e-01
   outer loop
     vertex -1.870611e-01  3.243242e-01  2.207694e-02
     vertex -1.882802e-01  3.243293e-01  1.922101e-02
     vertex -1.975428e-01  3.369740e-01  2.721777e-02
   endloop
 endfacet
 facet normal  6.715501e-01  6.779576e-01 -2.989881e-01
   outer loop
     vertex -1.857940e-01  3.243193e-01  2.491165e-02
     vertex -1.870611e-01  3.243242e-01  2.207694e-02
     vertex -1.975428e-01  3.369740e-01  2.721777e-02
   endloop
 endfacet
 facet normal  6.686135e-01  6.768596e-01 -3.079237e-01
   outer loop
     vertex -1.857940e-01  3.243193e-01  2.491165e-02
     vertex -1.975428e-01  3.369740e-01  2.721777e-02
     vertex -1.939153e-01  3.369703e-01  3.508614e-02
   endloop
 endfacet
 facet normal  6.653752e-01  6.781377e-01 -3.120977e-01
   outer loop
     vertex -1.840646e-01  3.243124e-01  2.858377e-02
     vertex -1.857940e-01  3.243193e-01  2.491165e-02
     vertex -1.939153e-01  3.369703e-01  3.508614e-02
   endloop
 endfacet
 facet normal  6.528538e-01  6.781118e-01 -3.375593e-01
   outer loop
     vertex -1.826878e-01  3.243077e-01  3.136329e-02
     vertex -1.939153e-01  3.369703e-01  3.508614e-02
     vertex -1.899401e-01  3.369683e-01  4.277029e-02
   endloop
 endfacet
 facet normal  6.581986e-01  6.791285e-01 -3.248986e-01
   outer loop
     vertex -1.826878e-01  3.243077e-01  3.136329e-02
     vertex -1.840646e-01  3.243124e-01  2.858377e-02
     vertex -1.939153e-01  3.369703e-01  3.508614e-02
   endloop
 endfacet
 facet normal  6.521084e-01  6.784215e-01 -3.383770e-01
   outer loop
     vertex -1.808166e-01  3.243013e-01  3.495638e-02
     vertex -1.826878e-01  3.243077e-01  3.136329e-02
     vertex -1.899401e-01  3.369683e-01  4.277029e-02
   endloop
 endfacet
 facet normal  6.437373e-01  6.800820e-01 -3.508429e-01
   outer loop
     vertex -1.793300e-01  3.242970e-01  3.767588e-02
     vertex -1.808166e-01  3.243013e-01  3.495638e-02
     vertex -1.899401e-01  3.369683e-01  4.277029e-02
   endloop
 endfacet
 facet normal  6.367674e-01  6.796184e-01 -3.642061e-01
   outer loop
     vertex -1.773172e-01  3.242911e-01  4.118388e-02
     vertex -1.793300e-01  3.242970e-01  3.767588e-02
     vertex -1.899401e-01  3.369683e-01  4.277029e-02
   endloop
 endfacet
 facet normal  6.357259e-01  6.789609e-01 -3.672392e-01
   outer loop
     vertex -1.773172e-01  3.242911e-01  4.118388e-02
     vertex -1.899401e-01  3.369683e-01  4.277029e-02
     vertex -1.856172e-01  3.369681e-01  5.025339e-02
   endloop
 endfacet
 facet normal  6.281114e-01  6.808106e-01 -3.767930e-01
   outer loop
     vertex -1.757205e-01  3.242872e-01  4.383845e-02
     vertex -1.773172e-01  3.242911e-01  4.118388e-02
     vertex -1.856172e-01  3.369681e-01  5.025339e-02
   endloop
 endfacet
 facet normal  6.210110e-01  6.809814e-01 -3.880846e-01
   outer loop
     vertex -1.740755e-01  3.242834e-01  4.646430e-02
     vertex -1.757205e-01  3.242872e-01  4.383845e-02
     vertex -1.856172e-01  3.369681e-01  5.025339e-02
   endloop
 endfacet
 facet normal  6.168505e-01  6.797788e-01 -3.967320e-01
   outer loop
     vertex -1.740755e-01  3.242834e-01  4.646430e-02
     vertex -1.856172e-01  3.369681e-01  5.025339e-02
     vertex -1.809463e-01  3.369698e-01  5.751865e-02
   endloop
 endfacet
 facet normal  6.124980e-01  6.811811e-01 -4.010466e-01
   outer loop
     vertex -1.718593e-01  3.242782e-01  4.984003e-02
     vertex -1.740755e-01  3.242834e-01  4.646430e-02
     vertex -1.809463e-01  3.369698e-01  5.751865e-02
   endloop
 endfacet
 facet normal  6.030931e-01  6.820541e-01 -4.136194e-01
   outer loop
     vertex -1.701042e-01  3.242749e-01  5.239378e-02
     vertex -1.718593e-01  3.242782e-01  4.984003e-02
     vertex -1.809463e-01  3.369698e-01  5.751865e-02
   endloop
 endfacet
 facet normal  5.959467e-01  6.808566e-01 -4.257720e-01
   outer loop
     vertex -1.701042e-01  3.242749e-01  5.239378e-02
     vertex -1.809463e-01  3.369698e-01  5.751865e-02
     vertex -1.759277e-01  3.369736e-01  6.454926e-02
   endloop
 endfacet
 facet normal  5.945431e-01  6.813438e-01 -4.269534e-01
   outer loop
     vertex -1.677464e-01  3.242703e-01  5.566961e-02
     vertex -1.701042e-01  3.242749e-01  5.239378e-02
     vertex -1.759277e-01  3.369736e-01  6.454926e-02
   endloop
 endfacet
 facet normal  5.838999e-01  6.829000e-01 -4.389858e-01
   outer loop
     vertex -1.658811e-01  3.242674e-01  5.814626e-02
     vertex -1.677464e-01  3.242703e-01  5.566961e-02
     vertex -1.759277e-01  3.369736e-01  6.454926e-02
   endloop
 endfacet
 facet normal  5.751222e-01  6.822327e-01 -4.514343e-01
   outer loop
     vertex -1.636352e-01  3.242638e-01  6.100193e-02
     vertex -1.658811e-01  3.242674e-01  5.814626e-02
     vertex -1.759277e-01  3.369736e-01  6.454926e-02
   endloop
 endfacet
 facet normal  5.743522e-01  6.819009e-01 -4.529135e-01
   outer loop
     vertex -1.636352e-01  3.242638e-01  6.100193e-02
     vertex -1.759277e-01  3.369736e-01  6.454926e-02
     vertex -1.711134e-01  3.369788e-01  7.066229e-02
   endloop
 endfacet
 facet normal  5.645456e-01  6.835419e-01 -4.626648e-01
   outer loop
     vertex -1.616659e-01  3.242613e-01  6.340131e-02
     vertex -1.636352e-01  3.242638e-01  6.100193e-02
     vertex -1.711134e-01  3.369788e-01  7.066229e-02
   endloop
 endfacet
 facet normal  5.535697e-01  6.826897e-01 -4.769647e-01
   outer loop
     vertex -1.595393e-01  3.242585e-01  6.588846e-02
     vertex -1.711134e-01  3.369788e-01  7.066229e-02
     vertex -1.665395e-01  3.369851e-01  7.597974e-02
   endloop
 endfacet
 facet normal  5.553622e-01  6.832398e-01 -4.740846e-01
   outer loop
     vertex -1.595393e-01  3.242585e-01  6.588846e-02
     vertex -1.616659e-01  3.242613e-01  6.340131e-02
     vertex -1.711134e-01  3.369788e-01  7.066229e-02
   endloop
 endfacet
 facet normal  5.450199e-01  6.841199e-01 -4.846992e-01
   outer loop
     vertex -1.574716e-01  3.242565e-01  6.821060e-02
     vertex -1.595393e-01  3.242585e-01  6.588846e-02
     vertex -1.665395e-01  3.369851e-01  7.597974e-02
   endloop
 endfacet
 facet normal  5.327321e-01  6.832383e-01 -4.993815e-01
   outer loop
     vertex -1.552426e-01  3.242542e-01  7.061312e-02
     vertex -1.665395e-01  3.369851e-01  7.597974e-02
     vertex -1.617374e-01  3.369930e-01  8.111336e-02
   endloop
 endfacet
 facet normal  5.351580e-01  6.839067e-01 -4.958605e-01
   outer loop
     vertex -1.552426e-01  3.242542e-01  7.061312e-02
     vertex -1.574716e-01  3.242565e-01  6.821060e-02
     vertex -1.665395e-01  3.369851e-01  7.597974e-02
   endloop
 endfacet
 facet normal  5.102103e-01  6.844497e-01 -5.207821e-01
   outer loop
     vertex -1.530768e-01  3.242527e-01  7.285395e-02
     vertex -1.617374e-01  3.369930e-01  8.111336e-02
     vertex -1.567069e-01  3.370025e-01  8.605420e-02
   endloop
 endfacet
 facet normal  4.820104e-01  6.926975e-01 -5.365036e-01
   outer loop
     vertex -1.530768e-01  3.242527e-01  7.285395e-02
     vertex -1.567069e-01  3.370025e-01  8.605420e-02
     vertex -1.514480e-01  3.370136e-01  9.079334e-02
   endloop
 endfacet
 facet normal  5.243188e-01  6.846525e-01 -5.063011e-01
   outer loop
     vertex -1.530768e-01  3.242527e-01  7.285395e-02
     vertex -1.552426e-01  3.242542e-01  7.061312e-02
     vertex -1.617374e-01  3.369930e-01  8.111336e-02
   endloop
 endfacet
 facet normal  2.441831e-01  6.240161e-01  7.422793e-01
   outer loop
     vertex -3.298873e-02  3.170700e-01 -2.300254e-01
     vertex -3.511731e-02  3.246177e-01 -2.356703e-01
     vertex -4.780794e-02  3.098727e-01 -2.190998e-01
   endloop
 endfacet
 facet normal -5.926301e-01  5.743809e-01  5.646912e-01
   outer loop
     vertex -3.298873e-02  3.170700e-01 -2.300254e-01
     vertex -3.014044e-02  3.098179e-01 -2.196596e-01
     vertex -2.983998e-02  3.370399e-01 -2.470334e-01
   endloop
 endfacet
 facet normal  7.666508e-03  8.203412e-01  5.718230e-01
   outer loop
     vertex -3.298873e-02  3.170700e-01 -2.300254e-01
     vertex -3.910478e-02  3.098466e-01 -2.195806e-01
     vertex -3.014044e-02  3.098179e-01 -2.196596e-01
   endloop
 endfacet
 facet normal  3.459532e-02  8.123875e-01  5.820908e-01
   outer loop
     vertex -3.298873e-02  3.170700e-01 -2.300254e-01
     vertex -4.780794e-02  3.098727e-01 -2.190998e-01
     vertex -3.910478e-02  3.098466e-01 -2.195806e-01
   endloop
 endfacet
 facet normal  1.800208e-01  6.211937e-01  7.626998e-01
   outer loop
     vertex -3.298873e-02  3.170700e-01 -2.300254e-01
     vertex -2.983998e-02  3.370399e-01 -2.470334e-01
     vertex -3.511731e-02  3.246177e-01 -2.356703e-01
   endloop
 endfacet
 facet normal  7.982001e-01  5.989990e-01 -6.385083e-02
   outer loop
     vertex -1.968566e-01  3.173096e-01 -3.443711e-02
     vertex -2.028962e-01  3.244596e-01 -4.286200e-02
     vertex -2.026415e-01  3.244529e-01 -3.974078e-02
   endloop
 endfacet
 facet normal  8.023705e-01  5.916720e-01 -7.826795e-02
   outer loop
     vertex -1.968566e-01  3.173096e-01 -3.443711e-02
     vertex -2.026415e-01  3.244529e-01 -3.974078e-02
     vertex -2.022333e-01  3.244434e-01 -3.562773e-02
   endloop
 endfacet
 facet normal  6.094366e-01  7.914425e-01 -4.696526e-02
   outer loop
     vertex -1.968566e-01  3.173096e-01 -3.443711e-02
     vertex -1.875083e-01  3.098101e-01 -3.951029e-02
     vertex -1.879590e-01  3.098189e-01 -4.520962e-02
   endloop
 endfacet
 facet normal  6.027779e-01  7.952663e-01 -6.488761e-02
   outer loop
     vertex -1.968566e-01  3.173096e-01 -3.443711e-02
     vertex -1.868857e-01  3.098015e-01 -3.383084e-02
     vertex -1.875083e-01  3.098101e-01 -3.951029e-02
   endloop
 endfacet
 facet normal  8.025204e-01  5.894215e-01 -9.242967e-02
   outer loop
     vertex -1.968566e-01  3.173096e-01 -3.443711e-02
     vertex -2.022333e-01  3.244434e-01 -3.562773e-02
     vertex -2.018704e-01  3.244368e-01 -3.251885e-02
   endloop
 endfacet
 facet normal  7.043583e-01  7.038088e-01  9.237167e-02
   outer loop
     vertex -1.968566e-01  3.173096e-01 -3.443711e-02
     vertex -1.879590e-01  3.098189e-01 -4.520962e-02
     vertex -2.028962e-01  3.244596e-01 -4.286200e-02
   endloop
 endfacet
 facet normal  6.027557e-01  7.945979e-01 -7.279919e-02
   outer loop
     vertex -1.966719e-01  3.173073e-01 -3.293174e-02
     vertex -1.868857e-01  3.098015e-01 -3.383084e-02
     vertex -1.968566e-01  3.173096e-01 -3.443711e-02
   endloop
 endfacet
 facet normal  8.014668e-01  5.900406e-01 -9.748384e-02
   outer loop
     vertex -1.966719e-01  3.173073e-01 -3.293174e-02
     vertex -1.968566e-01  3.173096e-01 -3.443711e-02
     vertex -2.018704e-01  3.244368e-01 -3.251885e-02
   endloop
 endfacet
 facet normal  8.007345e-01  5.894854e-01 -1.064483e-01
   outer loop
     vertex -1.964106e-01  3.173041e-01 -3.094824e-02
     vertex -2.018704e-01  3.244368e-01 -3.251885e-02
     vertex -2.013197e-01  3.244275e-01 -2.842803e-02
   endloop
 endfacet
 facet normal  6.009433e-01  7.949375e-01 -8.331571e-02
   outer loop
     vertex -1.964106e-01  3.173041e-01 -3.094824e-02
     vertex -1.860912e-01  3.097934e-01 -2.817757e-02
     vertex -1.868857e-01  3.098015e-01 -3.383084e-02
   endloop
 endfacet
 facet normal  8.006966e-01  5.898853e-01 -1.045002e-01
   outer loop
     vertex -1.964106e-01  3.173041e-01 -3.094824e-02
     vertex -1.966719e-01  3.173073e-01 -3.293174e-02
     vertex -2.018704e-01  3.244368e-01 -3.251885e-02
   endloop
 endfacet
 facet normal  6.022117e-01  7.945145e-01 -7.802351e-02
   outer loop
     vertex -1.964106e-01  3.173041e-01 -3.094824e-02
     vertex -1.868857e-01  3.098015e-01 -3.383084e-02
     vertex -1.966719e-01  3.173073e-01 -3.293174e-02
   endloop
 endfacet
 facet normal  6.012297e-01  7.944738e-01 -8.563963e-02
   outer loop
     vertex -1.959772e-01  3.172996e-01 -2.794695e-02
     vertex -1.860912e-01  3.097934e-01 -2.817757e-02
     vertex -1.964106e-01  3.173041e-01 -3.094824e-02
   endloop
 endfacet
 facet normal  7.982452e-01  5.901756e-01 -1.204048e-01
   outer loop
     vertex -1.959772e-01  3.172996e-01 -2.794695e-02
     vertex -2.013197e-01  3.244275e-01 -2.842803e-02
     vertex -2.008485e-01  3.244210e-01 -2.533596e-02
   endloop
 endfacet
 facet normal  7.986175e-01  5.908567e-01 -1.144481e-01
   outer loop
     vertex -1.959772e-01  3.172996e-01 -2.794695e-02
     vertex -1.964106e-01  3.173041e-01 -3.094824e-02
     vertex -2.013197e-01  3.244275e-01 -2.842803e-02
   endloop
 endfacet
 facet normal  7.973615e-01  5.907215e-01 -1.235423e-01
   outer loop
     vertex -1.957435e-01  3.172974e-01 -2.644943e-02
     vertex -1.959772e-01  3.172996e-01 -2.794695e-02
     vertex -2.008485e-01  3.244210e-01 -2.533596e-02
   endloop
 endfacet
 facet normal  6.007532e-01  7.940586e-01 -9.255568e-02
   outer loop
     vertex -1.957435e-01  3.172974e-01 -2.644943e-02
     vertex -1.860912e-01  3.097934e-01 -2.817757e-02
     vertex -1.959772e-01  3.172996e-01 -2.794695e-02
   endloop
 endfacet
 facet normal  7.962778e-01  5.908891e-01 -1.295830e-01
   outer loop
     vertex -1.954984e-01  3.172951e-01 -2.495350e-02
     vertex -1.957435e-01  3.172974e-01 -2.644943e-02
     vertex -2.008485e-01  3.244210e-01 -2.533596e-02
   endloop
 endfacet
 facet normal  5.986638e-01  7.944989e-01 -1.018492e-01
   outer loop
     vertex -1.954984e-01  3.172951e-01 -2.495350e-02
     vertex -1.851247e-01  3.097857e-01 -2.255681e-02
     vertex -1.860912e-01  3.097934e-01 -2.817757e-02
   endloop
 endfacet
 facet normal  7.960455e-01  5.905591e-01 -1.324822e-01
   outer loop
     vertex -1.954984e-01  3.172951e-01 -2.495350e-02
     vertex -2.008485e-01  3.244210e-01 -2.533596e-02
     vertex -2.003304e-01  3.244145e-01 -2.225175e-02
   endloop
 endfacet
 facet normal  5.999732e-01  7.941043e-01 -9.711036e-02
   outer loop
     vertex -1.954984e-01  3.172951e-01 -2.495350e-02
     vertex -1.860912e-01  3.097934e-01 -2.817757e-02
     vertex -1.957435e-01  3.172974e-01 -2.644943e-02
   endloop
 endfacet
 facet normal  7.942084e-01  5.916299e-01 -1.385896e-01
   outer loop
     vertex -1.949742e-01  3.172906e-01 -2.196875e-02
     vertex -1.954984e-01  3.172951e-01 -2.495350e-02
     vertex -2.003304e-01  3.244145e-01 -2.225175e-02
   endloop
 endfacet
 facet normal  7.934438e-01  5.907392e-01 -1.465403e-01
   outer loop
     vertex -1.949742e-01  3.172906e-01 -2.196875e-02
     vertex -2.003304e-01  3.244145e-01 -2.225175e-02
     vertex -1.995758e-01  3.244055e-01 -1.820275e-02
   endloop
 endfacet
 facet normal  5.988521e-01  7.940820e-01 -1.039706e-01
   outer loop
     vertex -1.949742e-01  3.172906e-01 -2.196875e-02
     vertex -1.851247e-01  3.097857e-01 -2.255681e-02
     vertex -1.954984e-01  3.172951e-01 -2.495350e-02
   endloop
 endfacet
 facet normal  7.926005e-01  5.913331e-01 -1.486927e-01
   outer loop
     vertex -1.946038e-01  3.172873e-01 -2.000754e-02
     vertex -1.949742e-01  3.172906e-01 -2.196875e-02
     vertex -1.995758e-01  3.244055e-01 -1.820275e-02
   endloop
 endfacet
 facet normal  5.980604e-01  7.936415e-01 -1.116105e-01
   outer loop
     vertex -1.946038e-01  3.172873e-01 -2.000754e-02
     vertex -1.851247e-01  3.097857e-01 -2.255681e-02
     vertex -1.949742e-01  3.172906e-01 -2.196875e-02
   endloop
 endfacet
 facet normal  7.908511e-01  5.918799e-01 -1.556686e-01
   outer loop
     vertex -1.943096e-01  3.172850e-01 -1.852173e-02
     vertex -1.946038e-01  3.172873e-01 -2.000754e-02
     vertex -1.995758e-01  3.244055e-01 -1.820275e-02
   endloop
 endfacet
 facet normal  5.955646e-01  7.942281e-01 -1.204349e-01
   outer loop
     vertex -1.943096e-01  3.172850e-01 -1.852173e-02
     vertex -1.839863e-01  3.097784e-01 -1.697490e-02
     vertex -1.851247e-01  3.097857e-01 -2.255681e-02
   endloop
 endfacet
 facet normal  7.901228e-01  5.915583e-01 -1.605139e-01
   outer loop
     vertex -1.943096e-01  3.172850e-01 -1.852173e-02
     vertex -1.995758e-01  3.244055e-01 -1.820275e-02
     vertex -1.989493e-01  3.243992e-01 -1.514172e-02
   endloop
 endfacet
 facet normal  5.967830e-01  7.938366e-01 -1.169339e-01
   outer loop
     vertex -1.943096e-01  3.172850e-01 -1.852173e-02
     vertex -1.851247e-01  3.097857e-01 -2.255681e-02
     vertex -1.946038e-01  3.172873e-01 -2.000754e-02
   endloop
 endfacet
 facet normal  5.956492e-01  7.936351e-01 -1.238767e-01
   outer loop
     vertex -1.936872e-01  3.172804e-01 -1.555861e-02
     vertex -1.839863e-01  3.097784e-01 -1.697490e-02
     vertex -1.943096e-01  3.172850e-01 -1.852173e-02
   endloop
 endfacet
 facet normal  7.885410e-01  5.925168e-01 -1.647026e-01
   outer loop
     vertex -1.936872e-01  3.172804e-01 -1.555861e-02
     vertex -1.943096e-01  3.172850e-01 -1.852173e-02
     vertex -1.989493e-01  3.243992e-01 -1.514172e-02
   endloop
 endfacet
 facet normal  5.943410e-01  7.933862e-01 -1.315187e-01
   outer loop
     vertex -1.932525e-01  3.172771e-01 -1.361436e-02
     vertex -1.839863e-01  3.097784e-01 -1.697490e-02
     vertex -1.936872e-01  3.172804e-01 -1.555861e-02
   endloop
 endfacet
 facet normal  7.868390e-01  5.918560e-01 -1.749028e-01
   outer loop
     vertex -1.932525e-01  3.172771e-01 -1.361436e-02
     vertex -1.936872e-01  3.172804e-01 -1.555861e-02
     vertex -1.989493e-01  3.243992e-01 -1.514172e-02
   endloop
 endfacet
 facet normal  7.868512e-01  5.919347e-01 -1.745810e-01
   outer loop
     vertex -1.932525e-01  3.172771e-01 -1.361436e-02
     vertex -1.989493e-01  3.243992e-01 -1.514172e-02
     vertex -1.980525e-01  3.243903e-01 -1.112988e-02
   endloop
 endfacet
 facet normal  7.830632e-01  5.926582e-01 -1.885955e-01
   outer loop
     vertex -1.925546e-01  3.172724e-01 -1.067006e-02
     vertex -1.980525e-01  3.243903e-01 -1.112988e-02
     vertex -1.973173e-01  3.243842e-01 -8.096583e-03
   endloop
 endfacet
 facet normal  7.835171e-01  5.932539e-01 -1.847994e-01
   outer loop
     vertex -1.925546e-01  3.172724e-01 -1.067006e-02
     vertex -1.932525e-01  3.172771e-01 -1.361436e-02
     vertex -1.980525e-01  3.243903e-01 -1.112988e-02
   endloop
 endfacet
 facet normal  5.919533e-01  7.938721e-01 -1.391343e-01
   outer loop
     vertex -1.925546e-01  3.172724e-01 -1.067006e-02
     vertex -1.826758e-01  3.097717e-01 -1.143815e-02
     vertex -1.839863e-01  3.097784e-01 -1.697490e-02
   endloop
 endfacet
 facet normal  5.919819e-01  7.938601e-01 -1.390811e-01
   outer loop
     vertex -1.925546e-01  3.172724e-01 -1.067006e-02
     vertex -1.839863e-01  3.097784e-01 -1.697490e-02
     vertex -1.932525e-01  3.172771e-01 -1.361436e-02
   endloop
 endfacet
 facet normal  7.812231e-01  5.933607e-01 -1.939424e-01
   outer loop
     vertex -1.921886e-01  3.172701e-01 -9.202900e-03
     vertex -1.925546e-01  3.172724e-01 -1.067006e-02
     vertex -1.973173e-01  3.243842e-01 -8.096583e-03
   endloop
 endfacet
 facet normal  5.909904e-01  7.933247e-01 -1.461721e-01
   outer loop
     vertex -1.921886e-01  3.172701e-01 -9.202900e-03
     vertex -1.826758e-01  3.097717e-01 -1.143815e-02
     vertex -1.925546e-01  3.172724e-01 -1.067006e-02
   endloop
 endfacet
 facet normal  5.897082e-01  7.932820e-01 -1.514856e-01
   outer loop
     vertex -1.916897e-01  3.172668e-01 -7.278181e-03
     vertex -1.826758e-01  3.097717e-01 -1.143815e-02
     vertex -1.921886e-01  3.172701e-01 -9.202900e-03
   endloop
 endfacet
 facet normal  7.795209e-01  5.932372e-01 -2.010392e-01
   outer loop
     vertex -1.916897e-01  3.172668e-01 -7.278181e-03
     vertex -1.921886e-01  3.172701e-01 -9.202900e-03
     vertex -1.973173e-01  3.243842e-01 -8.096583e-03
   endloop
 endfacet
 facet normal  5.872671e-01  7.938589e-01 -1.578143e-01
   outer loop
     vertex -1.916897e-01  3.172668e-01 -7.278181e-03
     vertex -1.811934e-01  3.097655e-01 -5.952896e-03
     vertex -1.826758e-01  3.097717e-01 -1.143815e-02
   endloop
 endfacet
 facet normal  7.793401e-01  5.929001e-01 -2.027274e-01
   outer loop
     vertex -1.916897e-01  3.172668e-01 -7.278181e-03
     vertex -1.973173e-01  3.243842e-01 -8.096583e-03
     vertex -1.962784e-01  3.243756e-01 -4.128011e-03
   endloop
 endfacet
 facet normal  5.872532e-01  7.936098e-01 -1.591138e-01
   outer loop
     vertex -1.908933e-01  3.172621e-01 -4.362260e-03
     vertex -1.811934e-01  3.097655e-01 -5.952896e-03
     vertex -1.916897e-01  3.172668e-01 -7.278181e-03
   endloop
 endfacet
 facet normal  7.760000e-01  5.944005e-01 -2.109786e-01
   outer loop
     vertex -1.908933e-01  3.172621e-01 -4.362260e-03
     vertex -1.916897e-01  3.172668e-01 -7.278181e-03
     vertex -1.962784e-01  3.243756e-01 -4.128011e-03
   endloop
 endfacet
 facet normal  7.749009e-01  5.937584e-01 -2.167479e-01
   outer loop
     vertex -1.908933e-01  3.172621e-01 -4.362260e-03
     vertex -1.962784e-01  3.243756e-01 -4.128011e-03
     vertex -1.954345e-01  3.243696e-01 -1.127015e-03
   endloop
 endfacet
 facet normal  7.734480e-01  5.943908e-01 -2.201765e-01
   outer loop
     vertex -1.904781e-01  3.172598e-01 -2.909987e-03
     vertex -1.908933e-01  3.172621e-01 -4.362260e-03
     vertex -1.954345e-01  3.243696e-01 -1.127015e-03
   endloop
 endfacet
 facet normal  5.857974e-01  7.932315e-01 -1.662084e-01
   outer loop
     vertex -1.904781e-01  3.172598e-01 -2.909987e-03
     vertex -1.811934e-01  3.097655e-01 -5.952896e-03
     vertex -1.908933e-01  3.172621e-01 -4.362260e-03
   endloop
 endfacet
 facet normal  5.819050e-01  7.938598e-01 -1.765594e-01
   outer loop
     vertex -1.900513e-01  3.172575e-01 -1.460729e-03
     vertex -1.795390e-01  3.097599e-01 -5.254586e-04
     vertex -1.811934e-01  3.097655e-01 -5.952896e-03
   endloop
 endfacet
 facet normal  7.709804e-01  5.942915e-01 -2.289254e-01
   outer loop
     vertex -1.900513e-01  3.172575e-01 -1.460729e-03
     vertex -1.954345e-01  3.243696e-01 -1.127015e-03
     vertex -1.945431e-01  3.243638e-01  1.859687e-03
   endloop
 endfacet
 facet normal  5.843519e-01  7.933163e-01 -1.708280e-01
   outer loop
     vertex -1.900513e-01  3.172575e-01 -1.460729e-03
     vertex -1.811934e-01  3.097655e-01 -5.952896e-03
     vertex -1.904781e-01  3.172598e-01 -2.909987e-03
   endloop
 endfacet
 facet normal  7.715346e-01  5.945867e-01 -2.262765e-01
   outer loop
     vertex -1.900513e-01  3.172575e-01 -1.460729e-03
     vertex -1.904781e-01  3.172598e-01 -2.909987e-03
     vertex -1.954345e-01  3.243696e-01 -1.127015e-03
   endloop
 endfacet
 facet normal  7.663740e-01  5.946182e-01 -2.431051e-01
   outer loop
     vertex -1.891635e-01  3.172528e-01  1.425544e-03
     vertex -1.945431e-01  3.243638e-01  1.859687e-03
     vertex -1.933007e-01  3.243556e-01  5.756267e-03
   endloop
 endfacet
 facet normal  7.681388e-01  5.954773e-01 -2.353074e-01
   outer loop
     vertex -1.891635e-01  3.172528e-01  1.425544e-03
     vertex -1.900513e-01  3.172575e-01 -1.460729e-03
     vertex -1.945431e-01  3.243638e-01  1.859687e-03
   endloop
 endfacet
 facet normal  5.818529e-01  7.936460e-01 -1.776885e-01
   outer loop
     vertex -1.891635e-01  3.172528e-01  1.425544e-03
     vertex -1.795390e-01  3.097599e-01 -5.254586e-04
     vertex -1.900513e-01  3.172575e-01 -1.460729e-03
   endloop
 endfacet
 facet normal  7.650519e-01  5.953250e-01 -2.455273e-01
   outer loop
     vertex -1.885556e-01  3.172494e-01  3.311720e-03
     vertex -1.891635e-01  3.172528e-01  1.425544e-03
     vertex -1.933007e-01  3.243556e-01  5.756267e-03
   endloop
 endfacet
 facet normal  5.799542e-01  7.932449e-01 -1.855146e-01
   outer loop
     vertex -1.885556e-01  3.172494e-01  3.311720e-03
     vertex -1.795390e-01  3.097599e-01 -5.254586e-04
     vertex -1.891635e-01  3.172528e-01  1.425544e-03
   endloop
 endfacet
 facet normal  7.610105e-01  5.956039e-01 -2.571361e-01
   outer loop
     vertex -1.880794e-01  3.172471e-01  4.743723e-03
     vertex -1.933007e-01  3.243556e-01  5.756267e-03
     vertex -1.923003e-01  3.243500e-01  8.704076e-03
   endloop
 endfacet
 facet normal  5.756351e-01  7.940432e-01 -1.952938e-01
   outer loop
     vertex -1.880794e-01  3.172471e-01  4.743723e-03
     vertex -1.777126e-01  3.097549e-01  4.837835e-03
     vertex -1.795390e-01  3.097599e-01 -5.254586e-04
   endloop
 endfacet
 facet normal  7.623157e-01  5.959062e-01 -2.525283e-01
   outer loop
     vertex -1.880794e-01  3.172471e-01  4.743723e-03
     vertex -1.885556e-01  3.172494e-01  3.311720e-03
     vertex -1.933007e-01  3.243556e-01  5.756267e-03
   endloop
 endfacet
 facet normal  5.778766e-01  7.934896e-01 -1.908742e-01
   outer loop
     vertex -1.880794e-01  3.172471e-01  4.743723e-03
     vertex -1.795390e-01  3.097599e-01 -5.254586e-04
     vertex -1.885556e-01  3.172494e-01  3.311720e-03
   endloop
 endfacet
 facet normal  5.753516e-01  7.936189e-01 -1.978373e-01
   outer loop
     vertex -1.870928e-01  3.172424e-01  7.594084e-03
     vertex -1.777126e-01  3.097549e-01  4.837835e-03
     vertex -1.880794e-01  3.172471e-01  4.743723e-03
   endloop
 endfacet
 facet normal  7.586413e-01  5.966830e-01 -2.615965e-01
   outer loop
     vertex -1.870928e-01  3.172424e-01  7.594084e-03
     vertex -1.880794e-01  3.172471e-01  4.743723e-03
     vertex -1.923003e-01  3.243500e-01  8.704076e-03
   endloop
 endfacet
 facet normal  7.556264e-01  5.961803e-01 -2.712892e-01
   outer loop
     vertex -1.864207e-01  3.172391e-01  9.453761e-03
     vertex -1.923003e-01  3.243500e-01  8.704076e-03
     vertex -1.909160e-01  3.243422e-01  1.254253e-02
   endloop
 endfacet
 facet normal  5.728984e-01  7.934133e-01 -2.056277e-01
   outer loop
     vertex -1.864207e-01  3.172391e-01  9.453761e-03
     vertex -1.777126e-01  3.097549e-01  4.837835e-03
     vertex -1.870928e-01  3.172424e-01  7.594084e-03
   endloop
 endfacet
 facet normal  7.555104e-01  5.960111e-01 -2.719831e-01
   outer loop
     vertex -1.864207e-01  3.172391e-01  9.453761e-03
     vertex -1.870928e-01  3.172424e-01  7.594084e-03
     vertex -1.923003e-01  3.243500e-01  8.704076e-03
   endloop
 endfacet
 facet normal  5.693556e-01  7.939637e-01 -2.132038e-01
   outer loop
     vertex -1.853581e-01  3.172345e-01  1.227431e-02
     vertex -1.777126e-01  3.097549e-01  4.837835e-03
     vertex -1.864207e-01  3.172391e-01  9.453761e-03
   endloop
 endfacet
 facet normal  5.687106e-01  7.941871e-01 -2.140916e-01
   outer loop
     vertex -1.853581e-01  3.172345e-01  1.227431e-02
     vertex -1.757141e-01  3.097506e-01  1.013066e-02
     vertex -1.777126e-01  3.097549e-01  4.837835e-03
   endloop
 endfacet
 facet normal  7.497413e-01  5.970377e-01 -2.853663e-01
   outer loop
     vertex -1.853581e-01  3.172345e-01  1.227431e-02
     vertex -1.909160e-01  3.243422e-01  1.254253e-02
     vertex -1.898063e-01  3.243368e-01  1.544676e-02
   endloop
 endfacet
 facet normal  7.506322e-01  5.976007e-01 -2.818240e-01
   outer loop
     vertex -1.853581e-01  3.172345e-01  1.227431e-02
     vertex -1.864207e-01  3.172391e-01  9.453761e-03
     vertex -1.909160e-01  3.243422e-01  1.254253e-02
   endloop
 endfacet
 facet normal  7.469320e-01  5.978159e-01 -2.910476e-01
   outer loop
     vertex -1.848096e-01  3.172321e-01  1.367701e-02
     vertex -1.853581e-01  3.172345e-01  1.227431e-02
     vertex -1.898063e-01  3.243368e-01  1.544676e-02
   endloop
 endfacet
 facet normal  5.669589e-01  7.937250e-01 -2.203593e-01
   outer loop
     vertex -1.848096e-01  3.172321e-01  1.367701e-02
     vertex -1.757141e-01  3.097506e-01  1.013066e-02
     vertex -1.853581e-01  3.172345e-01  1.227431e-02
   endloop
 endfacet
 facet normal  7.441982e-01  5.976834e-01 -2.982342e-01
   outer loop
     vertex -1.840733e-01  3.172288e-01  1.550762e-02
     vertex -1.848096e-01  3.172321e-01  1.367701e-02
     vertex -1.898063e-01  3.243368e-01  1.544676e-02
   endloop
 endfacet
 facet normal  7.438714e-01  5.974082e-01 -2.995976e-01
   outer loop
     vertex -1.840733e-01  3.172288e-01  1.550762e-02
     vertex -1.898063e-01  3.243368e-01  1.544676e-02
     vertex -1.882802e-01  3.243293e-01  1.922101e-02
   endloop
 endfacet
 facet normal  5.648511e-01  7.937148e-01 -2.257434e-01
   outer loop
     vertex -1.840733e-01  3.172288e-01  1.550762e-02
     vertex -1.757141e-01  3.097506e-01  1.013066e-02
     vertex -1.848096e-01  3.172321e-01  1.367701e-02
   endloop
 endfacet
 facet normal  5.609883e-01  7.943866e-01 -2.328993e-01
   outer loop
     vertex -1.829116e-01  3.172242e-01  1.828523e-02
     vertex -1.735436e-01  3.097471e-01  1.534669e-02
     vertex -1.757141e-01  3.097506e-01  1.013066e-02
   endloop
 endfacet
 facet normal  5.607307e-01  7.944774e-01 -2.332099e-01
   outer loop
     vertex -1.829116e-01  3.172242e-01  1.828523e-02
     vertex -1.757141e-01  3.097506e-01  1.013066e-02
     vertex -1.840733e-01  3.172288e-01  1.550762e-02
   endloop
 endfacet
 facet normal  7.390726e-01  5.990247e-01 -3.081252e-01
   outer loop
     vertex -1.829116e-01  3.172242e-01  1.828523e-02
     vertex -1.840733e-01  3.172288e-01  1.550762e-02
     vertex -1.882802e-01  3.243293e-01  1.922101e-02
   endloop
 endfacet
 facet normal  7.372643e-01  5.983859e-01 -3.136489e-01
   outer loop
     vertex -1.829116e-01  3.172242e-01  1.828523e-02
     vertex -1.882802e-01  3.243293e-01  1.922101e-02
     vertex -1.870611e-01  3.243242e-01  2.207694e-02
   endloop
 endfacet
 facet normal  5.583008e-01  7.940114e-01 -2.405122e-01
   outer loop
     vertex -1.823136e-01  3.172219e-01  1.966575e-02
     vertex -1.735436e-01  3.097471e-01  1.534669e-02
     vertex -1.829116e-01  3.172242e-01  1.828523e-02
   endloop
 endfacet
 facet normal  7.350683e-01  5.991075e-01 -3.174033e-01
   outer loop
     vertex -1.823136e-01  3.172219e-01  1.966575e-02
     vertex -1.829116e-01  3.172242e-01  1.828523e-02
     vertex -1.870611e-01  3.243242e-01  2.207694e-02
   endloop
 endfacet
 facet normal  5.561066e-01  7.941272e-01 -2.451681e-01
   outer loop
     vertex -1.817038e-01  3.172196e-01  2.104161e-02
     vertex -1.735436e-01  3.097471e-01  1.534669e-02
     vertex -1.823136e-01  3.172219e-01  1.966575e-02
   endloop
 endfacet
 facet normal  7.314155e-01  5.990244e-01 -3.258851e-01
   outer loop
     vertex -1.817038e-01  3.172196e-01  2.104161e-02
     vertex -1.870611e-01  3.243242e-01  2.207694e-02
     vertex -1.857940e-01  3.243193e-01  2.491165e-02
   endloop
 endfacet
 facet normal  7.322266e-01  5.992965e-01 -3.235551e-01
   outer loop
     vertex -1.817038e-01  3.172196e-01  2.104161e-02
     vertex -1.823136e-01  3.172219e-01  1.966575e-02
     vertex -1.870611e-01  3.243242e-01  2.207694e-02
   endloop
 endfacet
 facet normal  7.273418e-01  6.003153e-01 -3.325589e-01
   outer loop
     vertex -1.804499e-01  3.172151e-01  2.377588e-02
     vertex -1.817038e-01  3.172196e-01  2.104161e-02
     vertex -1.857940e-01  3.243193e-01  2.491165e-02
   endloop
 endfacet
 facet normal  5.522950e-01  7.947665e-01 -2.516276e-01
   outer loop
     vertex -1.804499e-01  3.172151e-01  2.377588e-02
     vertex -1.712011e-01  3.097443e-01  2.047960e-02
     vertex -1.735436e-01  3.097471e-01  1.534669e-02
   endloop
 endfacet
 facet normal  7.245649e-01  5.994355e-01 -3.401216e-01
   outer loop
     vertex -1.804499e-01  3.172151e-01  2.377588e-02
     vertex -1.857940e-01  3.243193e-01  2.491165e-02
     vertex -1.840646e-01  3.243124e-01  2.858377e-02
   endloop
 endfacet
 facet normal  5.520853e-01  7.948378e-01 -2.518626e-01
   outer loop
     vertex -1.804499e-01  3.172151e-01  2.377588e-02
     vertex -1.735436e-01  3.097471e-01  1.534669e-02
     vertex -1.817038e-01  3.172196e-01  2.104161e-02
   endloop
 endfacet
 facet normal  5.490367e-01  7.943707e-01 -2.598727e-01
   outer loop
     vertex -1.796046e-01  3.172118e-01  2.555166e-02
     vertex -1.712011e-01  3.097443e-01  2.047960e-02
     vertex -1.804499e-01  3.172151e-01  2.377588e-02
   endloop
 endfacet
 facet normal  7.225906e-01  6.002704e-01 -3.428386e-01
   outer loop
     vertex -1.796046e-01  3.172118e-01  2.555166e-02
     vertex -1.804499e-01  3.172151e-01  2.377588e-02
     vertex -1.840646e-01  3.243124e-01  2.858377e-02
   endloop
 endfacet
 facet normal  5.425843e-01  7.953510e-01 -2.702204e-01
   outer loop
     vertex -1.789451e-01  3.172096e-01  2.690283e-02
     vertex -1.686865e-01  3.097424e-01  2.552306e-02
     vertex -1.712011e-01  3.097443e-01  2.047960e-02
   endloop
 endfacet
 facet normal  7.169129e-01  6.005330e-01 -3.541131e-01
   outer loop
     vertex -1.789451e-01  3.172096e-01  2.690283e-02
     vertex -1.840646e-01  3.243124e-01  2.858377e-02
     vertex -1.826878e-01  3.243077e-01  3.136329e-02
   endloop
 endfacet
 facet normal  5.460639e-01  7.946541e-01 -2.652153e-01
   outer loop
     vertex -1.789451e-01  3.172096e-01  2.690283e-02
     vertex -1.712011e-01  3.097443e-01  2.047960e-02
     vertex -1.796046e-01  3.172118e-01  2.555166e-02
   endloop
 endfacet
 facet normal  7.187519e-01  6.008449e-01 -3.498302e-01
   outer loop
     vertex -1.789451e-01  3.172096e-01  2.690283e-02
     vertex -1.796046e-01  3.172118e-01  2.555166e-02
     vertex -1.840646e-01  3.243124e-01  2.858377e-02
   endloop
 endfacet
 facet normal  7.092938e-01  6.010496e-01 -3.682955e-01
   outer loop
     vertex -1.775917e-01  3.172051e-01  2.958631e-02
     vertex -1.826878e-01  3.243077e-01  3.136329e-02
     vertex -1.808166e-01  3.243013e-01  3.495638e-02
   endloop
 endfacet
 facet normal  7.135399e-01  6.017342e-01 -3.588548e-01
   outer loop
     vertex -1.775917e-01  3.172051e-01  2.958631e-02
     vertex -1.789451e-01  3.172096e-01  2.690283e-02
     vertex -1.826878e-01  3.243077e-01  3.136329e-02
   endloop
 endfacet
 facet normal  5.421101e-01  7.950422e-01 -2.720746e-01
   outer loop
     vertex -1.775917e-01  3.172051e-01  2.958631e-02
     vertex -1.686865e-01  3.097424e-01  2.552306e-02
     vertex -1.789451e-01  3.172096e-01  2.690283e-02
   endloop
 endfacet
 facet normal  5.383656e-01  7.948561e-01 -2.799397e-01
   outer loop
     vertex -1.766824e-01  3.172019e-01  3.132605e-02
     vertex -1.686865e-01  3.097424e-01  2.552306e-02
     vertex -1.775917e-01  3.172051e-01  2.958631e-02
   endloop
 endfacet
 facet normal  7.085085e-01  6.014013e-01 -3.692319e-01
   outer loop
     vertex -1.766824e-01  3.172019e-01  3.132605e-02
     vertex -1.775917e-01  3.172051e-01  2.958631e-02
     vertex -1.808166e-01  3.243013e-01  3.495638e-02
   endloop
 endfacet
 facet normal  5.321693e-01  7.958562e-01 -2.888057e-01
   outer loop
     vertex -1.752523e-01  3.171975e-01  3.396816e-02
     vertex -1.659998e-01  3.097413e-01  3.047075e-02
     vertex -1.686865e-01  3.097424e-01  2.552306e-02
   endloop
 endfacet
 facet normal  5.335011e-01  7.954645e-01 -2.874245e-01
   outer loop
     vertex -1.752523e-01  3.171975e-01  3.396816e-02
     vertex -1.686865e-01  3.097424e-01  2.552306e-02
     vertex -1.766824e-01  3.172019e-01  3.132605e-02
   endloop
 endfacet
 facet normal  7.009141e-01  6.021839e-01 -3.822225e-01
   outer loop
     vertex -1.752523e-01  3.171975e-01  3.396816e-02
     vertex -1.808166e-01  3.243013e-01  3.495638e-02
     vertex -1.793300e-01  3.242970e-01  3.767588e-02
   endloop
 endfacet
 facet normal  7.021737e-01  6.027278e-01 -3.790400e-01
   outer loop
     vertex -1.752523e-01  3.171975e-01  3.396816e-02
     vertex -1.766824e-01  3.172019e-01  3.132605e-02
     vertex -1.808166e-01  3.243013e-01  3.495638e-02
   endloop
 endfacet
 facet normal  5.296673e-01  7.954314e-01 -2.945191e-01
   outer loop
     vertex -1.745201e-01  3.171953e-01  3.527901e-02
     vertex -1.659998e-01  3.097413e-01  3.047075e-02
     vertex -1.752523e-01  3.171975e-01  3.396816e-02
   endloop
 endfacet
 facet normal  6.968833e-01  6.030116e-01 -3.882405e-01
   outer loop
     vertex -1.745201e-01  3.171953e-01  3.527901e-02
     vertex -1.752523e-01  3.171975e-01  3.396816e-02
     vertex -1.793300e-01  3.242970e-01  3.767588e-02
   endloop
 endfacet
 facet normal  6.926305e-01  6.026096e-01 -3.963895e-01
   outer loop
     vertex -1.735466e-01  3.171921e-01  3.698014e-02
     vertex -1.793300e-01  3.242970e-01  3.767588e-02
     vertex -1.773172e-01  3.242911e-01  4.118388e-02
   endloop
 endfacet
 facet normal  5.266330e-01  7.954350e-01 -2.999016e-01
   outer loop
     vertex -1.735466e-01  3.171921e-01  3.698014e-02
     vertex -1.659998e-01  3.097413e-01  3.047075e-02
     vertex -1.745201e-01  3.171953e-01  3.527901e-02
   endloop
 endfacet
 facet normal  6.929887e-01  6.028098e-01 -3.954580e-01
   outer loop
     vertex -1.735466e-01  3.171921e-01  3.698014e-02
     vertex -1.745201e-01  3.171953e-01  3.527901e-02
     vertex -1.793300e-01  3.242970e-01  3.767588e-02
   endloop
 endfacet
 facet normal  6.835943e-01  6.036313e-01 -4.102781e-01
   outer loop
     vertex -1.720169e-01  3.171878e-01  3.956411e-02
     vertex -1.773172e-01  3.242911e-01  4.118388e-02
     vertex -1.757205e-01  3.242872e-01  4.383845e-02
   endloop
 endfacet
 facet normal  5.209896e-01  7.963095e-01 -3.073452e-01
   outer loop
     vertex -1.720169e-01  3.171878e-01  3.956411e-02
     vertex -1.631410e-01  3.097412e-01  3.531634e-02
     vertex -1.659998e-01  3.097413e-01  3.047075e-02
   endloop
 endfacet
 facet normal  5.211576e-01  7.962585e-01 -3.071923e-01
   outer loop
     vertex -1.720169e-01  3.171878e-01  3.956411e-02
     vertex -1.659998e-01  3.097413e-01  3.047075e-02
     vertex -1.735466e-01  3.171921e-01  3.698014e-02
   endloop
 endfacet
 facet normal  6.860639e-01  6.043016e-01 -4.051369e-01
   outer loop
     vertex -1.720169e-01  3.171878e-01  3.956411e-02
     vertex -1.735466e-01  3.171921e-01  3.698014e-02
     vertex -1.773172e-01  3.242911e-01  4.118388e-02
   endloop
 endfacet
 facet normal  5.172858e-01  7.959491e-01 -3.144526e-01
   outer loop
     vertex -1.712349e-01  3.171857e-01  4.084518e-02
     vertex -1.631410e-01  3.097412e-01  3.531634e-02
     vertex -1.720169e-01  3.171878e-01  3.956411e-02
   endloop
 endfacet
 facet normal  6.804188e-01  6.044314e-01 -4.143585e-01
   outer loop
     vertex -1.712349e-01  3.171857e-01  4.084518e-02
     vertex -1.720169e-01  3.171878e-01  3.956411e-02
     vertex -1.757205e-01  3.242872e-01  4.383845e-02
   endloop
 endfacet
 facet normal  6.765349e-01  6.045603e-01 -4.204846e-01
   outer loop
     vertex -1.704409e-01  3.171835e-01  4.211968e-02
     vertex -1.712349e-01  3.171857e-01  4.084518e-02
     vertex -1.757205e-01  3.242872e-01  4.383845e-02
   endloop
 endfacet
 facet normal  6.755790e-01  6.043083e-01 -4.223795e-01
   outer loop
     vertex -1.704409e-01  3.171835e-01  4.211968e-02
     vertex -1.757205e-01  3.242872e-01  4.383845e-02
     vertex -1.740755e-01  3.242834e-01  4.646430e-02
   endloop
 endfacet
 facet normal  5.142558e-01  7.960781e-01 -3.190621e-01
   outer loop
     vertex -1.704409e-01  3.171835e-01  4.211968e-02
     vertex -1.631410e-01  3.097412e-01  3.531634e-02
     vertex -1.712349e-01  3.171857e-01  4.084518e-02
   endloop
 endfacet
 facet normal  5.089756e-01  7.968399e-01 -3.255611e-01
   outer loop
     vertex -1.688184e-01  3.171793e-01  4.464596e-02
     vertex -1.631410e-01  3.097412e-01  3.531634e-02
     vertex -1.704409e-01  3.171835e-01  4.211968e-02
   endloop
 endfacet
 facet normal  6.662194e-01  6.047140e-01 -4.364319e-01
   outer loop
     vertex -1.688184e-01  3.171793e-01  4.464596e-02
     vertex -1.740755e-01  3.242834e-01  4.646430e-02
     vertex -1.718593e-01  3.242782e-01  4.984003e-02
   endloop
 endfacet
 facet normal  5.088266e-01  7.968837e-01 -3.256867e-01
   outer loop
     vertex -1.688184e-01  3.171793e-01  4.464596e-02
     vertex -1.601101e-01  3.097420e-01  4.005350e-02
     vertex -1.631410e-01  3.097412e-01  3.531634e-02
   endloop
 endfacet
 facet normal  6.699828e-01  6.056700e-01 -4.292864e-01
   outer loop
     vertex -1.688184e-01  3.171793e-01  4.464596e-02
     vertex -1.704409e-01  3.171835e-01  4.211968e-02
     vertex -1.740755e-01  3.242834e-01  4.646430e-02
   endloop
 endfacet
 facet normal  5.043728e-01  7.964875e-01 -3.334904e-01
   outer loop
     vertex -1.677359e-01  3.171763e-01  4.627592e-02
     vertex -1.601101e-01  3.097420e-01  4.005350e-02
     vertex -1.688184e-01  3.171793e-01  4.464596e-02
   endloop
 endfacet
 facet normal  6.633608e-01  6.056838e-01 -4.394310e-01
   outer loop
     vertex -1.677359e-01  3.171763e-01  4.627592e-02
     vertex -1.688184e-01  3.171793e-01  4.464596e-02
     vertex -1.718593e-01  3.242782e-01  4.984003e-02
   endloop
 endfacet
 facet normal  5.004159e-01  7.967863e-01 -3.386968e-01
   outer loop
     vertex -1.668919e-01  3.171742e-01  4.751798e-02
     vertex -1.601101e-01  3.097420e-01  4.005350e-02
     vertex -1.677359e-01  3.171763e-01  4.627592e-02
   endloop
 endfacet
 facet normal  6.583000e-01  6.061886e-01 -4.462918e-01
   outer loop
     vertex -1.668919e-01  3.171742e-01  4.751798e-02
     vertex -1.677359e-01  3.171763e-01  4.627592e-02
     vertex -1.718593e-01  3.242782e-01  4.984003e-02
   endloop
 endfacet
 facet normal  4.956786e-01  7.975697e-01 -3.437808e-01
   outer loop
     vertex -1.668919e-01  3.171742e-01  4.751798e-02
     vertex -1.569071e-01  3.097438e-01  4.467592e-02
     vertex -1.601101e-01  3.097420e-01  4.005350e-02
   endloop
 endfacet
 facet normal  6.560244e-01  6.058415e-01 -4.500979e-01
   outer loop
     vertex -1.668919e-01  3.171742e-01  4.751798e-02
     vertex -1.718593e-01  3.242782e-01  4.984003e-02
     vertex -1.701042e-01  3.242749e-01  5.239378e-02
   endloop
 endfacet
 facet normal  6.513781e-01  6.071467e-01 -4.550598e-01
   outer loop
     vertex -1.651696e-01  3.171702e-01  4.997794e-02
     vertex -1.668919e-01  3.171742e-01  4.751798e-02
     vertex -1.701042e-01  3.242749e-01  5.239378e-02
   endloop
 endfacet
 facet normal  4.950521e-01  7.973059e-01 -3.452921e-01
   outer loop
     vertex -1.651696e-01  3.171702e-01  4.997794e-02
     vertex -1.569071e-01  3.097438e-01  4.467592e-02
     vertex -1.668919e-01  3.171742e-01  4.751798e-02
   endloop
 endfacet
 facet normal  6.458312e-01  6.063252e-01 -4.639739e-01
   outer loop
     vertex -1.651696e-01  3.171702e-01  4.997794e-02
     vertex -1.701042e-01  3.242749e-01  5.239378e-02
     vertex -1.677464e-01  3.242703e-01  5.566961e-02
   endloop
 endfacet
 facet normal  4.898798e-01  7.970981e-01 -3.530614e-01
   outer loop
     vertex -1.640229e-01  3.171672e-01  5.156231e-02
     vertex -1.569071e-01  3.097438e-01  4.467592e-02
     vertex -1.651696e-01  3.171702e-01  4.997794e-02
   endloop
 endfacet
 facet normal  6.444217e-01  6.068419e-01 -4.652565e-01
   outer loop
     vertex -1.640229e-01  3.171672e-01  5.156231e-02
     vertex -1.651696e-01  3.171702e-01  4.997794e-02
     vertex -1.677464e-01  3.242703e-01  5.566961e-02
   endloop
 endfacet
 facet normal  4.835827e-01  7.977279e-01 -3.602472e-01
   outer loop
     vertex -1.622237e-01  3.171633e-01  5.396877e-02
     vertex -1.569071e-01  3.097438e-01  4.467592e-02
     vertex -1.640229e-01  3.171672e-01  5.156231e-02
   endloop
 endfacet
 facet normal  4.817126e-01  7.982033e-01 -3.616967e-01
   outer loop
     vertex -1.622237e-01  3.171633e-01  5.396877e-02
     vertex -1.535320e-01  3.097466e-01  4.917726e-02
     vertex -1.569071e-01  3.097438e-01  4.467592e-02
   endloop
 endfacet
 facet normal  6.348004e-01  6.075426e-01 -4.774101e-01
   outer loop
     vertex -1.622237e-01  3.171633e-01  5.396877e-02
     vertex -1.677464e-01  3.242703e-01  5.566961e-02
     vertex -1.658811e-01  3.242674e-01  5.814626e-02
   endloop
 endfacet
 facet normal  6.362981e-01  6.080675e-01 -4.747406e-01
   outer loop
     vertex -1.622237e-01  3.171633e-01  5.396877e-02
     vertex -1.640229e-01  3.171672e-01  5.156231e-02
     vertex -1.677464e-01  3.242703e-01  5.566961e-02
   endloop
 endfacet
 facet normal  6.292508e-01  6.083655e-01 -4.836681e-01
   outer loop
     vertex -1.613068e-01  3.171613e-01  5.515915e-02
     vertex -1.622237e-01  3.171633e-01  5.396877e-02
     vertex -1.658811e-01  3.242674e-01  5.814626e-02
   endloop
 endfacet
 facet normal  4.783397e-01  7.977550e-01 -3.671213e-01
   outer loop
     vertex -1.613068e-01  3.171613e-01  5.515915e-02
     vertex -1.535320e-01  3.097466e-01  4.917726e-02
     vertex -1.622237e-01  3.171633e-01  5.396877e-02
   endloop
 endfacet
 facet normal  4.745292e-01  7.977431e-01 -3.720591e-01
   outer loop
     vertex -1.602180e-01  3.171588e-01  5.654242e-02
     vertex -1.535320e-01  3.097466e-01  4.917726e-02
     vertex -1.613068e-01  3.171613e-01  5.515915e-02
   endloop
 endfacet
 facet normal  6.243730e-01  6.080371e-01 -4.903563e-01
   outer loop
     vertex -1.602180e-01  3.171588e-01  5.654242e-02
     vertex -1.613068e-01  3.171613e-01  5.515915e-02
     vertex -1.658811e-01  3.242674e-01  5.814626e-02
   endloop
 endfacet
 facet normal  6.244097e-01  6.080517e-01 -4.902914e-01
   outer loop
     vertex -1.602180e-01  3.171588e-01  5.654242e-02
     vertex -1.658811e-01  3.242674e-01  5.814626e-02
     vertex -1.636352e-01  3.242638e-01  6.100193e-02
   endloop
 endfacet
 facet normal  4.679792e-01  7.984698e-01 -3.787366e-01
   outer loop
     vertex -1.583219e-01  3.171550e-01  5.887727e-02
     vertex -1.535320e-01  3.097466e-01  4.917726e-02
     vertex -1.602180e-01  3.171588e-01  5.654242e-02
   endloop
 endfacet
 facet normal  6.158910e-01  6.095216e-01 -4.991610e-01
   outer loop
     vertex -1.583219e-01  3.171550e-01  5.887727e-02
     vertex -1.602180e-01  3.171588e-01  5.654242e-02
     vertex -1.636352e-01  3.242638e-01  6.100193e-02
   endloop
 endfacet
 facet normal  4.669695e-01  7.987299e-01 -3.794338e-01
   outer loop
     vertex -1.583219e-01  3.171550e-01  5.887727e-02
     vertex -1.499847e-01  3.097506e-01  5.355120e-02
     vertex -1.535320e-01  3.097466e-01  4.917726e-02
   endloop
 endfacet
 facet normal  6.134942e-01  6.088523e-01 -5.029153e-01
   outer loop
     vertex -1.583219e-01  3.171550e-01  5.887727e-02
     vertex -1.636352e-01  3.242638e-01  6.100193e-02
     vertex -1.616659e-01  3.242613e-01  6.340131e-02
   endloop
 endfacet
 facet normal  4.625819e-01  7.982878e-01 -3.856872e-01
   outer loop
     vertex -1.573566e-01  3.171531e-01  6.003115e-02
     vertex -1.499847e-01  3.097506e-01  5.355120e-02
     vertex -1.583219e-01  3.171550e-01  5.887727e-02
   endloop
 endfacet
 facet normal  6.084295e-01  6.097089e-01 -5.080046e-01
   outer loop
     vertex -1.573566e-01  3.171531e-01  6.003115e-02
     vertex -1.583219e-01  3.171550e-01  5.887727e-02
     vertex -1.616659e-01  3.242613e-01  6.340131e-02
   endloop
 endfacet
 facet normal  6.029311e-01  6.094359e-01 -5.148417e-01
   outer loop
     vertex -1.563270e-01  3.171509e-01  6.123688e-02
     vertex -1.616659e-01  3.242613e-01  6.340131e-02
     vertex -1.595393e-01  3.242585e-01  6.588846e-02
   endloop
 endfacet
 facet normal  4.586563e-01  7.983487e-01 -3.902228e-01
   outer loop
     vertex -1.563270e-01  3.171509e-01  6.123688e-02
     vertex -1.499847e-01  3.097506e-01  5.355120e-02
     vertex -1.573566e-01  3.171531e-01  6.003115e-02
   endloop
 endfacet
 facet normal  6.033822e-01  6.095666e-01 -5.141580e-01
   outer loop
     vertex -1.563270e-01  3.171509e-01  6.123688e-02
     vertex -1.573566e-01  3.171531e-01  6.003115e-02
     vertex -1.616659e-01  3.242613e-01  6.340131e-02
   endloop
 endfacet
 facet normal  4.519537e-01  7.990927e-01 -3.964703e-01
   outer loop
     vertex -1.543368e-01  3.171473e-01  6.349824e-02
     vertex -1.499847e-01  3.097506e-01  5.355120e-02
     vertex -1.563270e-01  3.171509e-01  6.123688e-02
   endloop
 endfacet
 facet normal  5.948547e-01  6.108218e-01 -5.225367e-01
   outer loop
     vertex -1.543368e-01  3.171473e-01  6.349824e-02
     vertex -1.563270e-01  3.171509e-01  6.123688e-02
     vertex -1.595393e-01  3.242585e-01  6.588846e-02
   endloop
 endfacet
 facet normal  4.513332e-01  7.992504e-01 -3.968590e-01
   outer loop
     vertex -1.543368e-01  3.171473e-01  6.349824e-02
     vertex -1.462653e-01  3.097557e-01  5.779141e-02
     vertex -1.499847e-01  3.097506e-01  5.355120e-02
   endloop
 endfacet
 facet normal  5.920051e-01  6.101021e-01 -5.265980e-01
   outer loop
     vertex -1.543368e-01  3.171473e-01  6.349824e-02
     vertex -1.595393e-01  3.242585e-01  6.588846e-02
     vertex -1.574716e-01  3.242565e-01  6.821060e-02
   endloop
 endfacet
 facet normal  5.869532e-01  6.109544e-01 -5.312445e-01
   outer loop
     vertex -1.533244e-01  3.171455e-01  6.461470e-02
     vertex -1.543368e-01  3.171473e-01  6.349824e-02
     vertex -1.574716e-01  3.242565e-01  6.821060e-02
   endloop
 endfacet
 facet normal  4.462959e-01  7.988026e-01 -4.034034e-01
   outer loop
     vertex -1.533244e-01  3.171455e-01  6.461470e-02
     vertex -1.462653e-01  3.097557e-01  5.779141e-02
     vertex -1.543368e-01  3.171473e-01  6.349824e-02
   endloop
 endfacet
 facet normal  5.815573e-01  6.108511e-01 -5.372635e-01
   outer loop
     vertex -1.522458e-01  3.171434e-01  6.577992e-02
     vertex -1.533244e-01  3.171455e-01  6.461470e-02
     vertex -1.574716e-01  3.242565e-01  6.821060e-02
   endloop
 endfacet
 facet normal  4.421051e-01  7.988857e-01 -4.078292e-01
   outer loop
     vertex -1.522458e-01  3.171434e-01  6.577992e-02
     vertex -1.462653e-01  3.097557e-01  5.779141e-02
     vertex -1.533244e-01  3.171455e-01  6.461470e-02
   endloop
 endfacet
 facet normal  5.808127e-01  6.106551e-01 -5.382908e-01
   outer loop
     vertex -1.522458e-01  3.171434e-01  6.577992e-02
     vertex -1.574716e-01  3.242565e-01  6.821060e-02
     vertex -1.552426e-01  3.242542e-01  7.061312e-02
   endloop
 endfacet
 facet normal  4.348530e-01  7.997143e-01 -4.139564e-01
   outer loop
     vertex -1.501616e-01  3.171399e-01  6.796390e-02
     vertex -1.423737e-01  3.097619e-01  6.189156e-02
     vertex -1.462653e-01  3.097557e-01  5.779141e-02
   endloop
 endfacet
 facet normal  5.725977e-01  6.120590e-01 -5.454499e-01
   outer loop
     vertex -1.501616e-01  3.171399e-01  6.796390e-02
     vertex -1.522458e-01  3.171434e-01  6.577992e-02
     vertex -1.552426e-01  3.242542e-01  7.061312e-02
   endloop
 endfacet
 facet normal  4.350169e-01  7.996731e-01 -4.138638e-01
   outer loop
     vertex -1.501616e-01  3.171399e-01  6.796390e-02
     vertex -1.462653e-01  3.097557e-01  5.779141e-02
     vertex -1.522458e-01  3.171434e-01  6.577992e-02
   endloop
 endfacet
 facet normal  5.692601e-01  6.112907e-01 -5.497878e-01
   outer loop
     vertex -1.501616e-01  3.171399e-01  6.796390e-02
     vertex -1.552426e-01  3.242542e-01  7.061312e-02
     vertex -1.530768e-01  3.242527e-01  7.285395e-02
   endloop
 endfacet
 facet normal  5.642584e-01  6.121314e-01 -5.539924e-01
   outer loop
     vertex -1.491023e-01  3.171383e-01  6.904100e-02
     vertex -1.501616e-01  3.171399e-01  6.796390e-02
     vertex -1.530768e-01  3.242527e-01  7.285395e-02
   endloop
 endfacet
 facet normal  4.291055e-01  7.992598e-01 -4.207757e-01
   outer loop
     vertex -1.491023e-01  3.171383e-01  6.904100e-02
     vertex -1.423737e-01  3.097619e-01  6.189156e-02
     vertex -1.501616e-01  3.171399e-01  6.796390e-02
   endloop
 endfacet
 facet normal  4.173154e-01  8.003537e-01 -4.304437e-01
   outer loop
     vertex -1.469487e-01  3.171350e-01  7.116526e-02
     vertex -1.383099e-01  3.097694e-01  6.584534e-02
     vertex -1.423737e-01  3.097619e-01  6.189156e-02
   endloop
 endfacet
 facet normal  5.558349e-01  6.120200e-01 -5.625647e-01
   outer loop
     vertex -1.469487e-01  3.171350e-01  7.116526e-02
     vertex -1.491023e-01  3.171383e-01  6.904100e-02
     vertex -1.530768e-01  3.242527e-01  7.285395e-02
   endloop
 endfacet
 facet normal  4.225221e-01  7.994026e-01 -4.271189e-01
   outer loop
     vertex -1.469487e-01  3.171350e-01  7.116526e-02
     vertex -1.423737e-01  3.097619e-01  6.189156e-02
     vertex -1.491023e-01  3.171383e-01  6.904100e-02
   endloop
 endfacet
 facet normal  4.135556e-01  7.995809e-01 -4.354792e-01
   outer loop
     vertex -1.447489e-01  3.171318e-01  7.324845e-02
     vertex -1.383099e-01  3.097694e-01  6.584534e-02
     vertex -1.469487e-01  3.171350e-01  7.116526e-02
   endloop
 endfacet
 facet normal  5.466844e-01  6.074135e-01 -5.763549e-01
   outer loop
     vertex -1.447489e-01  3.171318e-01  7.324845e-02
     vertex -1.469487e-01  3.171350e-01  7.116526e-02
     vertex -1.530768e-01  3.242527e-01  7.285395e-02
   endloop
 endfacet
 facet normal  3.501360e-01  7.088299e-01 -6.123439e-01
   outer loop
     vertex -1.425032e-01  3.171287e-01  7.528938e-02
     vertex -1.402451e-01  3.370413e-01  9.963080e-02
     vertex -1.250854e-01  3.097998e-01  7.676514e-02
   endloop
 endfacet
 facet normal  3.991785e-01  8.006978e-01 -4.466986e-01
   outer loop
     vertex -1.425032e-01  3.171287e-01  7.528938e-02
     vertex -1.340739e-01  3.097782e-01  6.964642e-02
     vertex -1.383099e-01  3.097694e-01  6.584534e-02
   endloop
 endfacet
 facet normal  3.832854e-01  7.973843e-01 -4.661230e-01
   outer loop
     vertex -1.425032e-01  3.171287e-01  7.528938e-02
     vertex -1.296658e-01  3.097883e-01  7.328846e-02
     vertex -1.340739e-01  3.097782e-01  6.964642e-02
   endloop
 endfacet
 facet normal  3.725279e-01  7.860010e-01 -4.933817e-01
   outer loop
     vertex -1.425032e-01  3.171287e-01  7.528938e-02
     vertex -1.250854e-01  3.097998e-01  7.676514e-02
     vertex -1.296658e-01  3.097883e-01  7.328846e-02
   endloop
 endfacet
 facet normal  4.043418e-01  7.997792e-01 -4.436902e-01
   outer loop
     vertex -1.425032e-01  3.171287e-01  7.528938e-02
     vertex -1.383099e-01  3.097694e-01  6.584534e-02
     vertex -1.447489e-01  3.171318e-01  7.324845e-02
   endloop
 endfacet
 facet normal  5.394740e-01  5.980765e-01 -5.926822e-01
   outer loop
     vertex -1.425032e-01  3.171287e-01  7.528938e-02
     vertex -1.447489e-01  3.171318e-01  7.324845e-02
     vertex -1.530768e-01  3.242527e-01  7.285395e-02
   endloop
 endfacet
 facet normal  4.750356e-01  6.639521e-01 -5.775021e-01
   outer loop
     vertex -1.425032e-01  3.171287e-01  7.528938e-02
     vertex -1.514480e-01  3.370136e-01  9.079334e-02
     vertex -1.459607e-01  3.370265e-01  9.532185e-02
   endloop
 endfacet
 facet normal  4.442581e-01  6.727926e-01 -5.915952e-01
   outer loop
     vertex -1.425032e-01  3.171287e-01  7.528938e-02
     vertex -1.459607e-01  3.370265e-01  9.532185e-02
     vertex -1.402451e-01  3.370413e-01  9.963080e-02
   endloop
 endfacet
 facet normal  5.575406e-01  6.517177e-01 -5.142106e-01
   outer loop
     vertex -1.425032e-01  3.171287e-01  7.528938e-02
     vertex -1.530768e-01  3.242527e-01  7.285395e-02
     vertex -1.514480e-01  3.370136e-01  9.079334e-02
   endloop
 endfacet
 facet normal  2.966509e-03  7.090504e-01  7.051515e-01
   outer loop
     vertex -2.983998e-02  3.370399e-01 -2.470334e-01
     vertex -3.014044e-02  3.098179e-01 -2.196596e-01
     vertex -2.114909e-02  3.098001e-01 -2.196796e-01
   endloop
 endfacet
 facet normal  2.817958e-03  7.090272e-01  7.051756e-01
   outer loop
     vertex -1.935573e-02  3.370196e-01 -2.470549e-01
     vertex -2.983998e-02  3.370399e-01 -2.470334e-01
     vertex -2.114909e-02  3.098001e-01 -2.196796e-01
   endloop
 endfacet
 facet normal -2.978168e-02  7.097825e-01  7.037910e-01
   outer loop
     vertex -1.935573e-02  3.370196e-01 -2.470549e-01
     vertex -2.114909e-02  3.098001e-01 -2.196796e-01
     vertex -1.241950e-02  3.097848e-01 -2.192948e-01
   endloop
 endfacet
 facet normal -2.986536e-02  7.097702e-01  7.037999e-01
   outer loop
     vertex -9.176412e-03  3.370022e-01 -2.466054e-01
     vertex -1.935573e-02  3.370196e-01 -2.470549e-01
     vertex -1.241950e-02  3.097848e-01 -2.192948e-01
   endloop
 endfacet
 facet normal -6.327134e-02  7.106426e-01  7.007024e-01
   outer loop
     vertex -9.176412e-03  3.370022e-01 -2.466054e-01
     vertex -1.241950e-02  3.097848e-01 -2.192948e-01
     vertex -3.951616e-03  3.097720e-01 -2.185171e-01
   endloop
 endfacet
 facet normal -6.328748e-02  7.106404e-01  7.007032e-01
   outer loop
     vertex  6.980269e-04  3.369876e-01 -2.456987e-01
     vertex -9.176412e-03  3.370022e-01 -2.466054e-01
     vertex -3.951616e-03  3.097720e-01 -2.185171e-01
   endloop
 endfacet
 facet normal -9.725606e-02  7.121013e-01  6.953079e-01
   outer loop
     vertex  8.247627e-03  3.369780e-01 -2.446738e-01
     vertex -3.951616e-03  3.097720e-01 -2.185171e-01
     vertex  4.254587e-03  3.097614e-01 -2.173585e-01
   endloop
 endfacet
 facet normal -9.363346e-02  7.115231e-01  6.963961e-01
   outer loop
     vertex  8.247627e-03  3.369780e-01 -2.446738e-01
     vertex  6.980269e-04  3.369876e-01 -2.456987e-01
     vertex -3.951616e-03  3.097720e-01 -2.185171e-01
   endloop
 endfacet
 facet normal -1.306571e-01  7.093103e-01  6.926815e-01
   outer loop
     vertex  1.559233e-02  3.372681e-01 -2.433869e-01
     vertex  4.254587e-03  3.097614e-01 -2.173585e-01
     vertex  1.141647e-02  3.097539e-01 -2.159998e-01
   endloop
 endfacet
 facet normal -1.484777e-01  7.113028e-01  6.870246e-01
   outer loop
     vertex  1.559233e-02  3.372681e-01 -2.433869e-01
     vertex  8.247627e-03  3.369780e-01 -2.446738e-01
     vertex  4.254587e-03  3.097614e-01 -2.173585e-01
   endloop
 endfacet
 facet normal -1.595519e-01  7.137772e-01  6.819569e-01
   outer loop
     vertex  2.408866e-02  3.369626e-01 -2.415133e-01
     vertex  1.141647e-02  3.097539e-01 -2.159998e-01
     vertex  1.768100e-02  3.097486e-01 -2.145286e-01
   endloop
 endfacet
 facet normal -1.273648e-01  7.093650e-01  6.932384e-01
   outer loop
     vertex  2.408866e-02  3.369626e-01 -2.415133e-01
     vertex  1.559233e-02  3.372681e-01 -2.433869e-01
     vertex  1.141647e-02  3.097539e-01 -2.159998e-01
   endloop
 endfacet
 facet normal -1.876368e-01  7.143604e-01  6.741525e-01
   outer loop
     vertex  3.230398e-02  3.369574e-01 -2.392902e-01
     vertex  1.768100e-02  3.097486e-01 -2.145286e-01
     vertex  2.377391e-02  3.097447e-01 -2.128286e-01
   endloop
 endfacet
 facet normal -2.157188e-01  7.146452e-01  6.653929e-01
   outer loop
     vertex  3.230398e-02  3.369574e-01 -2.392902e-01
     vertex  2.377391e-02  3.097447e-01 -2.128286e-01
     vertex  2.969523e-02  3.097421e-01 -2.109062e-01
   endloop
 endfacet
 facet normal -1.825648e-01  7.136161e-01  6.763299e-01
   outer loop
     vertex  3.230398e-02  3.369574e-01 -2.392902e-01
     vertex  2.408866e-02  3.369626e-01 -2.415133e-01
     vertex  1.768100e-02  3.097486e-01 -2.145286e-01
   endloop
 endfacet
 facet normal -2.145970e-01  7.147728e-01  6.656184e-01
   outer loop
     vertex  4.025483e-02  3.369542e-01 -2.367234e-01
     vertex  3.230398e-02  3.369574e-01 -2.392902e-01
     vertex  2.969523e-02  3.097421e-01 -2.109062e-01
   endloop
 endfacet
 facet normal -2.433639e-01  7.156095e-01  6.547343e-01
   outer loop
     vertex  4.025483e-02  3.369542e-01 -2.367234e-01
     vertex  2.969523e-02  3.097421e-01 -2.109062e-01
     vertex  3.544499e-02  3.097408e-01 -2.087676e-01
   endloop
 endfacet
 facet normal -2.465304e-01  7.152996e-01  6.538878e-01
   outer loop
     vertex  4.794125e-02  3.369531e-01 -2.338242e-01
     vertex  4.025483e-02  3.369542e-01 -2.367234e-01
     vertex  3.544499e-02  3.097408e-01 -2.087676e-01
   endloop
 endfacet
 facet normal -2.707063e-01  7.164025e-01  6.430285e-01
   outer loop
     vertex  4.794125e-02  3.369531e-01 -2.338242e-01
     vertex  3.544499e-02  3.097408e-01 -2.087676e-01
     vertex  4.102319e-02  3.097408e-01 -2.064192e-01
   endloop
 endfacet
 facet normal -2.780261e-01  7.157948e-01  6.405773e-01
   outer loop
     vertex  5.536330e-02  3.369538e-01 -2.306037e-01
     vertex  4.794125e-02  3.369531e-01 -2.338242e-01
     vertex  4.102319e-02  3.097408e-01 -2.064192e-01
   endloop
 endfacet
 facet normal -2.976529e-01  7.170144e-01  6.303119e-01
   outer loop
     vertex  5.536330e-02  3.369538e-01 -2.306037e-01
     vertex  4.102319e-02  3.097408e-01 -2.064192e-01
     vertex  4.642987e-02  3.097420e-01 -2.038674e-01
   endloop
 endfacet
 facet normal -3.089194e-01  7.162379e-01  6.257572e-01
   outer loop
     vertex  6.252101e-02  3.369564e-01 -2.270731e-01
     vertex  5.536330e-02  3.369538e-01 -2.306037e-01
     vertex  4.642987e-02  3.097420e-01 -2.038674e-01
   endloop
 endfacet
 facet normal -3.241157e-01  7.174389e-01  6.166283e-01
   outer loop
     vertex  6.252101e-02  3.369564e-01 -2.270731e-01
     vertex  4.642987e-02  3.097420e-01 -2.038674e-01
     vertex  5.166505e-02  3.097444e-01 -2.011184e-01
   endloop
 endfacet
 facet normal -3.390564e-01  7.166131e-01  6.095133e-01
   outer loop
     vertex  6.941443e-02  3.369608e-01 -2.232436e-01
     vertex  6.252101e-02  3.369564e-01 -2.270731e-01
     vertex  5.166505e-02  3.097444e-01 -2.011184e-01
   endloop
 endfacet
 facet normal -3.500122e-01  7.176727e-01  6.020277e-01
   outer loop
     vertex  6.941443e-02  3.369608e-01 -2.232436e-01
     vertex  5.166505e-02  3.097444e-01 -2.011184e-01
     vertex  5.672874e-02  3.097479e-01 -1.981786e-01
   endloop
 endfacet
 facet normal -3.682969e-01  7.169093e-01  5.919447e-01
   outer loop
     vertex  7.604362e-02  3.369668e-01 -2.191264e-01
     vertex  6.941443e-02  3.369608e-01 -2.232436e-01
     vertex  5.672874e-02  3.097479e-01 -1.981786e-01
   endloop
 endfacet
 facet normal -3.752672e-01  7.177155e-01  5.865654e-01
   outer loop
     vertex  7.604362e-02  3.369668e-01 -2.191264e-01
     vertex  5.672874e-02  3.097479e-01 -1.981786e-01
     vertex  6.162097e-02  3.097524e-01 -1.950543e-01
   endloop
 endfacet
 facet normal -3.965171e-01  7.171201e-01  5.731605e-01
   outer loop
     vertex  8.240861e-02  3.369745e-01 -2.147326e-01
     vertex  7.604362e-02  3.369668e-01 -2.191264e-01
     vertex  6.162097e-02  3.097524e-01 -1.950543e-01
   endloop
 endfacet
 facet normal -3.998131e-01  7.175699e-01  5.703008e-01
   outer loop
     vertex  8.240861e-02  3.369745e-01 -2.147326e-01
     vertex  6.162097e-02  3.097524e-01 -1.950543e-01
     vertex  6.634176e-02  3.097581e-01 -1.917518e-01
   endloop
 endfacet
 facet normal -4.235881e-01  7.172445e-01  5.532933e-01
   outer loop
     vertex  8.240861e-02  3.369745e-01 -2.147326e-01
     vertex  6.634176e-02  3.097581e-01 -1.917518e-01
     vertex  7.089114e-02  3.097647e-01 -1.882775e-01
   endloop
 endfacet
 facet normal -4.236122e-01  7.172410e-01  5.532793e-01
   outer loop
     vertex  8.850945e-02  3.369837e-01 -2.100735e-01
     vertex  8.240861e-02  3.369745e-01 -2.147326e-01
     vertex  7.089114e-02  3.097647e-01 -1.882775e-01
   endloop
 endfacet
 facet normal -4.461632e-01  7.173220e-01  5.351518e-01
   outer loop
     vertex  8.850945e-02  3.369837e-01 -2.100735e-01
     vertex  7.089114e-02  3.097647e-01 -1.882775e-01
     vertex  7.526912e-02  3.097723e-01 -1.846377e-01
   endloop
 endfacet
 facet normal -4.497785e-01  7.168449e-01  5.327595e-01
   outer loop
     vertex  9.434618e-02  3.369944e-01 -2.051603e-01
     vertex  8.850945e-02  3.369837e-01 -2.100735e-01
     vertex  7.526912e-02  3.097723e-01 -1.846377e-01
   endloop
 endfacet
 facet normal -4.678538e-01  7.172138e-01  5.164467e-01
   outer loop
     vertex  9.434618e-02  3.369944e-01 -2.051603e-01
     vertex  7.526912e-02  3.097723e-01 -1.846377e-01
     vertex  7.947572e-02  3.097808e-01 -1.808387e-01
   endloop
 endfacet
 facet normal -4.746816e-01  7.163836e-01  5.113432e-01
   outer loop
     vertex  9.991886e-02  3.370065e-01 -2.000041e-01
     vertex  9.434618e-02  3.369944e-01 -2.051603e-01
     vertex  7.947572e-02  3.097808e-01 -1.808387e-01
   endloop
 endfacet
 facet normal -4.886307e-01  7.169313e-01  4.972420e-01
   outer loop
     vertex  9.991886e-02  3.370065e-01 -2.000041e-01
     vertex  7.947572e-02  3.097808e-01 -1.808387e-01
     vertex  8.351098e-02  3.097901e-01 -1.768868e-01
   endloop
 endfacet
 facet normal -4.982654e-01  7.158661e-01  4.891496e-01
   outer loop
     vertex  1.052275e-01  3.370199e-01 -1.946161e-01
     vertex  9.991886e-02  3.370065e-01 -2.000041e-01
     vertex  8.351098e-02  3.097901e-01 -1.768868e-01
   endloop
 endfacet
 facet normal -5.084728e-01  7.164870e-01  4.776000e-01
   outer loop
     vertex  1.052275e-01  3.370199e-01 -1.946161e-01
     vertex  8.351098e-02  3.097901e-01 -1.768868e-01
     vertex  8.737490e-02  3.098003e-01 -1.727885e-01
   endloop
 endfacet
 facet normal -5.204912e-01  7.153032e-01  4.662941e-01
   outer loop
     vertex  1.102722e-01  3.370345e-01 -1.890075e-01
     vertex  1.052275e-01  3.370199e-01 -1.946161e-01
     vertex  8.737490e-02  3.098003e-01 -1.727885e-01
   endloop
 endfacet
 facet normal -5.273669e-01  7.158944e-01  4.575800e-01
   outer loop
     vertex  1.102722e-01  3.370345e-01 -1.890075e-01
     vertex  8.737490e-02  3.098003e-01 -1.727885e-01
     vertex  9.106751e-02  3.098113e-01 -1.685499e-01
   endloop
 endfacet
 facet normal -5.413360e-01  7.147074e-01  4.428868e-01
   outer loop
     vertex  1.150530e-01  3.370503e-01 -1.831895e-01
     vertex  1.102722e-01  3.370345e-01 -1.890075e-01
     vertex  9.106751e-02  3.098113e-01 -1.685499e-01
   endloop
 endfacet
 facet normal -5.453062e-01  7.151673e-01  4.372379e-01
   outer loop
     vertex  1.150530e-01  3.370503e-01 -1.831895e-01
     vertex  9.106751e-02  3.098113e-01 -1.685499e-01
     vertex  9.458884e-02  3.098231e-01 -1.641774e-01
   endloop
 endfacet
 facet normal -5.622904e-01  7.143197e-01  4.166256e-01
   outer loop
     vertex  1.195699e-01  3.370672e-01 -1.771733e-01
     vertex  9.458884e-02  3.098231e-01 -1.641774e-01
     vertex  9.793889e-02  3.098355e-01 -1.596774e-01
   endloop
 endfacet
 facet normal -5.781993e-01  7.135150e-01  3.957043e-01
   outer loop
     vertex  1.195699e-01  3.370672e-01 -1.771733e-01
     vertex  9.793889e-02  3.098355e-01 -1.596774e-01
     vertex  1.011177e-01  3.098486e-01 -1.550561e-01
   endloop
 endfacet
 facet normal -5.607911e-01  7.140918e-01  4.190301e-01
   outer loop
     vertex  1.195699e-01  3.370672e-01 -1.771733e-01
     vertex  1.150530e-01  3.370503e-01 -1.831895e-01
     vertex  9.458884e-02  3.098231e-01 -1.641774e-01
   endloop
 endfacet
 facet normal -5.928493e-01  7.129828e-01  3.744132e-01
   outer loop
     vertex  1.238230e-01  3.370852e-01 -1.709700e-01
     vertex  1.011177e-01  3.098486e-01 -1.550561e-01
     vertex  1.041253e-01  3.098623e-01 -1.503200e-01
   endloop
 endfacet
 facet normal -5.789533e-01  7.133587e-01  3.948828e-01
   outer loop
     vertex  1.238230e-01  3.370852e-01 -1.709700e-01
     vertex  1.195699e-01  3.370672e-01 -1.771733e-01
     vertex  1.011177e-01  3.098486e-01 -1.550561e-01
   endloop
 endfacet
 facet normal -6.065688e-01  7.123549e-01  3.530223e-01
   outer loop
     vertex  1.278123e-01  3.371040e-01 -1.645910e-01
     vertex  1.041253e-01  3.098623e-01 -1.503200e-01
     vertex  1.069617e-01  3.098766e-01 -1.454753e-01
   endloop
 endfacet
 facet normal -5.959823e-01  7.123605e-01  3.706044e-01
   outer loop
     vertex  1.278123e-01  3.371040e-01 -1.645910e-01
     vertex  1.238230e-01  3.370852e-01 -1.709700e-01
     vertex  1.041253e-01  3.098623e-01 -1.503200e-01
   endloop
 endfacet
 facet normal -6.193767e-01  7.116450e-01  3.315629e-01
   outer loop
     vertex  1.315379e-01  3.371238e-01 -1.580472e-01
     vertex  1.069617e-01  3.098766e-01 -1.454753e-01
     vertex  1.096269e-01  3.098914e-01 -1.405283e-01
   endloop
 endfacet
 facet normal -6.116652e-01  7.113952e-01  3.460962e-01
   outer loop
     vertex  1.315379e-01  3.371238e-01 -1.580472e-01
     vertex  1.278123e-01  3.371040e-01 -1.645910e-01
     vertex  1.069617e-01  3.098766e-01 -1.454753e-01
   endloop
 endfacet
 facet normal -6.312939e-01  7.108654e-01  3.100619e-01
   outer loop
     vertex  1.349998e-01  3.371443e-01 -1.513500e-01
     vertex  1.096269e-01  3.098914e-01 -1.405283e-01
     vertex  1.121210e-01  3.099067e-01 -1.354855e-01
   endloop
 endfacet
 facet normal -6.260280e-01  7.104750e-01  3.214253e-01
   outer loop
     vertex  1.349998e-01  3.371443e-01 -1.513500e-01
     vertex  1.315379e-01  3.371238e-01 -1.580472e-01
     vertex  1.096269e-01  3.098914e-01 -1.405283e-01
   endloop
 endfacet
 facet normal -6.423430e-01  7.100277e-01  2.885413e-01
   outer loop
     vertex  1.381981e-01  3.371655e-01 -1.445105e-01
     vertex  1.121210e-01  3.099067e-01 -1.354855e-01
     vertex  1.144439e-01  3.099225e-01 -1.303530e-01
   endloop
 endfacet
 facet normal -6.391019e-01  7.096114e-01  2.966488e-01
   outer loop
     vertex  1.381981e-01  3.371655e-01 -1.445105e-01
     vertex  1.349998e-01  3.371443e-01 -1.513500e-01
     vertex  1.121210e-01  3.099067e-01 -1.354855e-01
   endloop
 endfacet
 facet normal -6.525471e-01  7.091425e-01  2.670191e-01
   outer loop
     vertex  1.411327e-01  3.371874e-01 -1.375399e-01
     vertex  1.144439e-01  3.099225e-01 -1.303530e-01
     vertex  1.165957e-01  3.099386e-01 -1.251373e-01
   endloop
 endfacet
 facet normal -6.509210e-01  7.088149e-01  2.718148e-01
   outer loop
     vertex  1.411327e-01  3.371874e-01 -1.375399e-01
     vertex  1.381981e-01  3.371655e-01 -1.445105e-01
     vertex  1.144439e-01  3.099225e-01 -1.303530e-01
   endloop
 endfacet
 facet normal -6.619298e-01  7.082191e-01  2.455090e-01
   outer loop
     vertex  1.438038e-01  3.372099e-01 -1.304493e-01
     vertex  1.165957e-01  3.099386e-01 -1.251373e-01
     vertex  1.185764e-01  3.099551e-01 -1.198447e-01
   endloop
 endfacet
 facet normal -6.702597e-01  7.075348e-01  2.239341e-01
   outer loop
     vertex  1.438038e-01  3.372099e-01 -1.304493e-01
     vertex  1.185764e-01  3.099551e-01 -1.198447e-01
     vertex  1.203860e-01  3.099720e-01 -1.144814e-01
   endloop
 endfacet
 facet normal -6.615216e-01  7.080950e-01  2.469628e-01
   outer loop
     vertex  1.438038e-01  3.372099e-01 -1.304493e-01
     vertex  1.411327e-01  3.371874e-01 -1.375399e-01
     vertex  1.165957e-01  3.099386e-01 -1.251373e-01
   endloop
 endfacet
 facet normal -6.776208e-01  7.070262e-01  2.023465e-01
   outer loop
     vertex  1.462114e-01  3.372328e-01 -1.232501e-01
     vertex  1.203860e-01  3.099720e-01 -1.144814e-01
     vertex  1.220246e-01  3.099891e-01 -1.090539e-01
   endloop
 endfacet
 facet normal -6.711304e-01  7.072598e-01  2.221882e-01
   outer loop
     vertex  1.462114e-01  3.372328e-01 -1.232501e-01
     vertex  1.438038e-01  3.372099e-01 -1.304493e-01
     vertex  1.203860e-01  3.099720e-01 -1.144814e-01
   endloop
 endfacet
 facet normal -6.842306e-01  7.064928e-01  1.808217e-01
   outer loop
     vertex  1.483555e-01  3.372562e-01 -1.159533e-01
     vertex  1.220246e-01  3.099891e-01 -1.090539e-01
     vertex  1.234922e-01  3.100064e-01 -1.035684e-01
   endloop
 endfacet
 facet normal -6.797385e-01  7.063695e-01  1.974783e-01
   outer loop
     vertex  1.483555e-01  3.372562e-01 -1.159533e-01
     vertex  1.462114e-01  3.372328e-01 -1.232501e-01
     vertex  1.220246e-01  3.099891e-01 -1.090539e-01
   endloop
 endfacet
 facet normal -6.901099e-01  7.059414e-01  1.593583e-01
   outer loop
     vertex  1.502363e-01  3.372799e-01 -1.085702e-01
     vertex  1.234922e-01  3.100064e-01 -1.035684e-01
     vertex  1.247888e-01  3.100240e-01 -9.803128e-02
   endloop
 endfacet
 facet normal -6.872338e-01  7.055856e-01  1.727965e-01
   outer loop
     vertex  1.502363e-01  3.372799e-01 -1.085702e-01
     vertex  1.483555e-01  3.372562e-01 -1.159533e-01
     vertex  1.234922e-01  3.100064e-01 -1.035684e-01
   endloop
 endfacet
 facet normal -6.936480e-01  7.049130e-01  1.481557e-01
   outer loop
     vertex  1.518536e-01  3.373038e-01 -1.011119e-01
     vertex  1.502363e-01  3.372799e-01 -1.085702e-01
     vertex  1.247888e-01  3.100240e-01 -9.803128e-02
   endloop
 endfacet
 facet normal -6.952778e-01  7.053778e-01  1.379527e-01
   outer loop
     vertex  1.518536e-01  3.373038e-01 -1.011119e-01
     vertex  1.247888e-01  3.100240e-01 -9.803128e-02
     vertex  1.259143e-01  3.100417e-01 -9.244887e-02
   endloop
 endfacet
 facet normal -6.990097e-01  7.043561e-01  1.235634e-01
   outer loop
     vertex  1.532077e-01  3.373280e-01 -9.358960e-02
     vertex  1.518536e-01  3.373038e-01 -1.011119e-01
     vertex  1.259143e-01  3.100417e-01 -9.244887e-02
   endloop
 endfacet
 facet normal -6.997513e-01  7.048069e-01  1.165990e-01
   outer loop
     vertex  1.532077e-01  3.373280e-01 -9.358960e-02
     vertex  1.259143e-01  3.100417e-01 -9.244887e-02
     vertex  1.268689e-01  3.100595e-01 -8.682749e-02
   endloop
 endfacet
 facet normal -7.033442e-01  7.039186e-01  9.902288e-02
   outer loop
     vertex  1.542985e-01  3.373522e-01 -8.601454e-02
     vertex  1.532077e-01  3.373280e-01 -9.358960e-02
     vertex  1.268689e-01  3.100595e-01 -8.682749e-02
   endloop
 endfacet
 facet normal -7.035457e-01  7.042324e-01  9.528968e-02
   outer loop
     vertex  1.542985e-01  3.373522e-01 -8.601454e-02
     vertex  1.268689e-01  3.100595e-01 -8.682749e-02
     vertex  1.276526e-01  3.100773e-01 -8.117347e-02
   endloop
 endfacet
 facet normal -7.066740e-01  7.036573e-01  7.401543e-02
   outer loop
     vertex  1.551260e-01  3.373766e-01 -7.839786e-02
     vertex  1.276526e-01  3.100773e-01 -8.117347e-02
     vertex  1.282654e-01  3.100952e-01 -7.549312e-02
   endloop
 endfacet
 facet normal -7.087753e-01  7.034604e-01  5.273572e-02
   outer loop
     vertex  1.551260e-01  3.373766e-01 -7.839786e-02
     vertex  1.282654e-01  3.100952e-01 -7.549312e-02
     vertex  1.287072e-01  3.101131e-01 -6.979279e-02
   endloop
 endfacet
 facet normal -7.066730e-01  7.036036e-01  7.453390e-02
   outer loop
     vertex  1.551260e-01  3.373766e-01 -7.839786e-02
     vertex  1.542985e-01  3.373522e-01 -8.601454e-02
     vertex  1.276526e-01  3.100773e-01 -8.117347e-02
   endloop
 endfacet
 facet normal -7.092906e-01  7.031325e-01  5.011463e-02
   outer loop
     vertex  1.556904e-01  3.374008e-01 -7.075078e-02
     vertex  1.551260e-01  3.373766e-01 -7.839786e-02
     vertex  1.287072e-01  3.101131e-01 -6.979279e-02
   endloop
 endfacet
 facet normal -7.101588e-01  7.033371e-01  3.148771e-02
   outer loop
     vertex  1.556904e-01  3.374008e-01 -7.075078e-02
     vertex  1.287072e-01  3.101131e-01 -6.979279e-02
     vertex  1.289782e-01  3.101309e-01 -6.407879e-02
   endloop
 endfacet
 facet normal -7.109018e-01  7.032163e-01  1.026658e-02
   outer loop
     vertex  1.559916e-01  3.374250e-01 -6.308446e-02
     vertex  1.289782e-01  3.101309e-01 -6.407879e-02
     vertex  1.290783e-01  3.101486e-01 -5.835746e-02
   endloop
 endfacet
 facet normal -7.109855e-01  7.027361e-01  2.572157e-02
   outer loop
     vertex  1.559916e-01  3.374250e-01 -6.308446e-02
     vertex  1.556904e-01  3.374008e-01 -7.075078e-02
     vertex  1.289782e-01  3.101309e-01 -6.407879e-02
   endloop
 endfacet
 facet normal -7.110073e-01  7.030995e-01 -1.094082e-02
   outer loop
     vertex  1.560297e-01  3.374490e-01 -5.541009e-02
     vertex  1.290783e-01  3.101486e-01 -5.835746e-02
     vertex  1.290076e-01  3.101661e-01 -5.263512e-02
   endloop
 endfacet
 facet normal -7.117125e-01  7.024696e-01  1.342416e-03
   outer loop
     vertex  1.560297e-01  3.374490e-01 -5.541009e-02
     vertex  1.559916e-01  3.374250e-01 -6.308446e-02
     vertex  1.290783e-01  3.101486e-01 -5.835746e-02
   endloop
 endfacet
 facet normal -7.104755e-01  7.029872e-01 -3.214779e-02
   outer loop
     vertex  1.558048e-01  3.374727e-01 -4.773888e-02
     vertex  1.290076e-01  3.101661e-01 -5.263512e-02
     vertex  1.287661e-01  3.101835e-01 -4.691809e-02
   endloop
 endfacet
 facet normal -7.114754e-01  7.023335e-01 -2.303006e-02
   outer loop
     vertex  1.558048e-01  3.374727e-01 -4.773888e-02
     vertex  1.560297e-01  3.374490e-01 -5.541009e-02
     vertex  1.290076e-01  3.101661e-01 -5.263512e-02
   endloop
 endfacet
 facet normal -7.093045e-01  7.028791e-01 -5.336751e-02
   outer loop
     vertex  1.553169e-01  3.374961e-01 -4.008199e-02
     vertex  1.287661e-01  3.101835e-01 -4.691809e-02
     vertex  1.283538e-01  3.102006e-01 -4.121271e-02
   endloop
 endfacet
 facet normal -7.102734e-01  7.023280e-01 -4.740327e-02
   outer loop
     vertex  1.553169e-01  3.374961e-01 -4.008199e-02
     vertex  1.558048e-01  3.374727e-01 -4.773888e-02
     vertex  1.287661e-01  3.101835e-01 -4.691809e-02
   endloop
 endfacet
 facet normal -7.074898e-01  7.027739e-01 -7.461281e-02
   outer loop
     vertex  1.545661e-01  3.375190e-01 -3.245062e-02
     vertex  1.283538e-01  3.102006e-01 -4.121271e-02
     vertex  1.277707e-01  3.102174e-01 -3.552530e-02
   endloop
 endfacet
 facet normal -7.081009e-01  7.024530e-01 -7.178408e-02
   outer loop
     vertex  1.545661e-01  3.375190e-01 -3.245062e-02
     vertex  1.553169e-01  3.374961e-01 -4.008199e-02
     vertex  1.283538e-01  3.102006e-01 -4.121271e-02
   endloop
 endfacet
 facet normal -7.050243e-01  7.026697e-01 -9.589602e-02
   outer loop
     vertex  1.535523e-01  3.375415e-01 -2.485595e-02
     vertex  1.277707e-01  3.102174e-01 -3.552530e-02
     vertex  1.270169e-01  3.102339e-01 -2.986219e-02
   endloop
 endfacet
 facet normal -7.014152e-01  7.030593e-01 -1.171507e-01
   outer loop
     vertex  1.535523e-01  3.375415e-01 -2.485595e-02
     vertex  1.270169e-01  3.102339e-01 -2.986219e-02
     vertex  1.260924e-01  3.102501e-01 -2.422971e-02
   endloop
 endfacet
 facet normal -7.049479e-01  7.027078e-01 -9.617819e-02
   outer loop
     vertex  1.535523e-01  3.375415e-01 -2.485595e-02
     vertex  1.545661e-01  3.375190e-01 -3.245062e-02
     vertex  1.277707e-01  3.102174e-01 -3.552530e-02
   endloop
 endfacet
 facet normal -7.011600e-01  7.027222e-01 -1.206492e-01
   outer loop
     vertex  1.522757e-01  3.375634e-01 -1.730917e-02
     vertex  1.535523e-01  3.375415e-01 -2.485595e-02
     vertex  1.260924e-01  3.102501e-01 -2.422971e-02
   endloop
 endfacet
 facet normal -6.971730e-01  7.034085e-01 -1.384422e-01
   outer loop
     vertex  1.522757e-01  3.375634e-01 -1.730917e-02
     vertex  1.260924e-01  3.102501e-01 -2.422971e-02
     vertex  1.249971e-01  3.102659e-01 -1.863418e-02
   endloop
 endfacet
 facet normal -6.922430e-01  7.037557e-01 -1.597733e-01
   outer loop
     vertex  1.507363e-01  3.375847e-01 -9.821476e-03
     vertex  1.249971e-01  3.102659e-01 -1.863418e-02
     vertex  1.237312e-01  3.102812e-01 -1.308192e-02
   endloop
 endfacet
 facet normal -6.963287e-01  7.028907e-01 -1.451587e-01
   outer loop
     vertex  1.507363e-01  3.375847e-01 -9.821476e-03
     vertex  1.522757e-01  3.375634e-01 -1.730917e-02
     vertex  1.249971e-01  3.102659e-01 -1.863418e-02
   endloop
 endfacet
 facet normal -6.866087e-01  7.040974e-01 -1.811502e-01
   outer loop
     vertex  1.489341e-01  3.376053e-01 -2.404043e-03
     vertex  1.237312e-01  3.102812e-01 -1.308192e-02
     vertex  1.222946e-01  3.102960e-01 -7.579277e-03
   endloop
 endfacet
 facet normal -6.904612e-01  7.031800e-01 -1.697093e-01
   outer loop
     vertex  1.489341e-01  3.376053e-01 -2.404043e-03
     vertex  1.507363e-01  3.375847e-01 -9.821476e-03
     vertex  1.237312e-01  3.102812e-01 -1.308192e-02
   endloop
 endfacet
 facet normal -6.802517e-01  7.044289e-01 -2.025771e-01
   outer loop
     vertex  1.468692e-01  3.376251e-01  4.931939e-03
     vertex  1.222946e-01  3.102960e-01 -7.579277e-03
     vertex  1.206874e-01  3.103103e-01 -2.132564e-03
   endloop
 endfacet
 facet normal -6.835313e-01  7.035867e-01 -1.942957e-01
   outer loop
     vertex  1.468692e-01  3.376251e-01  4.931939e-03
     vertex  1.489341e-01  3.376053e-01 -2.404043e-03
     vertex  1.222946e-01  3.102960e-01 -7.579277e-03
   endloop
 endfacet
 facet normal -6.731523e-01  7.047446e-01 -2.240560e-01
   outer loop
     vertex  1.445416e-01  3.376440e-01  1.217528e-02
     vertex  1.206874e-01  3.103103e-01 -2.132564e-03
     vertex  1.189095e-01  3.103240e-01  3.251888e-03
   endloop
 endfacet
 facet normal -6.755093e-01  7.041069e-01 -2.189081e-01
   outer loop
     vertex  1.445416e-01  3.376440e-01  1.217528e-02
     vertex  1.468692e-01  3.376251e-01  4.931939e-03
     vertex  1.206874e-01  3.103103e-01 -2.132564e-03
   endloop
 endfacet
 facet normal -6.652888e-01  7.050378e-01 -2.455860e-01
   outer loop
     vertex  1.419514e-01  3.376620e-01  1.931480e-02
     vertex  1.189095e-01  3.103240e-01  3.251888e-03
     vertex  1.169611e-01  3.103371e-01  8.567753e-03
   endloop
 endfacet
 facet normal -6.663632e-01  7.047359e-01 -2.435311e-01
   outer loop
     vertex  1.419514e-01  3.376620e-01  1.931480e-02
     vertex  1.445416e-01  3.376440e-01  1.217528e-02
     vertex  1.189095e-01  3.103240e-01  3.251888e-03
   endloop
 endfacet
 facet normal -6.566386e-01  7.053010e-01 -2.671634e-01
   outer loop
     vertex  1.390986e-01  3.376790e-01  2.633931e-02
     vertex  1.169611e-01  3.103371e-01  8.567753e-03
     vertex  1.148421e-01  3.103495e-01  1.380870e-02
   endloop
 endfacet
 facet normal -6.465879e-01  7.061727e-01 -2.885208e-01
   outer loop
     vertex  1.390986e-01  3.376790e-01  2.633931e-02
     vertex  1.148421e-01  3.103495e-01  1.380870e-02
     vertex  1.125525e-01  3.103612e-01  1.896841e-02
   endloop
 endfacet
 facet normal -6.560591e-01  7.054685e-01 -2.681431e-01
   outer loop
     vertex  1.390986e-01  3.376790e-01  2.633931e-02
     vertex  1.419514e-01  3.376620e-01  1.931480e-02
     vertex  1.169611e-01  3.103371e-01  8.567753e-03
   endloop
 endfacet
 facet normal -6.450011e-01  7.058157e-01 -2.929125e-01
   outer loop
     vertex  1.359833e-01  3.376948e-01  3.323761e-02
     vertex  1.390986e-01  3.376790e-01  2.633931e-02
     vertex  1.125525e-01  3.103612e-01  1.896841e-02
   endloop
 endfacet
 facet normal -6.358479e-01  7.068530e-01 -3.099294e-01
   outer loop
     vertex  1.359833e-01  3.376948e-01  3.323761e-02
     vertex  1.125525e-01  3.103612e-01  1.896841e-02
     vertex  1.100924e-01  3.103722e-01  2.404055e-02
   endloop
 endfacet
 facet normal -6.242508e-01  7.074896e-01 -3.313145e-01
   outer loop
     vertex  1.326055e-01  3.377096e-01  3.999853e-02
     vertex  1.100924e-01  3.103722e-01  2.404055e-02
     vertex  1.074618e-01  3.103824e-01  2.901880e-02
   endloop
 endfacet
 facet normal -6.326055e-01  7.063602e-01 -3.175933e-01
   outer loop
     vertex  1.326055e-01  3.377096e-01  3.999853e-02
     vertex  1.359833e-01  3.376948e-01  3.323761e-02
     vertex  1.100924e-01  3.103722e-01  2.404055e-02
   endloop
 endfacet
 facet normal -6.117742e-01  7.080724e-01 -3.526554e-01
   outer loop
     vertex  1.289652e-01  3.377230e-01  4.661088e-02
     vertex  1.074618e-01  3.103824e-01  2.901880e-02
     vertex  1.046608e-01  3.103918e-01  3.389682e-02
   endloop
 endfacet
 facet normal -6.189454e-01  7.069762e-01 -3.421860e-01
   outer loop
     vertex  1.289652e-01  3.377230e-01  4.661088e-02
     vertex  1.326055e-01  3.377096e-01  3.999853e-02
     vertex  1.074618e-01  3.103824e-01  2.901880e-02
   endloop
 endfacet
 facet normal -5.983968e-01  7.085902e-01 -3.739267e-01
   outer loop
     vertex  1.250626e-01  3.377352e-01  5.306347e-02
     vertex  1.046608e-01  3.103918e-01  3.389682e-02
     vertex  1.016892e-01  3.104003e-01  3.866829e-02
   endloop
 endfacet
 facet normal -6.039884e-01  7.076538e-01 -3.666389e-01
   outer loop
     vertex  1.250626e-01  3.377352e-01  5.306347e-02
     vertex  1.289652e-01  3.377230e-01  4.661088e-02
     vertex  1.046608e-01  3.103918e-01  3.389682e-02
   endloop
 endfacet
 facet normal -5.877061e-01  7.083825e-01 -3.908909e-01
   outer loop
     vertex  1.208975e-01  3.377460e-01  5.934511e-02
     vertex  1.250626e-01  3.377352e-01  5.306347e-02
     vertex  1.016892e-01  3.104003e-01  3.866829e-02
   endloop
 endfacet
 facet normal -5.840994e-01  7.090309e-01 -3.950988e-01
   outer loop
     vertex  1.208975e-01  3.377460e-01  5.934511e-02
     vertex  1.016892e-01  3.104003e-01  3.866829e-02
     vertex  9.854724e-02  3.104078e-01  4.332689e-02
   endloop
 endfacet
 facet normal -5.688652e-01  7.093816e-01 -4.161371e-01
   outer loop
     vertex  1.164702e-01  3.377553e-01  6.544462e-02
     vertex  9.854724e-02  3.104078e-01  4.332689e-02
     vertex  9.523483e-02  3.104145e-01  4.786628e-02
   endloop
 endfacet
 facet normal -5.700759e-01  7.091511e-01 -4.148712e-01
   outer loop
     vertex  1.164702e-01  3.377553e-01  6.544462e-02
     vertex  1.208975e-01  3.377460e-01  5.934511e-02
     vertex  9.854724e-02  3.104078e-01  4.332689e-02
   endloop
 endfacet
 facet normal -5.510827e-01  7.099477e-01 -4.384998e-01
   outer loop
     vertex  1.117807e-01  3.377631e-01  7.135081e-02
     vertex  1.164702e-01  3.377553e-01  6.544462e-02
     vertex  9.523483e-02  3.104145e-01  4.786628e-02
   endloop
 endfacet
 facet normal -5.526808e-01  7.096287e-01 -4.370024e-01
   outer loop
     vertex  1.117807e-01  3.377631e-01  7.135081e-02
     vertex  9.523483e-02  3.104145e-01  4.786628e-02
     vertex  9.175203e-02  3.104201e-01  5.228014e-02
   endloop
 endfacet
 facet normal -5.348846e-01  7.106071e-01 -4.570953e-01
   outer loop
     vertex  1.117807e-01  3.377631e-01  7.135081e-02
     vertex  9.175203e-02  3.104201e-01  5.228014e-02
     vertex  8.809884e-02  3.104247e-01  5.656215e-02
   endloop
 endfacet
 facet normal -5.163727e-01  7.111766e-01 -4.770609e-01
   outer loop
     vertex  1.068289e-01  3.377692e-01  7.705249e-02
     vertex  8.809884e-02  3.104247e-01  5.656215e-02
     vertex  8.427530e-02  3.104282e-01  6.070596e-02
   endloop
 endfacet
 facet normal -5.312030e-01  7.101281e-01 -4.621054e-01
   outer loop
     vertex  1.068289e-01  3.377692e-01  7.705249e-02
     vertex  1.117807e-01  3.377631e-01  7.135081e-02
     vertex  8.809884e-02  3.104247e-01  5.656215e-02
   endloop
 endfacet
 facet normal -5.097709e-01  7.105203e-01 -4.850717e-01
   outer loop
     vertex  1.016149e-01  3.377737e-01  8.253847e-02
     vertex  1.068289e-01  3.377692e-01  7.705249e-02
     vertex  8.427530e-02  3.104282e-01  6.070596e-02
   endloop
 endfacet
 facet normal -4.969150e-01  7.116207e-01 -4.966603e-01
   outer loop
     vertex  1.016149e-01  3.377737e-01  8.253847e-02
     vertex  8.427530e-02  3.104282e-01  6.070596e-02
     vertex  8.028143e-02  3.104305e-01  6.470527e-02
   endloop
 endfacet
 facet normal -4.869761e-01  7.108916e-01 -5.074322e-01
   outer loop
     vertex  9.613885e-02  3.377764e-01  8.779758e-02
     vertex  1.016149e-01  3.377737e-01  8.253847e-02
     vertex  8.028143e-02  3.104305e-01  6.470527e-02
   endloop
 endfacet
 facet normal -4.765229e-01  7.119265e-01 -5.158359e-01
   outer loop
     vertex  9.613885e-02  3.377764e-01  8.779758e-02
     vertex  8.028143e-02  3.104305e-01  6.470527e-02
     vertex  7.611725e-02  3.104317e-01  6.855374e-02
   endloop
 endfacet
 facet normal -4.628485e-01  7.112316e-01 -5.290755e-01
   outer loop
     vertex  9.040070e-02  3.377773e-01  9.281862e-02
     vertex  9.613885e-02  3.377764e-01  8.779758e-02
     vertex  7.611725e-02  3.104317e-01  6.855374e-02
   endloop
 endfacet
 facet normal -4.552146e-01  7.120817e-01 -5.345272e-01
   outer loop
     vertex  9.040070e-02  3.377773e-01  9.281862e-02
     vertex  7.611725e-02  3.104317e-01  6.855374e-02
     vertex  7.178277e-02  3.104317e-01  7.224505e-02
   endloop
 endfacet
 facet normal -4.374344e-01  7.115313e-01 -5.498858e-01
   outer loop
     vertex  8.440052e-02  3.377762e-01  9.759040e-02
     vertex  9.040070e-02  3.377773e-01  9.281862e-02
     vertex  7.178277e-02  3.104317e-01  7.224505e-02
   endloop
 endfacet
 facet normal -4.330167e-01  7.120749e-01 -5.526715e-01
   outer loop
     vertex  8.440052e-02  3.377762e-01  9.759040e-02
     vertex  7.178277e-02  3.104317e-01  7.224505e-02
     vertex  6.727803e-02  3.104304e-01  7.577286e-02
   endloop
 endfacet
 facet normal -4.107973e-01  7.117840e-01 -5.697447e-01
   outer loop
     vertex  7.813836e-02  3.377732e-01  1.021017e-01
     vertex  8.440052e-02  3.377762e-01  9.759040e-02
     vertex  6.727803e-02  3.104304e-01  7.577286e-02
   endloop
 endfacet
 facet normal -4.099636e-01  7.118961e-01 -5.702050e-01
   outer loop
     vertex  7.813836e-02  3.377732e-01  1.021017e-01
     vertex  6.727803e-02  3.104304e-01  7.577286e-02
     vertex  6.260303e-02  3.104278e-01  7.913085e-02
   endloop
 endfacet
 facet normal -3.858346e-01  7.120116e-01 -5.866610e-01
   outer loop
     vertex  7.813836e-02  3.377732e-01  1.021017e-01
     vertex  6.260303e-02  3.104278e-01  7.913085e-02
     vertex  5.775782e-02  3.104239e-01  8.231269e-02
   endloop
 endfacet
 facet normal -3.832143e-01  7.116320e-01 -5.888351e-01
   outer loop
     vertex  7.161427e-02  3.377681e-01  1.063415e-01
     vertex  7.813836e-02  3.377732e-01  1.021017e-01
     vertex  5.775782e-02  3.104239e-01  8.231269e-02
   endloop
 endfacet
 facet normal -3.609012e-01  7.120918e-01 -6.022255e-01
   outer loop
     vertex  7.161427e-02  3.377681e-01  1.063415e-01
     vertex  5.775782e-02  3.104239e-01  8.231269e-02
     vertex  5.274239e-02  3.104186e-01  8.531206e-02
   endloop
 endfacet
 facet normal -3.546171e-01  7.113167e-01 -6.068568e-01
   outer loop
     vertex  6.482828e-02  3.377608e-01  1.102984e-01
     vertex  7.161427e-02  3.377681e-01  1.063415e-01
     vertex  5.274239e-02  3.104186e-01  8.531206e-02
   endloop
 endfacet
 facet normal -3.353057e-01  7.120016e-01 -6.169472e-01
   outer loop
     vertex  6.482828e-02  3.377608e-01  1.102984e-01
     vertex  5.274239e-02  3.104186e-01  8.531206e-02
     vertex  4.755679e-02  3.104119e-01  8.812263e-02
   endloop
 endfacet
 facet normal -3.250611e-01  7.109405e-01 -6.236175e-01
   outer loop
     vertex  5.778045e-02  3.377514e-01  1.139613e-01
     vertex  6.482828e-02  3.377608e-01  1.102984e-01
     vertex  4.755679e-02  3.104119e-01  8.812263e-02
   endloop
 endfacet
 facet normal -3.091204e-01  7.117396e-01 -6.307704e-01
   outer loop
     vertex  5.778045e-02  3.377514e-01  1.139613e-01
     vertex  4.755679e-02  3.104119e-01  8.812263e-02
     vertex  4.220102e-02  3.104037e-01  9.073808e-02
   endloop
 endfacet
 facet normal -2.946765e-01  7.105116e-01 -6.390141e-01
   outer loop
     vertex  5.047082e-02  3.377396e-01  1.173190e-01
     vertex  5.778045e-02  3.377514e-01  1.139613e-01
     vertex  4.220102e-02  3.104037e-01  9.073808e-02
   endloop
 endfacet
 facet normal -2.824250e-01  7.113075e-01 -6.436442e-01
   outer loop
     vertex  5.047082e-02  3.377396e-01  1.173190e-01
     vertex  4.220102e-02  3.104037e-01  9.073808e-02
     vertex  3.667512e-02  3.103940e-01  9.315206e-02
   endloop
 endfacet
 facet normal -2.636084e-01  7.100428e-01 -6.529547e-01
   outer loop
     vertex  4.289944e-02  3.377255e-01  1.203603e-01
     vertex  5.047082e-02  3.377396e-01  1.173190e-01
     vertex  3.667512e-02  3.103940e-01  9.315206e-02
   endloop
 endfacet
 facet normal -2.553052e-01  7.107094e-01 -6.555238e-01
   outer loop
     vertex  4.289944e-02  3.377255e-01  1.203603e-01
     vertex  3.667512e-02  3.103940e-01  9.315206e-02
     vertex  3.097910e-02  3.103827e-01  9.535827e-02
   endloop
 endfacet
 facet normal -2.278517e-01  7.099528e-01 -6.663713e-01
   outer loop
     vertex  3.506635e-02  3.377089e-01  1.230741e-01
     vertex  3.097910e-02  3.103827e-01  9.535827e-02
     vertex  2.511298e-02  3.103699e-01  9.735037e-02
   endloop
 endfacet
 facet normal -2.320147e-01  7.095513e-01 -6.653616e-01
   outer loop
     vertex  3.506635e-02  3.377089e-01  1.230741e-01
     vertex  4.289944e-02  3.377255e-01  1.203603e-01
     vertex  3.097910e-02  3.103827e-01  9.535827e-02
   endloop
 endfacet
 facet normal -2.001592e-01  7.090477e-01 -6.761565e-01
   outer loop
     vertex  2.697161e-02  3.376898e-01  1.254491e-01
     vertex  2.511298e-02  3.103699e-01  9.735037e-02
     vertex  1.907679e-02  3.103554e-01  9.912203e-02
   endloop
 endfacet
 facet normal -1.721597e-01  7.086954e-01 -6.841871e-01
   outer loop
     vertex  2.697161e-02  3.376898e-01  1.254491e-01
     vertex  1.907679e-02  3.103554e-01  9.912203e-02
     vertex  1.287055e-02  3.103392e-01  1.006669e-01
   endloop
 endfacet
 facet normal -2.000626e-01  7.090587e-01 -6.761736e-01
   outer loop
     vertex  2.697161e-02  3.376898e-01  1.254491e-01
     vertex  3.506635e-02  3.377089e-01  1.230741e-01
     vertex  2.511298e-02  3.103699e-01  9.735037e-02
   endloop
 endfacet
 facet normal -1.680450e-01  7.080781e-01 -6.858471e-01
   outer loop
     vertex  1.861525e-02  3.376682e-01  1.274742e-01
     vertex  2.697161e-02  3.376898e-01  1.254491e-01
     vertex  1.287055e-02  3.103392e-01  1.006669e-01
   endloop
 endfacet
 facet normal -1.441726e-01  7.082232e-01 -6.911108e-01
   outer loop
     vertex  1.861525e-02  3.376682e-01  1.274742e-01
     vertex  1.287055e-02  3.103392e-01  1.006669e-01
     vertex  6.494275e-03  3.103213e-01  1.019787e-01
   endloop
 endfacet
 facet normal -1.162926e-01  7.076631e-01 -6.969139e-01
   outer loop
     vertex  9.997318e-03  3.376438e-01  1.291381e-01
     vertex  6.494275e-03  3.103213e-01  1.019787e-01
     vertex -5.200789e-05  3.103016e-01  1.030511e-01
   endloop
 endfacet
 facet normal -1.359694e-01  7.071535e-01 -6.938633e-01
   outer loop
     vertex  9.997318e-03  3.376438e-01  1.291381e-01
     vertex  1.861525e-02  3.376682e-01  1.274742e-01
     vertex  6.494275e-03  3.103213e-01  1.019787e-01
   endloop
 endfacet
 facet normal -8.861580e-02  7.070335e-01 -7.016059e-01
   outer loop
     vertex  1.117869e-03  3.376167e-01  1.304298e-01
     vertex -5.200789e-05  3.103016e-01  1.030511e-01
     vertex -6.768278e-03  3.102802e-01  1.038778e-01
   endloop
 endfacet
 facet normal -1.040124e-01  7.063067e-01 -7.002230e-01
   outer loop
     vertex  1.117869e-03  3.376167e-01  1.304298e-01
     vertex  9.997318e-03  3.376438e-01  1.291381e-01
     vertex -5.200789e-05  3.103016e-01  1.030511e-01
   endloop
 endfacet
 facet normal -1.208376e-02  7.050840e-01 -7.090209e-01
   outer loop
     vertex -2.380852e-02  3.375306e-01  1.319688e-01
     vertex -2.071069e-02  3.102316e-01  1.047685e-01
     vertex -2.551881e-02  3.102137e-01  1.048327e-01
   endloop
 endfacet
 facet normal -1.562634e-02  7.048474e-01 -7.091869e-01
   outer loop
     vertex -2.380852e-02  3.375306e-01  1.319688e-01
     vertex -1.742541e-02  3.375540e-01  1.318514e-01
     vertex -2.071069e-02  3.102316e-01  1.047685e-01
   endloop
 endfacet
 facet normal  5.406148e-03  7.046983e-01 -7.094865e-01
   outer loop
     vertex -3.030669e-02  3.375059e-01  1.319042e-01
     vertex -2.551881e-02  3.102137e-01  1.048327e-01
     vertex -3.040273e-02  3.101949e-01  1.047768e-01
   endloop
 endfacet
 facet normal  4.370287e-03  7.046103e-01 -7.095810e-01
   outer loop
     vertex -3.030669e-02  3.375059e-01  1.319042e-01
     vertex -2.380852e-02  3.375306e-01  1.319688e-01
     vertex -2.551881e-02  3.102137e-01  1.048327e-01
   endloop
 endfacet
 facet normal -6.117190e-02  7.071390e-01 -7.044235e-01
   outer loop
     vertex -7.691907e-03  3.367663e-01  1.305463e-01
     vertex -6.768278e-03  3.102802e-01  1.038778e-01
     vertex -1.365451e-02  3.102568e-01  1.044524e-01
   endloop
 endfacet
 facet normal -3.426246e-02  7.049899e-01 -7.083892e-01
   outer loop
     vertex -7.691907e-03  3.367663e-01  1.305463e-01
     vertex -1.365451e-02  3.102568e-01  1.044524e-01
     vertex -2.071069e-02  3.102316e-01  1.047685e-01
   endloop
 endfacet
 facet normal -7.499360e-02  6.765545e-01 -7.325640e-01
   outer loop
     vertex -7.691907e-03  3.367663e-01  1.305463e-01
     vertex -8.023057e-03  3.375868e-01  1.313379e-01
     vertex  1.117869e-03  3.376167e-01  1.304298e-01
   endloop
 endfacet
 facet normal -4.211482e-02  6.848790e-01 -7.274388e-01
   outer loop
     vertex -7.691907e-03  3.367663e-01  1.305463e-01
     vertex -1.742541e-02  3.375540e-01  1.318514e-01
     vertex -8.023057e-03  3.375868e-01  1.313379e-01
   endloop
 endfacet
 facet normal -7.746227e-02  7.060532e-01 -7.039094e-01
   outer loop
     vertex -7.691907e-03  3.367663e-01  1.305463e-01
     vertex  1.117869e-03  3.376167e-01  1.304298e-01
     vertex -6.768278e-03  3.102802e-01  1.038778e-01
   endloop
 endfacet
 facet normal -3.774189e-02  7.057700e-01 -7.074350e-01
   outer loop
     vertex -7.691907e-03  3.367663e-01  1.305463e-01
     vertex -2.071069e-02  3.102316e-01  1.047685e-01
     vertex -1.742541e-02  3.375540e-01  1.318514e-01
   endloop
 endfacet
 facet normal -7.608323e-01  3.997773e-01  5.111872e-01
   outer loop
     vertex  2.137510e-01  3.272969e-01  6.175962e-01
     vertex  2.265448e-01  3.491768e-01  6.195267e-01
     vertex  2.209767e-01  3.515036e-01  6.094196e-01
   endloop
 endfacet
 facet normal -8.021702e-01  3.916782e-01  4.506786e-01
   outer loop
     vertex  2.137510e-01  3.272969e-01  6.175962e-01
     vertex  2.209767e-01  3.515036e-01  6.094196e-01
     vertex  2.109094e-01  3.276446e-01  6.122362e-01
   endloop
 endfacet
 facet normal -7.858885e-01  4.194420e-01  4.543652e-01
   outer loop
     vertex  2.165563e-01  3.269321e-01  6.227850e-01
     vertex  2.265448e-01  3.491768e-01  6.195267e-01
     vertex  2.137510e-01  3.272969e-01  6.175962e-01
   endloop
 endfacet
 facet normal -6.273411e-01  6.823962e-01  3.752048e-01
   outer loop
     vertex  2.196335e-01  3.269192e-01  6.276139e-01
     vertex  2.024715e-01  3.105357e-01  6.287164e-01
     vertex  2.083055e-01  3.102700e-01  6.389540e-01
   endloop
 endfacet
 facet normal -7.240180e-01  4.228381e-01  5.449824e-01
   outer loop
     vertex  2.196335e-01  3.269192e-01  6.276139e-01
     vertex  2.325715e-01  3.468627e-01  6.293287e-01
     vertex  2.265448e-01  3.491768e-01  6.195267e-01
   endloop
 endfacet
 facet normal -6.202710e-01  6.764615e-01  3.970689e-01
   outer loop
     vertex  2.196335e-01  3.269192e-01  6.276139e-01
     vertex  2.165563e-01  3.269321e-01  6.227850e-01
     vertex  2.024715e-01  3.105357e-01  6.287164e-01
   endloop
 endfacet
 facet normal -7.664415e-01  4.158588e-01  4.895190e-01
   outer loop
     vertex  2.196335e-01  3.269192e-01  6.276139e-01
     vertex  2.265448e-01  3.491768e-01  6.195267e-01
     vertex  2.165563e-01  3.269321e-01  6.227850e-01
   endloop
 endfacet
 facet normal -7.612158e-01  4.540140e-01  4.630570e-01
   outer loop
     vertex  2.224712e-01  3.265257e-01  6.326647e-01
     vertex  2.325715e-01  3.468627e-01  6.293287e-01
     vertex  2.196335e-01  3.269192e-01  6.276139e-01
   endloop
 endfacet
 facet normal -6.106248e-01  6.855183e-01  3.964871e-01
   outer loop
     vertex  2.224712e-01  3.265257e-01  6.326647e-01
     vertex  2.196335e-01  3.269192e-01  6.276139e-01
     vertex  2.083055e-01  3.102700e-01  6.389540e-01
   endloop
 endfacet
 facet normal -6.091755e-01  6.875496e-01  3.951972e-01
   outer loop
     vertex  2.256064e-01  3.264893e-01  6.374047e-01
     vertex  2.083055e-01  3.102700e-01  6.389540e-01
     vertex  2.145278e-01  3.100727e-01  6.488886e-01
   endloop
 endfacet
 facet normal -6.777841e-01  4.593081e-01  5.741470e-01
   outer loop
     vertex  2.256064e-01  3.264893e-01  6.374047e-01
     vertex  2.390569e-01  3.445614e-01  6.388258e-01
     vertex  2.325715e-01  3.468627e-01  6.293287e-01
   endloop
 endfacet
 facet normal -6.055019e-01  6.846394e-01  4.057541e-01
   outer loop
     vertex  2.256064e-01  3.264893e-01  6.374047e-01
     vertex  2.224712e-01  3.265257e-01  6.326647e-01
     vertex  2.083055e-01  3.102700e-01  6.389540e-01
   endloop
 endfacet
 facet normal -7.431315e-01  4.502701e-01  4.949872e-01
   outer loop
     vertex  2.256064e-01  3.264893e-01  6.374047e-01
     vertex  2.325715e-01  3.468627e-01  6.293287e-01
     vertex  2.224712e-01  3.265257e-01  6.326647e-01
   endloop
 endfacet
 facet normal -5.937276e-01  6.883571e-01  4.167156e-01
   outer loop
     vertex  2.285162e-01  3.260823e-01  6.423734e-01
     vertex  2.145278e-01  3.100727e-01  6.488886e-01
     vertex  2.211387e-01  3.099439e-01  6.585204e-01
   endloop
 endfacet
 facet normal -5.991445e-01  6.892748e-01  4.073403e-01
   outer loop
     vertex  2.285162e-01  3.260823e-01  6.423734e-01
     vertex  2.256064e-01  3.264893e-01  6.374047e-01
     vertex  2.145278e-01  3.100727e-01  6.488886e-01
   endloop
 endfacet
 facet normal -7.266142e-01  5.040906e-01  4.668237e-01
   outer loop
     vertex  2.285162e-01  3.260823e-01  6.423734e-01
     vertex  2.390569e-01  3.445614e-01  6.388258e-01
     vertex  2.256064e-01  3.264893e-01  6.374047e-01
   endloop
 endfacet
 facet normal -6.207671e-01  5.095589e-01  5.958170e-01
   outer loop
     vertex  2.317251e-01  3.260396e-01  6.470272e-01
     vertex  2.460010e-01  3.422728e-01  6.480179e-01
     vertex  2.390569e-01  3.445614e-01  6.388258e-01
   endloop
 endfacet
 facet normal -7.106665e-01  5.003259e-01  4.945979e-01
   outer loop
     vertex  2.317251e-01  3.260396e-01  6.470272e-01
     vertex  2.390569e-01  3.445614e-01  6.388258e-01
     vertex  2.285162e-01  3.260823e-01  6.423734e-01
   endloop
 endfacet
 facet normal -5.944064e-01  6.881090e-01  4.161575e-01
   outer loop
     vertex  2.317251e-01  3.260396e-01  6.470272e-01
     vertex  2.285162e-01  3.260823e-01  6.423734e-01
     vertex  2.211387e-01  3.099439e-01  6.585204e-01
   endloop
 endfacet
 facet normal -5.795280e-01  6.864437e-01  4.392520e-01
   outer loop
     vertex  2.347544e-01  3.256323e-01  6.519673e-01
     vertex  2.211387e-01  3.099439e-01  6.585204e-01
     vertex  2.281380e-01  3.098836e-01  6.678492e-01
   endloop
 endfacet
 facet normal -5.915009e-01  6.885837e-01  4.194987e-01
   outer loop
     vertex  2.347544e-01  3.256323e-01  6.519673e-01
     vertex  2.317251e-01  3.260396e-01  6.470272e-01
     vertex  2.211387e-01  3.099439e-01  6.585204e-01
   endloop
 endfacet
 facet normal -6.792478e-01  5.690664e-01  4.634499e-01
   outer loop
     vertex  2.347544e-01  3.256323e-01  6.519673e-01
     vertex  2.460010e-01  3.422728e-01  6.480179e-01
     vertex  2.317251e-01  3.260396e-01  6.470272e-01
   endloop
 endfacet
 facet normal -5.629693e-01  6.865163e-01  4.601749e-01
   outer loop
     vertex  2.380558e-01  3.255993e-01  6.565368e-01
     vertex  2.281380e-01  3.098836e-01  6.678492e-01
     vertex  2.355257e-01  3.098916e-01  6.768752e-01
   endloop
 endfacet
 facet normal -5.371441e-01  6.985860e-01  4.727091e-01
   outer loop
     vertex  2.380558e-01  3.255993e-01  6.565368e-01
     vertex  2.355257e-01  3.098916e-01  6.768752e-01
     vertex  2.433019e-01  3.099682e-01  6.855983e-01
   endloop
 endfacet
 facet normal -5.308907e-01  7.026415e-01  4.737615e-01
   outer loop
     vertex  2.380558e-01  3.255993e-01  6.565368e-01
     vertex  2.433019e-01  3.099682e-01  6.855983e-01
     vertex  2.631418e-01  3.372142e-01  6.674216e-01
   endloop
 endfacet
 facet normal -5.517782e-01  5.726920e-01  6.062712e-01
   outer loop
     vertex  2.380558e-01  3.255993e-01  6.565368e-01
     vertex  2.534037e-01  3.399970e-01  6.569050e-01
     vertex  2.460010e-01  3.422728e-01  6.480179e-01
   endloop
 endfacet
 facet normal -5.387595e-01  5.581814e-01  6.310085e-01
   outer loop
     vertex  2.380558e-01  3.255993e-01  6.565368e-01
     vertex  2.581859e-01  3.386032e-01  6.622210e-01
     vertex  2.534037e-01  3.399970e-01  6.569050e-01
   endloop
 endfacet
 facet normal -5.327310e-01  5.397543e-01  6.518152e-01
   outer loop
     vertex  2.380558e-01  3.255993e-01  6.565368e-01
     vertex  2.631418e-01  3.372142e-01  6.674216e-01
     vertex  2.581859e-01  3.386032e-01  6.622210e-01
   endloop
 endfacet
 facet normal -5.899688e-01  6.826697e-01  4.311600e-01
   outer loop
     vertex  2.380558e-01  3.255993e-01  6.565368e-01
     vertex  2.347544e-01  3.256323e-01  6.519673e-01
     vertex  2.281380e-01  3.098836e-01  6.678492e-01
   endloop
 endfacet
 facet normal -6.664776e-01  5.656911e-01  4.855937e-01
   outer loop
     vertex  2.380558e-01  3.255993e-01  6.565368e-01
     vertex  2.460010e-01  3.422728e-01  6.480179e-01
     vertex  2.347544e-01  3.256323e-01  6.519673e-01
   endloop
 endfacet
 facet normal -8.955774e-01  1.452518e-01  4.205270e-01
   outer loop
     vertex  2.127660e-01  3.363436e-01  5.984472e-01
     vertex  2.158673e-01  3.538432e-01  5.990076e-01
     vertex  2.112166e-01  3.561956e-01  5.882906e-01
   endloop
 endfacet
 facet normal -8.759858e-01  1.404699e-01  4.614295e-01
   outer loop
     vertex  2.127660e-01  3.363436e-01  5.984472e-01
     vertex  2.209767e-01  3.515036e-01  6.094196e-01
     vertex  2.158673e-01  3.538432e-01  5.990076e-01
   endloop
 endfacet
 facet normal -9.080830e-01  3.984027e-01  1.290760e-01
   outer loop
     vertex  2.127660e-01  3.363436e-01  5.984472e-01
     vertex  2.109094e-01  3.276446e-01  6.122362e-01
     vertex  2.209767e-01  3.515036e-01  6.094196e-01
   endloop
 endfacet
 facet normal -6.134539e-01  6.751636e-01  4.096687e-01
   outer loop
     vertex  2.071163e-01  3.238814e-01  6.136770e-01
     vertex  2.024715e-01  3.105357e-01  6.287164e-01
     vertex  2.165563e-01  3.269321e-01  6.227850e-01
   endloop
 endfacet
 facet normal -5.857132e-01  7.273178e-01  3.576995e-01
   outer loop
     vertex  2.071163e-01  3.238814e-01  6.136770e-01
     vertex  2.137510e-01  3.272969e-01  6.175962e-01
     vertex  2.109094e-01  3.276446e-01  6.122362e-01
   endloop
 endfacet
 facet normal -5.882787e-01  7.197428e-01  3.686441e-01
   outer loop
     vertex  2.071163e-01  3.238814e-01  6.136770e-01
     vertex  2.165563e-01  3.269321e-01  6.227850e-01
     vertex  2.137510e-01  3.272969e-01  6.175962e-01
   endloop
 endfacet
 facet normal  8.985348e-01  1.816539e-01  3.995461e-01
   outer loop
     vertex  2.108814e-01  3.342370e-01  5.990277e-01
     vertex  2.112166e-01  3.561956e-01  5.882906e-01
     vertex  2.024715e-01  3.105357e-01  6.287164e-01
   endloop
 endfacet
 facet normal -9.598675e-01  2.756154e-01 -5.187052e-02
   outer loop
     vertex  2.108814e-01  3.342370e-01  5.990277e-01
     vertex  2.024715e-01  3.105357e-01  6.287164e-01
     vertex  2.071163e-01  3.238814e-01  6.136770e-01
   endloop
 endfacet
 facet normal -2.127646e-01  4.318298e-01  8.765011e-01
   outer loop
     vertex  2.108814e-01  3.342370e-01  5.990277e-01
     vertex  2.127660e-01  3.363436e-01  5.984472e-01
     vertex  2.112166e-01  3.561956e-01  5.882906e-01
   endloop
 endfacet
 facet normal -6.526564e-01  6.773578e-01  3.394497e-01
   outer loop
     vertex  2.108814e-01  3.342370e-01  5.990277e-01
     vertex  2.109094e-01  3.276446e-01  6.122362e-01
     vertex  2.127660e-01  3.363436e-01  5.984472e-01
   endloop
 endfacet
 facet normal -5.827006e-01  7.266579e-01  3.639069e-01
   outer loop
     vertex  2.108814e-01  3.342370e-01  5.990277e-01
     vertex  2.071163e-01  3.238814e-01  6.136770e-01
     vertex  2.109094e-01  3.276446e-01  6.122362e-01
   endloop
 endfacet
 facet normal -5.472174e-01  7.022683e-01  4.553815e-01
   outer loop
     vertex  2.631418e-01  3.372142e-01  6.674216e-01
     vertex  2.433019e-01  3.099682e-01  6.855983e-01
     vertex  2.509116e-01  3.098556e-01  6.949162e-01
   endloop
 endfacet
 facet normal -5.248263e-01  7.085988e-01  4.716408e-01
   outer loop
     vertex  2.631418e-01  3.372142e-01  6.674216e-01
     vertex  2.509116e-01  3.098556e-01  6.949162e-01
     vertex  2.588787e-01  3.097966e-01  7.038704e-01
   endloop
 endfacet
 facet normal -5.065824e-01  7.084841e-01  4.913498e-01
   outer loop
     vertex  2.980728e-01  3.372217e-01  7.047349e-01
     vertex  2.588787e-01  3.097966e-01  7.038704e-01
     vertex  2.672030e-01  3.097910e-01  7.124608e-01
   endloop
 endfacet
 facet normal -4.930574e-01  7.002752e-01  5.162452e-01
   outer loop
     vertex  2.980728e-01  3.372217e-01  7.047349e-01
     vertex  2.672030e-01  3.097910e-01  7.124608e-01
     vertex  2.758847e-01  3.098389e-01  7.206876e-01
   endloop
 endfacet
 facet normal -4.747845e-01  6.974429e-01  5.367989e-01
   outer loop
     vertex  2.980728e-01  3.372217e-01  7.047349e-01
     vertex  2.758847e-01  3.098389e-01  7.206876e-01
     vertex  2.849237e-01  3.099403e-01  7.285506e-01
   endloop
 endfacet
 facet normal -4.523682e-01  7.002040e-01  5.523382e-01
   outer loop
     vertex  2.980728e-01  3.372217e-01  7.047349e-01
     vertex  2.849237e-01  3.099403e-01  7.285506e-01
     vertex  2.943200e-01  3.100952e-01  7.360499e-01
   endloop
 endfacet
 facet normal -5.106546e-01  7.147275e-01  4.779085e-01
   outer loop
     vertex  2.980728e-01  3.372217e-01  7.047349e-01
     vertex  2.631418e-01  3.372142e-01  6.674216e-01
     vertex  2.588787e-01  3.097966e-01  7.038704e-01
   endloop
 endfacet
 facet normal  2.946993e-01  7.045189e-01  6.456047e-01
   outer loop
     vertex  3.274584e-01  3.236652e-01  7.061148e-01
     vertex  2.980728e-01  3.372217e-01  7.047349e-01
     vertex  2.943200e-01  3.100952e-01  7.360499e-01
   endloop
 endfacet
 facet normal  3.113785e-01  7.361295e-01  6.009632e-01
   outer loop
     vertex  3.274584e-01  3.236652e-01  7.061148e-01
     vertex  3.033051e-01  3.372121e-01  7.020357e-01
     vertex  2.980728e-01  3.372217e-01  7.047349e-01
   endloop
 endfacet
 facet normal  2.924402e-01  7.132208e-01  6.370203e-01
   outer loop
     vertex  3.274584e-01  3.236652e-01  7.061148e-01
     vertex  3.086530e-01  3.372019e-01  6.995921e-01
     vertex  3.033051e-01  3.372121e-01  7.020357e-01
   endloop
 endfacet
 facet normal  2.686092e-01  6.946915e-01  6.672726e-01
   outer loop
     vertex  3.274584e-01  3.236652e-01  7.061148e-01
     vertex  3.141165e-01  3.371911e-01  6.974040e-01
     vertex  3.086530e-01  3.372019e-01  6.995921e-01
   endloop
 endfacet
 facet normal  3.020403e-01  6.970216e-01  6.503327e-01
   outer loop
     vertex  3.410635e-01  3.101005e-01  7.143347e-01
     vertex  3.274584e-01  3.236652e-01  7.061148e-01
     vertex  2.943200e-01  3.100952e-01  7.360499e-01
   endloop
 endfacet
 facet normal  7.698019e-01  5.800809e-01 -2.662915e-01
   outer loop
     vertex  3.214379e-01  3.100565e-01  5.760149e-01
     vertex  3.005370e-01  3.267623e-01  5.519855e-01
     vertex  3.041499e-01  3.283428e-01  5.658724e-01
   endloop
 endfacet
 facet normal  7.674596e-01  5.993568e-01 -2.275459e-01
   outer loop
     vertex  3.214379e-01  3.100565e-01  5.760149e-01
     vertex  3.041499e-01  3.283428e-01  5.658724e-01
     vertex  3.070628e-01  3.299159e-01  5.798407e-01
   endloop
 endfacet
 facet normal  7.777256e-01  5.994213e-01 -1.893067e-01
   outer loop
     vertex  3.214379e-01  3.100565e-01  5.760149e-01
     vertex  3.070628e-01  3.299159e-01  5.798407e-01
     vertex  3.092758e-01  3.314817e-01  5.938902e-01
   endloop
 endfacet
 facet normal  7.755309e-01  6.011325e-01 -1.928510e-01
   outer loop
     vertex  3.300329e-01  3.099025e-01  6.100990e-01
     vertex  3.214379e-01  3.100565e-01  5.760149e-01
     vertex  3.092758e-01  3.314817e-01  5.938902e-01
   endloop
 endfacet
 facet normal  7.786551e-01  6.091222e-01 -1.505536e-01
   outer loop
     vertex  3.206063e-01  3.225387e-01  6.163085e-01
     vertex  3.092758e-01  3.314817e-01  5.938902e-01
     vertex  3.107888e-01  3.330401e-01  6.080210e-01
   endloop
 endfacet
 facet normal  7.686596e-01  6.296518e-01 -1.126990e-01
   outer loop
     vertex  3.206063e-01  3.225387e-01  6.163085e-01
     vertex  3.107888e-01  3.330401e-01  6.080210e-01
     vertex  3.116020e-01  3.345913e-01  6.222331e-01
   endloop
 endfacet
 facet normal  7.621814e-01  6.336724e-01 -1.324341e-01
   outer loop
     vertex  3.206063e-01  3.225387e-01  6.163085e-01
     vertex  3.300329e-01  3.099025e-01  6.100990e-01
     vertex  3.092758e-01  3.314817e-01  5.938902e-01
   endloop
 endfacet
 facet normal  7.166916e-01  6.786130e-01 -1.607405e-01
   outer loop
     vertex  3.244683e-01  3.226733e-01  6.392034e-01
     vertex  3.377130e-01  3.099148e-01  6.443937e-01
     vertex  3.300329e-01  3.099025e-01  6.100990e-01
   endloop
 endfacet
 facet normal  7.622291e-01  6.336428e-01 -1.323014e-01
   outer loop
     vertex  3.244683e-01  3.226733e-01  6.392034e-01
     vertex  3.300329e-01  3.099025e-01  6.100990e-01
     vertex  3.206063e-01  3.225387e-01  6.163085e-01
   endloop
 endfacet
 facet normal  7.207343e-01  6.882185e-01 -8.305069e-02
   outer loop
     vertex  3.181205e-01  3.294779e-01  6.364296e-01
     vertex  3.116020e-01  3.345913e-01  6.222331e-01
     vertex  3.117449e-01  3.358783e-01  6.341386e-01
   endloop
 endfacet
 facet normal  7.509484e-01  6.473420e-01 -1.304792e-01
   outer loop
     vertex  3.181205e-01  3.294779e-01  6.364296e-01
     vertex  3.244683e-01  3.226733e-01  6.392034e-01
     vertex  3.206063e-01  3.225387e-01  6.163085e-01
   endloop
 endfacet
 facet normal  7.649158e-01  6.321755e-01 -1.235231e-01
   outer loop
     vertex  3.181205e-01  3.294779e-01  6.364296e-01
     vertex  3.206063e-01  3.225387e-01  6.163085e-01
     vertex  3.116020e-01  3.345913e-01  6.222331e-01
   endloop
 endfacet
 facet normal  7.193322e-01  6.892380e-01  8.667261e-02
   outer loop
     vertex  3.185360e-01  3.301761e-01  6.424293e-01
     vertex  3.114018e-01  3.371602e-01  6.461006e-01
     vertex  3.377130e-01  3.099148e-01  6.443937e-01
   endloop
 endfacet
 facet normal  6.828284e-01  7.282365e-01 -5.845536e-02
   outer loop
     vertex  3.185360e-01  3.301761e-01  6.424293e-01
     vertex  3.117449e-01  3.358783e-01  6.341386e-01
     vertex  3.114018e-01  3.371602e-01  6.461006e-01
   endloop
 endfacet
 facet normal  7.252554e-01  6.763001e-01 -1.289291e-01
   outer loop
     vertex  3.185360e-01  3.301761e-01  6.424293e-01
     vertex  3.181205e-01  3.294779e-01  6.364296e-01
     vertex  3.117449e-01  3.358783e-01  6.341386e-01
   endloop
 endfacet
 facet normal  7.198491e-01  6.606863e-01 -2.128638e-01
   outer loop
     vertex  3.185360e-01  3.301761e-01  6.424293e-01
     vertex  3.377130e-01  3.099148e-01  6.443937e-01
     vertex  3.244683e-01  3.226733e-01  6.392034e-01
   endloop
 endfacet
 facet normal  7.506444e-01  6.483015e-01 -1.274294e-01
   outer loop
     vertex  3.185360e-01  3.301761e-01  6.424293e-01
     vertex  3.244683e-01  3.226733e-01  6.392034e-01
     vertex  3.181205e-01  3.294779e-01  6.364296e-01
   endloop
 endfacet
 facet normal  7.015884e-01  7.115922e-01 -3.755293e-02
   outer loop
     vertex  3.398825e-01  3.102173e-01  6.676556e-01
     vertex  3.114018e-01  3.371602e-01  6.461006e-01
     vertex  3.141165e-01  3.371911e-01  6.974040e-01
   endloop
 endfacet
 facet normal  7.148921e-01  6.951233e-01 -7.571660e-02
   outer loop
     vertex  3.398825e-01  3.102173e-01  6.676556e-01
     vertex  3.377130e-01  3.099148e-01  6.443937e-01
     vertex  3.114018e-01  3.371602e-01  6.461006e-01
   endloop
 endfacet
 facet normal  7.086517e-01  7.054870e-01  1.004699e-02
   outer loop
     vertex  3.409994e-01  3.102792e-01  6.909692e-01
     vertex  3.141165e-01  3.371911e-01  6.974040e-01
     vertex  3.274584e-01  3.236652e-01  7.061148e-01
   endloop
 endfacet
 facet normal  7.027768e-01  7.105215e-01 -3.555274e-02
   outer loop
     vertex  3.409994e-01  3.102792e-01  6.909692e-01
     vertex  3.398825e-01  3.102173e-01  6.676556e-01
     vertex  3.141165e-01  3.371911e-01  6.974040e-01
   endloop
 endfacet
 facet normal  7.049941e-01  7.092045e-01  3.491260e-03
   outer loop
     vertex  3.410635e-01  3.101005e-01  7.143347e-01
     vertex  3.409994e-01  3.102792e-01  6.909692e-01
     vertex  3.274584e-01  3.236652e-01  7.061148e-01
   endloop
 endfacet
 facet normal  3.743740e-02  9.985225e-01 -3.938528e-02
   outer loop
     vertex -8.666340e-02  3.179356e-01 -2.225337e-01
     vertex -1.016674e-01  3.187317e-01 -2.166125e-01
     vertex -1.163678e-01  3.195443e-01 -2.099843e-01
   endloop
 endfacet
 facet normal  3.740433e-02  9.985200e-01 -3.948148e-02
   outer loop
     vertex -7.137461e-02  3.171568e-01 -2.277407e-01
     vertex -1.163678e-01  3.195443e-01 -2.099843e-01
     vertex -1.307465e-01  3.203727e-01 -2.026575e-01
   endloop
 endfacet
 facet normal  3.751396e-02  9.985268e-01 -3.920459e-02
   outer loop
     vertex -7.137461e-02  3.171568e-01 -2.277407e-01
     vertex -8.666340e-02  3.179356e-01 -2.225337e-01
     vertex -1.163678e-01  3.195443e-01 -2.099843e-01
   endloop
 endfacet
 facet normal  3.755766e-02  9.985285e-01 -3.911964e-02
   outer loop
     vertex -5.582008e-02  3.163960e-01 -2.322272e-01
     vertex -7.137461e-02  3.171568e-01 -2.277407e-01
     vertex -1.307465e-01  3.203727e-01 -2.026575e-01
   endloop
 endfacet
 facet normal  3.737462e-02  9.985171e-01 -3.958191e-02
   outer loop
     vertex -5.582008e-02  3.163960e-01 -2.322272e-01
     vertex -1.307465e-01  3.203727e-01 -2.026575e-01
     vertex -1.447856e-01  3.212159e-01 -1.946412e-01
   endloop
 endfacet
 facet normal  3.760512e-02  9.985299e-01 -3.903797e-02
   outer loop
     vertex -4.001932e-02  3.156539e-01 -2.359876e-01
     vertex -5.582008e-02  3.163960e-01 -2.322272e-01
     vertex -1.447856e-01  3.212159e-01 -1.946412e-01
   endloop
 endfacet
 facet normal  3.734820e-02  9.985139e-01 -3.968682e-02
   outer loop
     vertex -4.001932e-02  3.156539e-01 -2.359876e-01
     vertex -1.447856e-01  3.212159e-01 -1.946412e-01
     vertex -1.584678e-01  3.220733e-01 -1.859456e-01
   endloop
 endfacet
 facet normal  3.765645e-02  9.985310e-01 -3.895939e-02
   outer loop
     vertex -2.399226e-02  3.149313e-01 -2.390175e-01
     vertex -4.001932e-02  3.156539e-01 -2.359876e-01
     vertex -1.584678e-01  3.220733e-01 -1.859456e-01
   endloop
 endfacet
 facet normal  3.732499e-02  9.985104e-01 -3.979650e-02
   outer loop
     vertex -2.399226e-02  3.149313e-01 -2.390175e-01
     vertex -1.584678e-01  3.220733e-01 -1.859456e-01
     vertex -1.717761e-01  3.229440e-01 -1.765816e-01
   endloop
 endfacet
 facet normal  3.771180e-02  9.985319e-01 -3.888368e-02
   outer loop
     vertex -7.759265e-03  3.142288e-01 -2.413132e-01
     vertex -2.399226e-02  3.149313e-01 -2.390175e-01
     vertex -1.717761e-01  3.229440e-01 -1.765816e-01
   endloop
 endfacet
 facet normal -2.736383e-01  5.753151e-01 -7.708013e-01
   outer loop
     vertex -7.759265e-03  3.142288e-01 -2.413132e-01
     vertex -1.717761e-01  3.229440e-01 -1.765816e-01
     vertex -1.848990e-01  3.305380e-01 -1.662548e-01
   endloop
 endfacet
 facet normal  2.542332e-02  9.876495e-01 -1.546031e-01
   outer loop
     vertex  3.166897e-03  3.137720e-01 -2.424346e-01
     vertex -7.759265e-03  3.142288e-01 -2.413132e-01
     vertex -1.848990e-01  3.305380e-01 -1.662548e-01
   endloop
 endfacet
 facet normal  3.658455e-01  4.795203e-01  7.976323e-01
   outer loop
     vertex  3.166897e-03  3.137720e-01 -2.424346e-01
     vertex -1.848990e-01  3.305380e-01 -1.662548e-01
     vertex -1.946118e-01  3.245330e-01 -1.581898e-01
   endloop
 endfacet
 facet normal -3.790628e-01  1.635462e-01 -9.108041e-01
   outer loop
     vertex  1.559233e-02  3.372681e-01 -2.433869e-01
     vertex  3.166897e-03  3.137720e-01 -2.424346e-01
     vertex -1.946118e-01  3.245330e-01 -1.581898e-01
   endloop
 endfacet
 facet normal -1.611118e-01  9.534270e-01 -2.549903e-01
   outer loop
     vertex  1.559233e-02  3.372681e-01 -2.433869e-01
     vertex -1.946118e-01  3.245330e-01 -1.581898e-01
     vertex -2.042683e-01  3.252457e-01 -1.494236e-01
   endloop
 endfacet
 facet normal  3.727413e-01  2.231257e-01  9.007102e-01
   outer loop
     vertex  3.134719e-02  3.126509e-01 -2.438085e-01
     vertex  1.559233e-02  3.372681e-01 -2.433869e-01
     vertex -2.042683e-01  3.252457e-01 -1.494236e-01
   endloop
 endfacet
 facet normal  3.725483e-02  9.984953e-01 -4.024026e-02
   outer loop
     vertex  3.134719e-02  3.126509e-01 -2.438085e-01
     vertex -2.042683e-01  3.252457e-01 -1.494236e-01
     vertex -2.151364e-01  3.260808e-01 -1.387654e-01
   endloop
 endfacet
 facet normal  3.793096e-02  9.985323e-01 -3.865845e-02
   outer loop
     vertex  4.866851e-02  3.120010e-01 -2.436007e-01
     vertex  3.134719e-02  3.126509e-01 -2.438085e-01
     vertex -2.151364e-01  3.260808e-01 -1.387654e-01
   endloop
 endfacet
 facet normal  3.725450e-02  9.984906e-01 -4.035507e-02
   outer loop
     vertex  4.866851e-02  3.120010e-01 -2.436007e-01
     vertex -2.151364e-01  3.260808e-01 -1.387654e-01
     vertex -2.256304e-01  3.269237e-01 -1.275970e-01
   endloop
 endfacet
 facet normal  3.800819e-02  9.985325e-01 -3.857830e-02
   outer loop
     vertex  6.610858e-02  3.113756e-01 -2.426051e-01
     vertex  4.866851e-02  3.120010e-01 -2.436007e-01
     vertex -2.256304e-01  3.269237e-01 -1.275970e-01
   endloop
 endfacet
 facet normal  3.725765e-02  9.984856e-01 -4.047586e-02
   outer loop
     vertex  6.610858e-02  3.113756e-01 -2.426051e-01
     vertex -2.256304e-01  3.269237e-01 -1.275970e-01
     vertex -2.357391e-01  3.277738e-01 -1.159309e-01
   endloop
 endfacet
 facet normal  3.808957e-02  9.985324e-01 -3.849957e-02
   outer loop
     vertex  8.364247e-02  3.107754e-01 -2.408234e-01
     vertex  6.610858e-02  3.113756e-01 -2.426051e-01
     vertex -2.357391e-01  3.277738e-01 -1.159309e-01
   endloop
 endfacet
 facet normal  3.726427e-02  9.984802e-01 -4.060295e-02
   outer loop
     vertex  8.364247e-02  3.107754e-01 -2.408234e-01
     vertex -2.357391e-01  3.277738e-01 -1.159309e-01
     vertex -2.454515e-01  3.286304e-01 -1.037801e-01
   endloop
 endfacet
 facet normal  3.817529e-02  9.985321e-01 -3.842201e-02
   outer loop
     vertex  1.012447e-01  3.102012e-01 -2.382582e-01
     vertex  8.364247e-02  3.107754e-01 -2.408234e-01
     vertex -2.454515e-01  3.286304e-01 -1.037801e-01
   endloop
 endfacet
 facet normal  3.727439e-02  9.984744e-01 -4.073670e-02
   outer loop
     vertex  1.012447e-01  3.102012e-01 -2.382582e-01
     vertex -2.454515e-01  3.286304e-01 -1.037801e-01
     vertex -2.547569e-01  3.294927e-01 -9.115831e-02
   endloop
 endfacet
 facet normal  3.826559e-02  9.985316e-01 -3.834536e-02
   outer loop
     vertex  1.188895e-01  3.096534e-01 -2.349134e-01
     vertex  1.012447e-01  3.102012e-01 -2.382582e-01
     vertex -2.547569e-01  3.294927e-01 -9.115831e-02
   endloop
 endfacet
 facet normal  3.728801e-02  9.984681e-01 -4.087751e-02
   outer loop
     vertex  1.188895e-01  3.096534e-01 -2.349134e-01
     vertex -2.547569e-01  3.294927e-01 -9.115831e-02
     vertex -2.636449e-01  3.303601e-01 -7.808008e-02
   endloop
 endfacet
 facet normal  3.836071e-02  9.985309e-01 -3.826936e-02
   outer loop
     vertex  1.365503e-01  3.091329e-01 -2.307938e-01
     vertex  1.188895e-01  3.096534e-01 -2.349134e-01
     vertex -2.636449e-01  3.303601e-01 -7.808008e-02
   endloop
 endfacet
 facet normal  3.721543e-02  9.984557e-01 -4.124565e-02
   outer loop
     vertex  1.365503e-01  3.091329e-01 -2.307938e-01
     vertex -2.721054e-01  3.312317e-01 -6.456044e-02
     vertex -2.801285e-01  3.321068e-01 -5.061514e-02
   endloop
 endfacet
 facet normal  3.730518e-02  9.984614e-01 -4.102578e-02
   outer loop
     vertex  1.365503e-01  3.091329e-01 -2.307938e-01
     vertex -2.636449e-01  3.303601e-01 -7.808008e-02
     vertex -2.721054e-01  3.312317e-01 -6.456044e-02
   endloop
 endfacet
 facet normal  3.849128e-02  9.985245e-01 -3.830392e-02
   outer loop
     vertex  1.542004e-01  3.086400e-01 -2.259052e-01
     vertex  1.365503e-01  3.091329e-01 -2.307938e-01
     vertex -2.801285e-01  3.321068e-01 -5.061514e-02
   endloop
 endfacet
 facet normal  3.723444e-02  9.984483e-01 -4.140786e-02
   outer loop
     vertex  1.542004e-01  3.086400e-01 -2.259052e-01
     vertex -2.801285e-01  3.321068e-01 -5.061514e-02
     vertex -2.877048e-01  3.329847e-01 -3.626056e-02
   endloop
 endfacet
 facet normal  3.860226e-02  9.985231e-01 -3.823021e-02
   outer loop
     vertex  1.718123e-01  3.081755e-01 -2.202547e-01
     vertex  1.542004e-01  3.086400e-01 -2.259052e-01
     vertex -2.877048e-01  3.329847e-01 -3.626056e-02
   endloop
 endfacet
 facet normal  3.725694e-02  9.984403e-01 -4.157893e-02
   outer loop
     vertex  1.718123e-01  3.081755e-01 -2.202547e-01
     vertex -2.877048e-01  3.329847e-01 -3.626056e-02
     vertex -2.948251e-01  3.338645e-01 -2.151379e-02
   endloop
 endfacet
 facet normal  3.871912e-02  9.985214e-01 -3.815627e-02
   outer loop
     vertex  1.893582e-01  3.077398e-01 -2.138502e-01
     vertex  1.718123e-01  3.081755e-01 -2.202547e-01
     vertex -2.948251e-01  3.338645e-01 -2.151379e-02
   endloop
 endfacet
 facet normal  3.728298e-02  9.984318e-01 -4.175940e-02
   outer loop
     vertex  1.893582e-01  3.077398e-01 -2.138502e-01
     vertex -2.948251e-01  3.338645e-01 -2.151379e-02
     vertex -3.014804e-01  3.347454e-01 -6.392526e-03
   endloop
 endfacet
 facet normal  9.735378e-03  9.992480e-01 -3.753118e-02
   outer loop
     vertex -7.215069e-02  3.606286e-01  6.383525e-01
     vertex -9.530736e-02  3.605851e-01  6.311864e-01
     vertex -8.385445e-02  3.606166e-01  6.349966e-01
   endloop
 endfacet
 facet normal  9.784293e-03  9.992416e-01 -3.768921e-02
   outer loop
     vertex -7.215069e-02  3.606286e-01  6.383525e-01
     vertex -1.065082e-01  3.605344e-01  6.269355e-01
     vertex -9.530736e-02  3.605851e-01  6.311864e-01
   endloop
 endfacet
 facet normal  9.804035e-03  9.992383e-01 -3.777091e-02
   outer loop
     vertex -6.019734e-02  3.606207e-01  6.412400e-01
     vertex -1.174559e-01  3.604650e-01  6.222575e-01
     vertex -1.065082e-01  3.605344e-01  6.269355e-01
   endloop
 endfacet
 facet normal  9.857458e-03  9.992317e-01 -3.793200e-02
   outer loop
     vertex -6.019734e-02  3.606207e-01  6.412400e-01
     vertex -1.281493e-01  3.603772e-01  6.171658e-01
     vertex -1.174559e-01  3.604650e-01  6.222575e-01
   endloop
 endfacet
 facet normal  9.706339e-03  9.992512e-01 -3.745470e-02
   outer loop
     vertex -6.019734e-02  3.606207e-01  6.412400e-01
     vertex -1.065082e-01  3.605344e-01  6.269355e-01
     vertex -7.215069e-02  3.606286e-01  6.383525e-01
   endloop
 endfacet
 facet normal  3.731260e-02  9.984227e-01 -4.194992e-02
   outer loop
     vertex  2.068099e-01  3.073336e-01 -2.067009e-01
     vertex -3.014804e-01  3.347454e-01 -6.392526e-03
     vertex -3.076622e-01  3.356268e-01  9.084835e-03
   endloop
 endfacet
 facet normal  3.884219e-02  9.985194e-01 -3.808177e-02
   outer loop
     vertex  2.068099e-01  3.073336e-01 -2.067009e-01
     vertex  1.893582e-01  3.077398e-01 -2.138502e-01
     vertex -3.014804e-01  3.347454e-01 -6.392526e-03
   endloop
 endfacet
 facet normal  9.874275e-03  9.992283e-01 -3.801713e-02
   outer loop
     vertex -4.799572e-02  3.605926e-01  6.436452e-01
     vertex -1.385874e-01  3.602714e-01  6.116740e-01
     vertex -1.281493e-01  3.603772e-01  6.171658e-01
   endloop
 endfacet
 facet normal  9.690087e-03  9.992512e-01 -3.745978e-02
   outer loop
     vertex -4.799572e-02  3.605926e-01  6.436452e-01
     vertex -1.281493e-01  3.603772e-01  6.171658e-01
     vertex -6.019734e-02  3.606207e-01  6.412400e-01
   endloop
 endfacet
 facet normal  3.734587e-02  9.984130e-01 -4.215114e-02
   outer loop
     vertex  2.241385e-01  3.069574e-01 -1.988169e-01
     vertex -3.076622e-01  3.356268e-01  9.084835e-03
     vertex -3.133621e-01  3.365076e-01  2.489925e-02
   endloop
 endfacet
 facet normal  3.897186e-02  9.985173e-01 -3.800634e-02
   outer loop
     vertex  2.241385e-01  3.069574e-01 -1.988169e-01
     vertex  2.068099e-01  3.073336e-01 -2.067009e-01
     vertex -3.076622e-01  3.356268e-01  9.084835e-03
   endloop
 endfacet
 facet normal  9.651715e-03  9.992543e-01 -3.738676e-02
   outer loop
     vertex -3.554722e-02  3.605437e-01  6.455540e-01
     vertex -1.385874e-01  3.602714e-01  6.116740e-01
     vertex -4.799572e-02  3.605926e-01  6.436452e-01
   endloop
 endfacet
 facet normal  9.887731e-03  9.992248e-01 -3.810432e-02
   outer loop
     vertex -3.554722e-02  3.605437e-01  6.455540e-01
     vertex -1.487692e-01  3.601480e-01  6.057951e-01
     vertex -1.385874e-01  3.602714e-01  6.116740e-01
   endloop
 endfacet
 facet normal  9.897744e-03  9.992213e-01 -3.819368e-02
   outer loop
     vertex -2.285327e-02  3.604739e-01  6.469521e-01
     vertex -1.586938e-01  3.600073e-01  5.995423e-01
     vertex -1.487692e-01  3.601480e-01  6.057951e-01
   endloop
 endfacet
 facet normal  9.610502e-03  9.992573e-01 -3.731518e-02
   outer loop
     vertex -2.285327e-02  3.604739e-01  6.469521e-01
     vertex -1.487692e-01  3.601480e-01  6.057951e-01
     vertex -3.554722e-02  3.605437e-01  6.455540e-01
   endloop
 endfacet
 facet normal  3.910855e-02  9.985148e-01 -3.792958e-02
   outer loop
     vertex  2.413148e-01  3.066116e-01 -1.902094e-01
     vertex  2.241385e-01  3.069574e-01 -1.988169e-01
     vertex -3.133621e-01  3.365076e-01  2.489925e-02
   endloop
 endfacet
 facet normal  3.738287e-02  9.984026e-01 -4.236382e-02
   outer loop
     vertex  2.413148e-01  3.066116e-01 -1.902094e-01
     vertex -3.133621e-01  3.365076e-01  2.489925e-02
     vertex -3.185721e-01  3.373872e-01  4.103103e-02
   endloop
 endfacet
 facet normal  9.904226e-03  9.992178e-01 -3.828531e-02
   outer loop
     vertex -9.915361e-03  3.603825e-01  6.478252e-01
     vertex -1.683604e-01  3.598497e-01  5.929284e-01
     vertex -1.586938e-01  3.600073e-01  5.995423e-01
   endloop
 endfacet
 facet normal  9.566498e-03  9.992604e-01 -3.724497e-02
   outer loop
     vertex -9.915361e-03  3.603825e-01  6.478252e-01
     vertex -1.586938e-01  3.600073e-01  5.995423e-01
     vertex -2.285327e-02  3.604739e-01  6.469521e-01
   endloop
 endfacet
 facet normal  3.925271e-02  9.985122e-01 -3.785107e-02
   outer loop
     vertex  2.583089e-01  3.062968e-01 -1.808907e-01
     vertex  2.413148e-01  3.066116e-01 -1.902094e-01
     vertex -3.185721e-01  3.373872e-01  4.103103e-02
   endloop
 endfacet
 facet normal  3.742366e-02  9.983915e-01 -4.258876e-02
   outer loop
     vertex  2.583089e-01  3.062968e-01 -1.808907e-01
     vertex -3.185721e-01  3.373872e-01  4.103103e-02
     vertex -3.232846e-01  3.382646e-01  5.745979e-02
   endloop
 endfacet
 facet normal  9.907084e-03  9.992141e-01 -3.837931e-02
   outer loop
     vertex  3.264940e-03  3.602694e-01  6.481586e-01
     vertex -1.777682e-01  3.596755e-01  5.859664e-01
     vertex -1.683604e-01  3.598497e-01  5.929284e-01
   endloop
 endfacet
 facet normal  9.519753e-03  9.992634e-01 -3.717607e-02
   outer loop
     vertex  3.264940e-03  3.602694e-01  6.481586e-01
     vertex -1.683604e-01  3.598497e-01  5.929284e-01
     vertex -9.915361e-03  3.603825e-01  6.478252e-01
   endloop
 endfacet
 facet normal  9.906218e-03  9.992104e-01 -3.847580e-02
   outer loop
     vertex  1.668602e-02  3.601340e-01  6.479378e-01
     vertex -1.869165e-01  3.594852e-01  5.786690e-01
     vertex -1.777682e-01  3.596755e-01  5.859664e-01
   endloop
 endfacet
 facet normal  9.965186e-03  9.992032e-01 -3.864906e-02
   outer loop
     vertex  1.668602e-02  3.601340e-01  6.479378e-01
     vertex -1.958045e-01  3.592791e-01  5.710486e-01
     vertex -1.869165e-01  3.594852e-01  5.786690e-01
   endloop
 endfacet
 facet normal  9.470311e-03  9.992664e-01 -3.710842e-02
   outer loop
     vertex  1.668602e-02  3.601340e-01  6.479378e-01
     vertex -1.777682e-01  3.596755e-01  5.859664e-01
     vertex  3.264940e-03  3.602694e-01  6.481586e-01
   endloop
 endfacet
 facet normal  3.940483e-02  9.985092e-01 -3.777032e-02
   outer loop
     vertex  2.750907e-01  3.060134e-01 -1.708741e-01
     vertex  2.583089e-01  3.062968e-01 -1.808907e-01
     vertex -3.232846e-01  3.382646e-01  5.745979e-02
   endloop
 endfacet
 facet normal  3.746833e-02  9.983797e-01 -4.282685e-02
   outer loop
     vertex  2.750907e-01  3.060134e-01 -1.708741e-01
     vertex -3.232846e-01  3.382646e-01  5.745979e-02
     vertex -3.274920e-01  3.391391e-01  7.416453e-02
   endloop
 endfacet
 facet normal  9.953012e-03  9.991997e-01 -3.874205e-02
   outer loop
     vertex  3.187869e-02  3.599570e-01  6.470245e-01
     vertex -2.044317e-01  3.590576e-01  5.631178e-01
     vertex -1.958045e-01  3.592791e-01  5.710486e-01
   endloop
 endfacet
 facet normal  9.410410e-03  9.992666e-01 -3.711658e-02
   outer loop
     vertex  3.187869e-02  3.599570e-01  6.470245e-01
     vertex -1.958045e-01  3.592791e-01  5.710486e-01
     vertex  1.668602e-02  3.601340e-01  6.479378e-01
   endloop
 endfacet
 facet normal  3.956546e-02  9.985060e-01 -3.768682e-02
   outer loop
     vertex  2.916294e-01  3.057619e-01 -1.601741e-01
     vertex  2.750907e-01  3.060134e-01 -1.708741e-01
     vertex -3.274920e-01  3.391391e-01  7.416453e-02
   endloop
 endfacet
 facet normal  3.751698e-02  9.983670e-01 -4.307908e-02
   outer loop
     vertex  2.916294e-01  3.057619e-01 -1.601741e-01
     vertex -3.274920e-01  3.391391e-01  7.416453e-02
     vertex -3.311873e-01  3.400097e-01  9.112355e-02
   endloop
 endfacet
 facet normal  9.927082e-03  9.991966e-01 -3.882904e-02
   outer loop
     vertex  4.910275e-02  3.597269e-01  6.451608e-01
     vertex -2.127976e-01  3.588209e-01  5.548888e-01
     vertex -2.044317e-01  3.590576e-01  5.631178e-01
   endloop
 endfacet
 facet normal  9.989000e-03  9.991889e-01 -3.900860e-02
   outer loop
     vertex  4.910275e-02  3.597269e-01  6.451608e-01
     vertex -2.209015e-01  3.585695e-01  5.463738e-01
     vertex -2.127976e-01  3.588209e-01  5.548888e-01
   endloop
 endfacet
 facet normal  9.343462e-03  9.992706e-01 -3.702611e-02
   outer loop
     vertex  4.910275e-02  3.597269e-01  6.451608e-01
     vertex -2.044317e-01  3.590576e-01  5.631178e-01
     vertex  3.187869e-02  3.599570e-01  6.470245e-01
   endloop
 endfacet
 facet normal  3.973518e-02  9.985026e-01 -3.759997e-02
   outer loop
     vertex  3.078939e-01  3.055428e-01 -1.488060e-01
     vertex  2.916294e-01  3.057619e-01 -1.601741e-01
     vertex -3.311873e-01  3.400097e-01  9.112355e-02
   endloop
 endfacet
 facet normal  3.756972e-02  9.983534e-01 -4.334651e-02
   outer loop
     vertex  3.078939e-01  3.055428e-01 -1.488060e-01
     vertex -3.311873e-01  3.400097e-01  9.112355e-02
     vertex -3.343637e-01  3.408757e-01  1.083145e-01
   endloop
 endfacet
 facet normal  9.955901e-03  9.991856e-01 -3.910141e-02
   outer loop
     vertex  6.668490e-02  3.594608e-01  6.423762e-01
     vertex -2.287432e-01  3.583037e-01  5.375849e-01
     vertex -2.209015e-01  3.585695e-01  5.463738e-01
   endloop
 endfacet
 facet normal  1.002121e-02  9.991778e-01 -3.928544e-02
   outer loop
     vertex  6.668490e-02  3.594608e-01  6.423762e-01
     vertex -2.363221e-01  3.580238e-01  5.285339e-01
     vertex -2.287432e-01  3.583037e-01  5.375849e-01
   endloop
 endfacet
 facet normal  9.258153e-03  9.992719e-01 -3.701203e-02
   outer loop
     vertex  6.668490e-02  3.594608e-01  6.423762e-01
     vertex -2.209015e-01  3.585695e-01  5.463738e-01
     vertex  4.910275e-02  3.597269e-01  6.451608e-01
   endloop
 endfacet
 facet normal  3.991464e-02  9.984988e-01 -3.750913e-02
   outer loop
     vertex  3.238524e-01  3.053564e-01 -1.367865e-01
     vertex  3.078939e-01  3.055428e-01 -1.488060e-01
     vertex -3.343637e-01  3.408757e-01  1.083145e-01
   endloop
 endfacet
 facet normal  3.762665e-02  9.983389e-01 -4.363035e-02
   outer loop
     vertex  3.238524e-01  3.053564e-01 -1.367865e-01
     vertex -3.343637e-01  3.408757e-01  1.083145e-01
     vertex -3.370146e-01  3.417360e-01  1.257144e-01
   endloop
 endfacet
 facet normal  9.980570e-03  9.991743e-01 -3.938461e-02
   outer loop
     vertex  8.462160e-02  3.591581e-01  6.386420e-01
     vertex -2.436381e-01  3.577303e-01  5.192327e-01
     vertex -2.363221e-01  3.580238e-01  5.285339e-01
   endloop
 endfacet
 facet normal  9.162337e-03  9.992732e-01 -3.700064e-02
   outer loop
     vertex  8.462160e-02  3.591581e-01  6.386420e-01
     vertex -2.363221e-01  3.580238e-01  5.285339e-01
     vertex  6.668490e-02  3.594608e-01  6.423762e-01
   endloop
 endfacet
 facet normal  4.010457e-02  9.984948e-01 -3.741357e-02
   outer loop
     vertex  3.394727e-01  3.052031e-01 -1.241331e-01
     vertex  3.238524e-01  3.053564e-01 -1.367865e-01
     vertex -3.370146e-01  3.417360e-01  1.257144e-01
   endloop
 endfacet
 facet normal  3.768789e-02  9.983234e-01 -4.393192e-02
   outer loop
     vertex  3.394727e-01  3.052031e-01 -1.241331e-01
     vertex -3.370146e-01  3.417360e-01  1.257144e-01
     vertex -3.391339e-01  3.425899e-01  1.432996e-01
   endloop
 endfacet
 facet normal  9.933302e-03  9.991707e-01 -3.948779e-02
   outer loop
     vertex  1.029092e-01  3.588179e-01  6.339292e-01
     vertex -2.506908e-01  3.574234e-01  5.096928e-01
     vertex -2.436381e-01  3.577303e-01  5.192327e-01
   endloop
 endfacet
 facet normal  1.000070e-02  9.991624e-01 -3.967953e-02
   outer loop
     vertex  1.029092e-01  3.588179e-01  6.339292e-01
     vertex -2.574801e-01  3.571034e-01  4.999260e-01
     vertex -2.506908e-01  3.574234e-01  5.096928e-01
   endloop
 endfacet
 facet normal  9.078288e-03  9.992775e-01 -3.690544e-02
   outer loop
     vertex  1.029092e-01  3.588179e-01  6.339292e-01
     vertex -2.436381e-01  3.577303e-01  5.192327e-01
     vertex  8.462160e-02  3.591581e-01  6.386420e-01
   endloop
 endfacet
 facet normal  9.945159e-03  9.991586e-01 -3.979009e-02
   outer loop
     vertex  1.215439e-01  3.584395e-01  6.282086e-01
     vertex -2.640057e-01  3.567709e-01  4.899434e-01
     vertex -2.574801e-01  3.571034e-01  4.999260e-01
   endloop
 endfacet
 facet normal  1.002779e-02  9.991485e-01 -4.002039e-02
   outer loop
     vertex  1.215439e-01  3.584395e-01  6.282086e-01
     vertex -2.722964e-01  3.563083e-01  4.763172e-01
     vertex -2.640057e-01  3.567709e-01  4.899434e-01
   endloop
 endfacet
 facet normal  8.965905e-03  9.992788e-01 -3.689803e-02
   outer loop
     vertex  1.215439e-01  3.584395e-01  6.282086e-01
     vertex -2.574801e-01  3.571034e-01  4.999260e-01
     vertex  1.029092e-01  3.588179e-01  6.339292e-01
   endloop
 endfacet
 facet normal  4.030576e-02  9.984905e-01 -3.731248e-02
   outer loop
     vertex  3.547224e-01  3.050834e-01 -1.108645e-01
     vertex  3.394727e-01  3.052031e-01 -1.241331e-01
     vertex -3.391339e-01  3.425899e-01  1.432996e-01
   endloop
 endfacet
 facet normal  3.775359e-02  9.983067e-01 -4.425268e-02
   outer loop
     vertex  3.547224e-01  3.050834e-01 -1.108645e-01
     vertex -3.391339e-01  3.425899e-01  1.432996e-01
     vertex -3.407155e-01  3.434363e-01  1.610457e-01
   endloop
 endfacet
 facet normal  9.993646e-03  9.991407e-01 -4.022410e-02
   outer loop
     vertex  1.405216e-01  3.580221e-01  6.214506e-01
     vertex -2.810631e-01  3.557627e-01  4.605861e-01
     vertex -2.722964e-01  3.563083e-01  4.763172e-01
   endloop
 endfacet
 facet normal  8.832370e-03  9.992791e-01 -3.692260e-02
   outer loop
     vertex  1.405216e-01  3.580221e-01  6.214506e-01
     vertex -2.722964e-01  3.563083e-01  4.763172e-01
     vertex  1.215439e-01  3.584395e-01  6.282086e-01
   endloop
 endfacet
 facet normal  8.711410e-03  9.992823e-01 -3.686568e-02
   outer loop
     vertex  1.620055e-01  3.575115e-01  6.126886e-01
     vertex -2.810631e-01  3.557627e-01  4.605861e-01
     vertex  1.405216e-01  3.580221e-01  6.214506e-01
   endloop
 endfacet
 facet normal  9.940815e-03  9.991323e-01 -4.044516e-02
   outer loop
     vertex  1.620055e-01  3.575115e-01  6.126886e-01
     vertex -2.892367e-01  3.551914e-01  4.444652e-01
     vertex -2.810631e-01  3.557627e-01  4.605861e-01
   endloop
 endfacet
 facet normal  1.005832e-02  9.991183e-01 -4.076017e-02
   outer loop
     vertex  1.620055e-01  3.575115e-01  6.126886e-01
     vertex -2.968179e-01  3.545956e-01  4.279908e-01
     vertex -2.892367e-01  3.551914e-01  4.444652e-01
   endloop
 endfacet
 facet normal  9.973418e-03  9.991097e-01 -4.099168e-02
   outer loop
     vertex  1.863604e-01  3.568853e-01  6.013573e-01
     vertex -3.038073e-01  3.539764e-01  4.111983e-01
     vertex -2.968179e-01  3.545956e-01  4.279908e-01
   endloop
 endfacet
 facet normal  1.010137e-02  9.990948e-01 -4.132128e-02
   outer loop
     vertex  1.863604e-01  3.568853e-01  6.013573e-01
     vertex -3.102062e-01  3.533349e-01  3.941226e-01
     vertex -3.038073e-01  3.539764e-01  4.111983e-01
   endloop
 endfacet
 facet normal  8.513551e-03  9.992818e-01 -3.692526e-02
   outer loop
     vertex  1.863604e-01  3.568853e-01  6.013573e-01
     vertex -2.968179e-01  3.545956e-01  4.279908e-01
     vertex  1.620055e-01  3.575115e-01  6.126886e-01
   endloop
 endfacet
 facet normal  6.191115e-02  9.962690e-01 -6.012535e-02
   outer loop
     vertex  2.112166e-01  3.561956e-01  5.882906e-01
     vertex  3.695681e-01  3.049975e-01 -9.700037e-02
     vertex  3.547224e-01  3.050834e-01 -1.108645e-01
   endloop
 endfacet
 facet normal  6.345787e-02  9.961935e-01 -5.976230e-02
   outer loop
     vertex  2.112166e-01  3.561956e-01  5.882906e-01
     vertex  3.839764e-01  3.049459e-01 -8.256153e-02
     vertex  3.695681e-01  3.049975e-01 -9.700037e-02
   endloop
 endfacet
 facet normal  6.505599e-02  9.961154e-01 -5.934478e-02
   outer loop
     vertex  2.112166e-01  3.561956e-01  5.882906e-01
     vertex  3.979130e-01  3.049288e-01 -6.756981e-02
     vertex  3.839764e-01  3.049459e-01 -8.256153e-02
   endloop
 endfacet
 facet normal  6.671114e-02  9.960343e-01 -5.886728e-02
   outer loop
     vertex  2.112166e-01  3.561956e-01  5.882906e-01
     vertex  4.113436e-01  3.049467e-01 -5.204813e-02
     vertex  3.979130e-01  3.049288e-01 -6.756981e-02
   endloop
 endfacet
 facet normal  2.880677e-02  9.973372e-01 -6.699831e-02
   outer loop
     vertex  2.112166e-01  3.561956e-01  5.882906e-01
     vertex  3.547224e-01  3.050834e-01 -1.108645e-01
     vertex -3.407155e-01  3.434363e-01  1.610457e-01
   endloop
 endfacet
 facet normal  1.000079e-02  9.990853e-01 -4.157604e-02
   outer loop
     vertex  2.112166e-01  3.561956e-01  5.882906e-01
     vertex -3.160161e-01  3.526721e-01  3.767981e-01
     vertex -3.102062e-01  3.533349e-01  3.941226e-01
   endloop
 endfacet
 facet normal  1.013958e-02  9.990694e-01 -4.192176e-02
   outer loop
     vertex  2.112166e-01  3.561956e-01  5.882906e-01
     vertex -3.212385e-01  3.519891e-01  3.592582e-01
     vertex -3.160161e-01  3.526721e-01  3.767981e-01
   endloop
 endfacet
 facet normal  1.029099e-02  9.990531e-01 -4.227346e-02
   outer loop
     vertex  2.112166e-01  3.561956e-01  5.882906e-01
     vertex -3.258757e-01  3.512870e-01  3.415358e-01
     vertex -3.212385e-01  3.519891e-01  3.592582e-01
   endloop
 endfacet
 facet normal  1.045542e-02  9.990362e-01 -4.263102e-02
   outer loop
     vertex  2.112166e-01  3.561956e-01  5.882906e-01
     vertex -3.299298e-01  3.505668e-01  3.236633e-01
     vertex -3.258757e-01  3.512870e-01  3.415358e-01
   endloop
 endfacet
 facet normal  1.063326e-02  9.990187e-01 -4.299432e-02
   outer loop
     vertex  2.112166e-01  3.561956e-01  5.882906e-01
     vertex -3.334036e-01  3.498295e-01  3.056721e-01
     vertex -3.299298e-01  3.505668e-01  3.236633e-01
   endloop
 endfacet
 facet normal  8.288000e-03  9.992817e-01 -3.697935e-02
   outer loop
     vertex  2.112166e-01  3.561956e-01  5.882906e-01
     vertex -3.102062e-01  3.533349e-01  3.941226e-01
     vertex  1.863604e-01  3.568853e-01  6.013573e-01
   endloop
 endfacet
 facet normal  1.082490e-02  9.990007e-01 -4.336322e-02
   outer loop
     vertex  2.112166e-01  3.561956e-01  5.882906e-01
     vertex -3.362999e-01  3.490761e-01  2.875933e-01
     vertex -3.334036e-01  3.498295e-01  3.056721e-01
   endloop
 endfacet
 facet normal  1.103073e-02  9.989822e-01 -4.373756e-02
   outer loop
     vertex  2.112166e-01  3.561956e-01  5.882906e-01
     vertex -3.386221e-01  3.483077e-01  2.694571e-01
     vertex -3.362999e-01  3.490761e-01  2.875933e-01
   endloop
 endfacet
 facet normal  1.125113e-02  9.989630e-01 -4.411717e-02
   outer loop
     vertex  2.112166e-01  3.561956e-01  5.882906e-01
     vertex -3.403736e-01  3.475253e-01  2.512930e-01
     vertex -3.386221e-01  3.483077e-01  2.694571e-01
   endloop
 endfacet
 facet normal  1.148646e-02  9.989433e-01 -4.450184e-02
   outer loop
     vertex  2.112166e-01  3.561956e-01  5.882906e-01
     vertex -3.415583e-01  3.467297e-01  2.331301e-01
     vertex -3.403736e-01  3.475253e-01  2.512930e-01
   endloop
 endfacet
 facet normal  1.173708e-02  9.989229e-01 -4.489137e-02
   outer loop
     vertex  2.112166e-01  3.561956e-01  5.882906e-01
     vertex -3.421802e-01  3.459221e-01  2.149967e-01
     vertex -3.415583e-01  3.467297e-01  2.331301e-01
   endloop
 endfacet
 facet normal  1.200335e-02  9.989020e-01 -4.528552e-02
   outer loop
     vertex  2.112166e-01  3.561956e-01  5.882906e-01
     vertex -3.422439e-01  3.451034e-01  1.969202e-01
     vertex -3.421802e-01  3.459221e-01  2.149967e-01
   endloop
 endfacet
 facet normal  1.228559e-02  9.988804e-01 -4.568405e-02
   outer loop
     vertex  2.112166e-01  3.561956e-01  5.882906e-01
     vertex -3.417540e-01  3.442745e-01  1.789278e-01
     vertex -3.422439e-01  3.451034e-01  1.969202e-01
   endloop
 endfacet
 facet normal  1.258412e-02  9.988582e-01 -4.608666e-02
   outer loop
     vertex  2.112166e-01  3.561956e-01  5.882906e-01
     vertex -3.407155e-01  3.434363e-01  1.610457e-01
     vertex -3.417540e-01  3.442745e-01  1.789278e-01
   endloop
 endfacet
 facet normal  3.318795e-02  9.989990e-01 -2.999235e-02
   outer loop
     vertex  3.005370e-01  3.267623e-01  5.519855e-01
     vertex  4.242329e-01  3.049997e-01 -3.602045e-02
     vertex  4.113436e-01  3.049467e-01 -5.204813e-02
   endloop
 endfacet
 facet normal  3.307162e-02  9.990021e-01 -3.001694e-02
   outer loop
     vertex  3.005370e-01  3.267623e-01  5.519855e-01
     vertex  4.365455e-01  3.050881e-01 -1.951181e-02
     vertex  4.242329e-01  3.049997e-01 -3.602045e-02
   endloop
 endfacet
 facet normal  3.296111e-02  9.990050e-01 -3.004335e-02
   outer loop
     vertex  3.005370e-01  3.267623e-01  5.519855e-01
     vertex  4.482453e-01  3.052122e-01 -2.548319e-03
     vertex  4.365455e-01  3.050881e-01 -1.951181e-02
   endloop
 endfacet
 facet normal  3.285623e-02  9.990076e-01 -3.007139e-02
   outer loop
     vertex  3.005370e-01  3.267623e-01  5.519855e-01
     vertex  4.592959e-01  3.053723e-01  1.484287e-02
     vertex  4.482453e-01  3.052122e-01 -2.548319e-03
   endloop
 endfacet
 facet normal  3.219826e-01  9.464185e-01  2.488443e-02
   outer loop
     vertex  3.005370e-01  3.267623e-01  5.519855e-01
     vertex  4.113436e-01  3.049467e-01 -5.204813e-02
     vertex  2.112166e-01  3.561956e-01  5.882906e-01
   endloop
 endfacet
 facet normal  2.444561e-01  9.542477e-01 -1.721993e-01
   outer loop
     vertex  3.041499e-01  3.283428e-01  5.658724e-01
     vertex  3.005370e-01  3.267623e-01  5.519855e-01
     vertex  2.112166e-01  3.561956e-01  5.882906e-01
   endloop
 endfacet
 facet normal  3.032168e-01  9.498137e-01  7.689926e-02
   outer loop
     vertex  3.041499e-01  3.283428e-01  5.658724e-01
     vertex  2.112166e-01  3.561956e-01  5.882906e-01
     vertex  2.158673e-01  3.538432e-01  5.990076e-01
   endloop
 endfacet
 facet normal  2.999029e-01  9.516374e-01  6.666659e-02
   outer loop
     vertex  3.041499e-01  3.283428e-01  5.658724e-01
     vertex  2.158673e-01  3.538432e-01  5.990076e-01
     vertex  2.209767e-01  3.515036e-01  6.094196e-01
   endloop
 endfacet
 facet normal  3.275678e-02  9.990100e-01 -3.010087e-02
   outer loop
     vertex  4.696603e-01  3.055685e-01  3.263354e-02
     vertex  4.592959e-01  3.053723e-01  1.484287e-02
     vertex  3.005370e-01  3.267623e-01  5.519855e-01
   endloop
 endfacet
 facet normal  1.919534e-01  9.699857e-01 -1.492706e-01
   outer loop
     vertex  3.070628e-01  3.299159e-01  5.798407e-01
     vertex  3.041499e-01  3.283428e-01  5.658724e-01
     vertex  2.209767e-01  3.515036e-01  6.094196e-01
   endloop
 endfacet
 facet normal  2.665374e-01  9.609493e-01  7.439222e-02
   outer loop
     vertex  3.070628e-01  3.299159e-01  5.798407e-01
     vertex  2.209767e-01  3.515036e-01  6.094196e-01
     vertex  2.265448e-01  3.491768e-01  6.195267e-01
   endloop
 endfacet
 facet normal  1.670118e-01  9.766479e-01 -1.351518e-01
   outer loop
     vertex  3.092758e-01  3.314817e-01  5.938902e-01
     vertex  3.070628e-01  3.299159e-01  5.798407e-01
     vertex  2.265448e-01  3.491768e-01  6.195267e-01
   endloop
 endfacet
 facet normal  2.335400e-01  9.686176e-01  8.508250e-02
   outer loop
     vertex  3.092758e-01  3.314817e-01  5.938902e-01
     vertex  2.265448e-01  3.491768e-01  6.195267e-01
     vertex  2.325715e-01  3.468627e-01  6.293287e-01
   endloop
 endfacet
 facet normal  3.266259e-02  9.990121e-01 -3.013163e-02
   outer loop
     vertex  4.793010e-01  3.058010e-01  5.079439e-02
     vertex  4.696603e-01  3.055685e-01  3.263354e-02
     vertex  3.005370e-01  3.267623e-01  5.519855e-01
   endloop
 endfacet
 facet normal  3.173745e-02  9.990319e-01 -3.046249e-02
   outer loop
     vertex  4.793010e-01  3.058010e-01  5.079439e-02
     vertex  3.050398e-01  3.265583e-01  5.499839e-01
     vertex  3.094903e-01  3.263551e-01  5.479584e-01
   endloop
 endfacet
 facet normal  3.173177e-02  9.990320e-01 -3.046448e-02
   outer loop
     vertex  4.793010e-01  3.058010e-01  5.079439e-02
     vertex  3.027950e-01  3.266602e-01  5.509877e-01
     vertex  3.050398e-01  3.265583e-01  5.499839e-01
   endloop
 endfacet
 facet normal  3.172801e-02  9.990321e-01 -3.046581e-02
   outer loop
     vertex  4.793010e-01  3.058010e-01  5.079439e-02
     vertex  3.005370e-01  3.267623e-01  5.519855e-01
     vertex  3.027950e-01  3.266602e-01  5.509877e-01
   endloop
 endfacet
 facet normal  1.400152e-01  9.824369e-01 -1.233431e-01
   outer loop
     vertex  3.107888e-01  3.330401e-01  6.080210e-01
     vertex  3.092758e-01  3.314817e-01  5.938902e-01
     vertex  2.325715e-01  3.468627e-01  6.293287e-01
   endloop
 endfacet
 facet normal  1.994986e-01  9.747847e-01  9.997510e-02
   outer loop
     vertex  3.107888e-01  3.330401e-01  6.080210e-01
     vertex  2.325715e-01  3.468627e-01  6.293287e-01
     vertex  2.390569e-01  3.445614e-01  6.388258e-01
   endloop
 endfacet
 facet normal  1.096194e-01  9.874101e-01 -1.140391e-01
   outer loop
     vertex  3.116020e-01  3.345913e-01  6.222331e-01
     vertex  3.107888e-01  3.330401e-01  6.080210e-01
     vertex  2.390569e-01  3.445614e-01  6.388258e-01
   endloop
 endfacet
 facet normal  1.623048e-01  9.792691e-01  1.211985e-01
   outer loop
     vertex  3.116020e-01  3.345913e-01  6.222331e-01
     vertex  2.390569e-01  3.445614e-01  6.388258e-01
     vertex  2.460010e-01  3.422728e-01  6.480179e-01
   endloop
 endfacet
 facet normal  7.361672e-02  9.914152e-01 -1.080577e-01
   outer loop
     vertex  3.117449e-01  3.358783e-01  6.341386e-01
     vertex  3.116020e-01  3.345913e-01  6.222331e-01
     vertex  2.460010e-01  3.422728e-01  6.480179e-01
   endloop
 endfacet
 facet normal  1.262724e-01  9.811811e-01  1.460787e-01
   outer loop
     vertex  3.117449e-01  3.358783e-01  6.341386e-01
     vertex  2.460010e-01  3.422728e-01  6.480179e-01
     vertex  2.534037e-01  3.399970e-01  6.569050e-01
   endloop
 endfacet
 facet normal  1.256173e-01  9.815227e-01  1.443382e-01
   outer loop
     vertex  3.117449e-01  3.358783e-01  6.341386e-01
     vertex  2.534037e-01  3.399970e-01  6.569050e-01
     vertex  2.581859e-01  3.386032e-01  6.622210e-01
   endloop
 endfacet
 facet normal  3.174485e-02  9.990309e-01 -3.048691e-02
   outer loop
     vertex  4.881801e-01  3.060701e-01  6.929507e-02
     vertex  3.182351e-01  3.259516e-01  5.438370e-01
     vertex  3.225298e-01  3.257512e-01  5.417416e-01
   endloop
 endfacet
 facet normal  3.258889e-02  9.990134e-01 -3.017091e-02
   outer loop
     vertex  4.881801e-01  3.060701e-01  6.929507e-02
     vertex  4.793010e-01  3.058010e-01  5.079439e-02
     vertex  3.094903e-01  3.263551e-01  5.479584e-01
   endloop
 endfacet
 facet normal  3.173737e-02  9.990311e-01 -3.048960e-02
   outer loop
     vertex  4.881801e-01  3.060701e-01  6.929507e-02
     vertex  3.138887e-01  3.261529e-01  5.459094e-01
     vertex  3.182351e-01  3.259516e-01  5.438370e-01
   endloop
 endfacet
 facet normal  3.172995e-02  9.990312e-01 -3.049232e-02
   outer loop
     vertex  4.881801e-01  3.060701e-01  6.929507e-02
     vertex  3.094903e-01  3.263551e-01  5.479584e-01
     vertex  3.138887e-01  3.261529e-01  5.459094e-01
   endloop
 endfacet
 facet normal  8.211389e-02  9.796064e-01  1.833813e-01
   outer loop
     vertex  3.114018e-01  3.371602e-01  6.461006e-01
     vertex  2.581859e-01  3.386032e-01  6.622210e-01
     vertex  2.631418e-01  3.372142e-01  6.674216e-01
   endloop
 endfacet
 facet normal -5.363466e-03  9.942761e-01 -1.067067e-01
   outer loop
     vertex  3.114018e-01  3.371602e-01  6.461006e-01
     vertex  3.117449e-01  3.358783e-01  6.341386e-01
     vertex  2.581859e-01  3.386032e-01  6.622210e-01
   endloop
 endfacet
 facet normal  3.175920e-02  9.990299e-01 -3.050700e-02
   outer loop
     vertex  4.962591e-01  3.063759e-01  8.810418e-02
     vertex  3.351060e-01  3.251554e-01  5.353193e-01
     vertex  3.392401e-01  3.249565e-01  5.331103e-01
   endloop
 endfacet
 facet normal  3.175168e-02  9.990300e-01 -3.050972e-02
   outer loop
     vertex  4.962591e-01  3.063759e-01  8.810418e-02
     vertex  3.309650e-01  3.253531e-01  5.374825e-01
     vertex  3.351060e-01  3.251554e-01  5.353193e-01
   endloop
 endfacet
 facet normal  3.174427e-02  9.990302e-01 -3.051245e-02
   outer loop
     vertex  4.962591e-01  3.063759e-01  8.810418e-02
     vertex  3.267731e-01  3.255517e-01  5.396233e-01
     vertex  3.309650e-01  3.253531e-01  5.374825e-01
   endloop
 endfacet
 facet normal  3.173693e-02  9.990303e-01 -3.051521e-02
   outer loop
     vertex  4.962591e-01  3.063759e-01  8.810418e-02
     vertex  3.225298e-01  3.257512e-01  5.417416e-01
     vertex  3.267731e-01  3.255517e-01  5.396233e-01
   endloop
 endfacet
 facet normal  3.252623e-02  9.990141e-01 -3.021225e-02
   outer loop
     vertex  4.962591e-01  3.063759e-01  8.810418e-02
     vertex  4.881801e-01  3.060701e-01  6.929507e-02
     vertex  3.225298e-01  3.257512e-01  5.417416e-01
   endloop
 endfacet
 facet normal  1.172562e-03  9.999985e-01 -1.298143e-03
   outer loop
     vertex  3.033051e-01  3.372121e-01  7.020357e-01
     vertex  2.631418e-01  3.372142e-01  6.674216e-01
     vertex  2.980728e-01  3.372217e-01  7.047349e-01
   endloop
 endfacet
 facet normal  7.935844e-04  9.999994e-01 -7.382083e-04
   outer loop
     vertex  3.086530e-01  3.372019e-01  6.995921e-01
     vertex  3.114018e-01  3.371602e-01  6.461006e-01
     vertex  2.631418e-01  3.372142e-01  6.674216e-01
   endloop
 endfacet
 facet normal  1.266114e-03  9.999982e-01 -1.406692e-03
   outer loop
     vertex  3.086530e-01  3.372019e-01  6.995921e-01
     vertex  2.631418e-01  3.372142e-01  6.674216e-01
     vertex  3.033051e-01  3.372121e-01  7.020357e-01
   endloop
 endfacet
 facet normal  1.695624e-03  9.999983e-01 -6.918542e-04
   outer loop
     vertex  3.141165e-01  3.371911e-01  6.974040e-01
     vertex  3.114018e-01  3.371602e-01  6.461006e-01
     vertex  3.086530e-01  3.372019e-01  6.995921e-01
   endloop
 endfacet
 facet normal  3.247365e-02  9.990146e-01 -3.025428e-02
   outer loop
     vertex  5.034993e-01  3.067185e-01  1.071892e-01
     vertex  4.962591e-01  3.063759e-01  8.810418e-02
     vertex  3.392401e-01  3.249565e-01  5.331103e-01
   endloop
 endfacet
 facet normal  3.176566e-02  9.990290e-01 -3.052810e-02
   outer loop
     vertex  5.034993e-01  3.067185e-01  1.071892e-01
     vertex  3.473535e-01  3.245616e-01  5.286256e-01
     vertex  3.513332e-01  3.243655e-01  5.263505e-01
   endloop
 endfacet
 facet normal  3.175817e-02  9.990292e-01 -3.053088e-02
   outer loop
     vertex  5.034993e-01  3.067185e-01  1.071892e-01
     vertex  3.433226e-01  3.247586e-01  5.308790e-01
     vertex  3.473535e-01  3.245616e-01  5.286256e-01
   endloop
 endfacet
 facet normal  3.175075e-02  9.990293e-01 -3.053370e-02
   outer loop
     vertex  5.034993e-01  3.067185e-01  1.071892e-01
     vertex  3.392401e-01  3.249565e-01  5.331103e-01
     vertex  3.433226e-01  3.247586e-01  5.308790e-01
   endloop
 endfacet
 facet normal  3.241644e-02  9.990153e-01 -3.029128e-02
   outer loop
     vertex  5.098611e-01  3.070981e-01  1.265167e-01
     vertex  5.034993e-01  3.067185e-01  1.071892e-01
     vertex  3.513332e-01  3.243655e-01  5.263505e-01
   endloop
 endfacet
 facet normal  3.177533e-02  9.990282e-01 -3.054625e-02
   outer loop
     vertex  5.098611e-01  3.070981e-01  1.265167e-01
     vertex  3.591397e-01  3.239762e-01  5.217360e-01
     vertex  3.667437e-01  3.235907e-01  5.170374e-01
   endloop
 endfacet
 facet normal  3.176048e-02  9.990285e-01 -3.055192e-02
   outer loop
     vertex  5.098611e-01  3.070981e-01  1.265167e-01
     vertex  3.513332e-01  3.243655e-01  5.263505e-01
     vertex  3.591397e-01  3.239762e-01  5.217360e-01
   endloop
 endfacet
 facet normal  3.236842e-02  9.990158e-01 -3.032837e-02
   outer loop
     vertex  5.153047e-01  3.075148e-01  1.460519e-01
     vertex  5.098611e-01  3.070981e-01  1.265167e-01
     vertex  3.667437e-01  3.235907e-01  5.170374e-01
   endloop
 endfacet
 facet normal  3.178818e-02  9.990273e-01 -3.056145e-02
   outer loop
     vertex  5.153047e-01  3.075148e-01  1.460519e-01
     vertex  3.741472e-01  3.232090e-01  5.122569e-01
     vertex  3.813518e-01  3.228310e-01  5.073964e-01
   endloop
 endfacet
 facet normal  3.177333e-02  9.990276e-01 -3.056718e-02
   outer loop
     vertex  5.153047e-01  3.075148e-01  1.460519e-01
     vertex  3.667437e-01  3.235907e-01  5.170374e-01
     vertex  3.741472e-01  3.232090e-01  5.122569e-01
   endloop
 endfacet
 facet normal  3.232223e-02  9.990162e-01 -3.036300e-02
   outer loop
     vertex  5.197899e-01  3.079687e-01  1.657593e-01
     vertex  5.153047e-01  3.075148e-01  1.460519e-01
     vertex  3.813518e-01  3.228310e-01  5.073964e-01
   endloop
 endfacet
 facet normal  3.180049e-02  9.990265e-01 -3.057509e-02
   outer loop
     vertex  5.197899e-01  3.079687e-01  1.657593e-01
     vertex  3.883593e-01  3.224569e-01  5.024580e-01
     vertex  3.951715e-01  3.220866e-01  4.974435e-01
   endloop
 endfacet
 facet normal  3.178563e-02  9.990268e-01 -3.058090e-02
   outer loop
     vertex  5.197899e-01  3.079687e-01  1.657593e-01
     vertex  3.813518e-01  3.228310e-01  5.073964e-01
     vertex  3.883593e-01  3.224569e-01  5.024580e-01
   endloop
 endfacet
 facet normal  3.228118e-02  9.990166e-01 -3.039406e-02
   outer loop
     vertex  5.229732e-01  3.084090e-01  1.836127e-01
     vertex  5.197899e-01  3.079687e-01  1.657593e-01
     vertex  3.951715e-01  3.220866e-01  4.974435e-01
   endloop
 endfacet
 facet normal  3.181413e-02  9.990257e-01 -3.058488e-02
   outer loop
     vertex  5.229732e-01  3.084090e-01  1.836127e-01
     vertex  4.017901e-01  3.217201e-01  4.923552e-01
     vertex  4.082170e-01  3.213575e-01  4.871948e-01
   endloop
 endfacet
 facet normal  3.179920e-02  9.990260e-01 -3.059076e-02
   outer loop
     vertex  5.229732e-01  3.084090e-01  1.836127e-01
     vertex  3.951715e-01  3.220866e-01  4.974435e-01
     vertex  4.017901e-01  3.217201e-01  4.923552e-01
   endloop
 endfacet
 facet normal  3.224780e-02  9.990169e-01 -3.042057e-02
   outer loop
     vertex  5.251213e-01  3.088311e-01  1.997519e-01
     vertex  5.229732e-01  3.084090e-01  1.836127e-01
     vertex  4.082170e-01  3.213575e-01  4.871948e-01
   endloop
 endfacet
 facet normal  3.181405e-02  9.990254e-01 -3.059735e-02
   outer loop
     vertex  5.251213e-01  3.088311e-01  1.997519e-01
     vertex  4.082170e-01  3.213575e-01  4.871948e-01
     vertex  4.144537e-01  3.209987e-01  4.819643e-01
   endloop
 endfacet
 facet normal  3.183617e-02  9.990246e-01 -3.059983e-02
   outer loop
     vertex  5.265671e-01  3.092777e-01  2.159371e-01
     vertex  4.205020e-01  3.206437e-01  4.766658e-01
     vertex  4.320406e-01  3.199454e-01  4.658721e-01
   endloop
 endfacet
 facet normal  3.181374e-02  9.990250e-01 -3.060897e-02
   outer loop
     vertex  5.265671e-01  3.092777e-01  2.159371e-01
     vertex  4.144537e-01  3.209987e-01  4.819643e-01
     vertex  4.205020e-01  3.206437e-01  4.766658e-01
   endloop
 endfacet
 facet normal  3.220663e-02  9.990175e-01 -3.044307e-02
   outer loop
     vertex  5.265671e-01  3.092777e-01  2.159371e-01
     vertex  5.251213e-01  3.088311e-01  1.997519e-01
     vertex  4.144537e-01  3.209987e-01  4.819643e-01
   endloop
 endfacet
 facet normal  3.185057e-02  9.990240e-01 -3.060429e-02
   outer loop
     vertex  5.272884e-01  3.097488e-01  2.321473e-01
     vertex  4.320406e-01  3.199454e-01  4.658721e-01
     vertex  4.428465e-01  3.192626e-01  4.548292e-01
   endloop
 endfacet
 facet normal  3.218928e-02  9.990174e-01 -3.046598e-02
   outer loop
     vertex  5.272884e-01  3.097488e-01  2.321473e-01
     vertex  5.265671e-01  3.092777e-01  2.159371e-01
     vertex  4.320406e-01  3.199454e-01  4.658721e-01
   endloop
 endfacet
 facet normal  3.216098e-02  9.990176e-01 -3.048632e-02
   outer loop
     vertex  5.272626e-01  3.102444e-01  2.483611e-01
     vertex  5.272884e-01  3.097488e-01  2.321473e-01
     vertex  4.428465e-01  3.192626e-01  4.548292e-01
   endloop
 endfacet
 facet normal  3.186473e-02  9.990234e-01 -3.060769e-02
   outer loop
     vertex  5.272626e-01  3.102444e-01  2.483611e-01
     vertex  4.428465e-01  3.192626e-01  4.548292e-01
     vertex  4.529334e-01  3.185954e-01  4.435520e-01
   endloop
 endfacet
 facet normal  3.187866e-02  9.990229e-01 -3.061001e-02
   outer loop
     vertex  5.264668e-01  3.107645e-01  2.645566e-01
     vertex  4.529334e-01  3.185954e-01  4.435520e-01
     vertex  4.623149e-01  3.179438e-01  4.320555e-01
   endloop
 endfacet
 facet normal  3.213327e-02  9.990180e-01 -3.050520e-02
   outer loop
     vertex  5.264668e-01  3.107645e-01  2.645566e-01
     vertex  5.272626e-01  3.102444e-01  2.483611e-01
     vertex  4.529334e-01  3.185954e-01  4.435520e-01
   endloop
 endfacet
 facet normal  3.189238e-02  9.990224e-01 -3.061123e-02
   outer loop
     vertex  5.248781e-01  3.113092e-01  2.807114e-01
     vertex  4.623149e-01  3.179438e-01  4.320555e-01
     vertex  4.710044e-01  3.173078e-01  4.203545e-01
   endloop
 endfacet
 facet normal  3.210612e-02  9.990183e-01 -3.052270e-02
   outer loop
     vertex  5.248781e-01  3.113092e-01  2.807114e-01
     vertex  5.264668e-01  3.107645e-01  2.645566e-01
     vertex  4.623149e-01  3.179438e-01  4.320555e-01
   endloop
 endfacet
 facet normal  3.208181e-02  9.990186e-01 -3.053799e-02
   outer loop
     vertex  5.227512e-01  3.118203e-01  2.951970e-01
     vertex  5.248781e-01  3.113092e-01  2.807114e-01
     vertex  4.710044e-01  3.173078e-01  4.203545e-01
   endloop
 endfacet
 facet normal  3.189296e-02  9.990221e-01 -3.062007e-02
   outer loop
     vertex  5.202578e-01  3.122972e-01  3.081760e-01
     vertex  4.710044e-01  3.173078e-01  4.203545e-01
     vertex  4.790154e-01  3.166876e-01  4.084636e-01
   endloop
 endfacet
 facet normal  3.204311e-02  9.990194e-01 -3.055402e-02
   outer loop
     vertex  5.202578e-01  3.122972e-01  3.081760e-01
     vertex  5.227512e-01  3.118203e-01  2.951970e-01
     vertex  4.710044e-01  3.173078e-01  4.203545e-01
   endloop
 endfacet
 facet normal  3.190946e-02  9.990217e-01 -3.061628e-02
   outer loop
     vertex  5.172025e-01  3.127901e-01  3.210871e-01
     vertex  4.790154e-01  3.166876e-01  4.084636e-01
     vertex  4.863612e-01  3.160832e-01  3.963969e-01
   endloop
 endfacet
 facet normal  3.202615e-02  9.990196e-01 -3.056519e-02
   outer loop
     vertex  5.172025e-01  3.127901e-01  3.210871e-01
     vertex  5.202578e-01  3.122972e-01  3.081760e-01
     vertex  4.790154e-01  3.166876e-01  4.084636e-01
   endloop
 endfacet
 facet normal  3.197579e-02  9.990203e-01 -3.059262e-02
   outer loop
     vertex  5.093562e-01  3.138241e-01  3.466540e-01
     vertex  4.991102e-01  3.149218e-01  3.717932e-01
     vertex  5.045396e-01  3.143650e-01  3.592837e-01
   endloop
 endfacet
 facet normal  3.194254e-02  9.990210e-01 -3.060620e-02
   outer loop
     vertex  5.093562e-01  3.138241e-01  3.466540e-01
     vertex  4.930551e-01  3.154946e-01  3.841688e-01
     vertex  4.991102e-01  3.149218e-01  3.717932e-01
   endloop
 endfacet
 facet normal  3.192599e-02  9.990213e-01 -3.061166e-02
   outer loop
     vertex  5.135729e-01  3.132991e-01  3.339174e-01
     vertex  4.863612e-01  3.160832e-01  3.963969e-01
     vertex  4.930551e-01  3.154946e-01  3.841688e-01
   endloop
 endfacet
 facet normal  3.200928e-02  9.990198e-01 -3.057532e-02
   outer loop
     vertex  5.135729e-01  3.132991e-01  3.339174e-01
     vertex  5.172025e-01  3.127901e-01  3.210871e-01
     vertex  4.863612e-01  3.160832e-01  3.963969e-01
   endloop
 endfacet
 facet normal  3.199250e-02  9.990201e-01 -3.058445e-02
   outer loop
     vertex  5.135729e-01  3.132991e-01  3.339174e-01
     vertex  4.930551e-01  3.154946e-01  3.841688e-01
     vertex  5.093562e-01  3.138241e-01  3.466540e-01
   endloop
 endfacet
 facet normal  2.919059e-03  9.999903e-01  3.283879e-03
   outer loop
     vertex -1.304400e-01  3.372648e-01 -2.211832e-01
     vertex -1.365638e-01  3.372696e-01 -2.172121e-01
     vertex -1.424568e-01  3.372730e-01 -2.130036e-01
   endloop
 endfacet
 facet normal  2.959286e-03  9.999900e-01  3.342977e-03
   outer loop
     vertex -1.240854e-01  3.372585e-01 -2.249075e-01
     vertex -1.304400e-01  3.372648e-01 -2.211832e-01
     vertex -1.424568e-01  3.372730e-01 -2.130036e-01
   endloop
 endfacet
 facet normal  2.900262e-03  9.999905e-01  3.251884e-03
   outer loop
     vertex -1.240854e-01  3.372585e-01 -2.249075e-01
     vertex -1.424568e-01  3.372730e-01 -2.130036e-01
     vertex -1.481190e-01  3.372750e-01 -2.085667e-01
   endloop
 endfacet
 facet normal  2.980710e-03  9.999899e-01  3.370206e-03
   outer loop
     vertex -1.175001e-01  3.372505e-01 -2.283762e-01
     vertex -1.240854e-01  3.372585e-01 -2.249075e-01
     vertex -1.481190e-01  3.372750e-01 -2.085667e-01
   endloop
 endfacet
 facet normal  2.882347e-03  9.999907e-01  3.218168e-03
   outer loop
     vertex -1.175001e-01  3.372505e-01 -2.283762e-01
     vertex -1.481190e-01  3.372750e-01 -2.085667e-01
     vertex -1.535503e-01  3.372757e-01 -2.039106e-01
   endloop
 endfacet
 facet normal  3.003008e-03  9.999897e-01  3.395965e-03
   outer loop
     vertex -1.106841e-01  3.372409e-01 -2.315798e-01
     vertex -1.175001e-01  3.372505e-01 -2.283762e-01
     vertex -1.535503e-01  3.372757e-01 -2.039106e-01
   endloop
 endfacet
 facet normal  2.865321e-03  9.999908e-01  3.182653e-03
   outer loop
     vertex -1.106841e-01  3.372409e-01 -2.315798e-01
     vertex -1.535503e-01  3.372757e-01 -2.039106e-01
     vertex -1.587508e-01  3.372751e-01 -1.990445e-01
   endloop
 endfacet
 facet normal  3.026181e-03  9.999896e-01  3.420304e-03
   outer loop
     vertex -1.036373e-01  3.372296e-01 -2.345094e-01
     vertex -1.106841e-01  3.372409e-01 -2.315798e-01
     vertex -1.587508e-01  3.372751e-01 -1.990445e-01
   endloop
 endfacet
 facet normal  2.849193e-03  9.999910e-01  3.145258e-03
   outer loop
     vertex -1.036373e-01  3.372296e-01 -2.345094e-01
     vertex -1.587508e-01  3.372751e-01 -1.990445e-01
     vertex -1.637204e-01  3.372733e-01 -1.939774e-01
   endloop
 endfacet
 facet normal  3.050232e-03  9.999894e-01  3.443272e-03
   outer loop
     vertex -9.635997e-02  3.372165e-01 -2.371558e-01
     vertex -1.036373e-01  3.372296e-01 -2.345094e-01
     vertex -1.637204e-01  3.372733e-01 -1.939774e-01
   endloop
 endfacet
 facet normal  2.833974e-03  9.999912e-01  3.105896e-03
   outer loop
     vertex -9.635997e-02  3.372165e-01 -2.371558e-01
     vertex -1.637204e-01  3.372733e-01 -1.939774e-01
     vertex -1.684591e-01  3.372704e-01 -1.887185e-01
   endloop
 endfacet
 facet normal  3.075166e-03  9.999893e-01  3.464914e-03
   outer loop
     vertex -8.885195e-02  3.372016e-01 -2.395098e-01
     vertex -9.635997e-02  3.372165e-01 -2.371558e-01
     vertex -1.684591e-01  3.372704e-01 -1.887185e-01
   endloop
 endfacet
 facet normal  2.819675e-03  9.999913e-01  3.064470e-03
   outer loop
     vertex -8.885195e-02  3.372016e-01 -2.395098e-01
     vertex -1.684591e-01  3.372704e-01 -1.887185e-01
     vertex -1.729669e-01  3.372665e-01 -1.832771e-01
   endloop
 endfacet
 facet normal  2.774163e-03  9.999917e-01  2.996391e-03
   outer loop
     vertex -8.885195e-02  3.372016e-01 -2.395098e-01
     vertex -1.729669e-01  3.372665e-01 -1.832771e-01
     vertex -1.772436e-01  3.372615e-01 -1.776621e-01
   endloop
 endfacet
 facet normal  3.091684e-03  9.999893e-01  3.450190e-03
   outer loop
     vertex -8.111332e-02  3.371848e-01 -2.415623e-01
     vertex -8.885195e-02  3.372016e-01 -2.395098e-01
     vertex -1.772436e-01  3.372615e-01 -1.776621e-01
   endloop
 endfacet
 facet normal  2.760085e-03  9.999918e-01  2.951334e-03
   outer loop
     vertex -8.111332e-02  3.371848e-01 -2.415623e-01
     vertex -1.772436e-01  3.372615e-01 -1.776621e-01
     vertex -1.812894e-01  3.372556e-01 -1.718828e-01
   endloop
 endfacet
 facet normal  3.119890e-03  9.999891e-01  3.468619e-03
   outer loop
     vertex -7.314409e-02  3.371659e-01 -2.433041e-01
     vertex -8.111332e-02  3.371848e-01 -2.415623e-01
     vertex -1.812894e-01  3.372556e-01 -1.718828e-01
   endloop
 endfacet
 facet normal  5.114028e-01  3.735762e-01  7.738915e-01
   outer loop
     vertex -7.314409e-02  3.371659e-01 -2.433041e-01
     vertex -1.812894e-01  3.372556e-01 -1.718828e-01
     vertex -1.848990e-01  3.305380e-01 -1.662548e-01
   endloop
 endfacet
 facet normal -4.952051e-01  4.927779e-01 -7.155012e-01
   outer loop
     vertex -6.494430e-02  3.371451e-01 -2.447262e-01
     vertex -1.848990e-01  3.305380e-01 -1.662548e-01
     vertex -1.894621e-01  3.372395e-01 -1.584812e-01
   endloop
 endfacet
 facet normal  2.315954e-02  9.926266e-01  1.189793e-01
   outer loop
     vertex -6.494430e-02  3.371451e-01 -2.447262e-01
     vertex -7.314409e-02  3.371659e-01 -2.433041e-01
     vertex -1.848990e-01  3.305380e-01 -1.662548e-01
   endloop
 endfacet
 facet normal  3.177954e-03  9.999888e-01  3.493401e-03
   outer loop
     vertex -5.651397e-02  3.371221e-01 -2.458193e-01
     vertex -6.494430e-02  3.371451e-01 -2.447262e-01
     vertex -1.894621e-01  3.372395e-01 -1.584812e-01
   endloop
 endfacet
 facet normal  2.706621e-03  9.999925e-01  2.775922e-03
   outer loop
     vertex -5.651397e-02  3.371221e-01 -2.458193e-01
     vertex -1.894621e-01  3.372395e-01 -1.584812e-01
     vertex -1.934733e-01  3.372291e-01 -1.508117e-01
   endloop
 endfacet
 facet normal  2.641916e-03  9.999929e-01  2.682646e-03
   outer loop
     vertex -5.651397e-02  3.371221e-01 -2.458193e-01
     vertex -1.934733e-01  3.372291e-01 -1.508117e-01
     vertex -1.971377e-01  3.372177e-01 -1.429568e-01
   endloop
 endfacet
 facet normal  2.617779e-03  9.999932e-01  2.606460e-03
   outer loop
     vertex -4.785312e-02  3.370970e-01 -2.465742e-01
     vertex -1.971377e-01  3.372177e-01 -1.429568e-01
     vertex -2.004554e-01  3.372054e-01 -1.349331e-01
   endloop
 endfacet
 facet normal  3.204348e-03  9.999889e-01  3.451552e-03
   outer loop
     vertex -4.785312e-02  3.370970e-01 -2.465742e-01
     vertex -5.651397e-02  3.371221e-01 -2.458193e-01
     vertex -1.971377e-01  3.372177e-01 -1.429568e-01
   endloop
 endfacet
 facet normal  2.594043e-03  9.999934e-01  2.526081e-03
   outer loop
     vertex -3.896178e-02  3.370696e-01 -2.469820e-01
     vertex -2.004554e-01  3.372054e-01 -1.349331e-01
     vertex -2.034262e-01  3.371925e-01 -1.267575e-01
   endloop
 endfacet
 facet normal  3.238497e-03  9.999888e-01  3.454923e-03
   outer loop
     vertex -3.896178e-02  3.370696e-01 -2.469820e-01
     vertex -4.785312e-02  3.370970e-01 -2.465742e-01
     vertex -2.004554e-01  3.372054e-01 -1.349331e-01
   endloop
 endfacet
 facet normal  3.274374e-03  9.999887e-01  3.456763e-03
   outer loop
     vertex -2.983998e-02  3.370399e-01 -2.470334e-01
     vertex -3.896178e-02  3.370696e-01 -2.469820e-01
     vertex -2.034262e-01  3.371925e-01 -1.267575e-01
   endloop
 endfacet
 facet normal  2.570705e-03  9.999937e-01  2.441199e-03
   outer loop
     vertex -2.983998e-02  3.370399e-01 -2.470334e-01
     vertex -2.034262e-01  3.371925e-01 -1.267575e-01
     vertex -2.060502e-01  3.371790e-01 -1.184468e-01
   endloop
 endfacet
 facet normal  2.494787e-03  9.999942e-01  2.337162e-03
   outer loop
     vertex -2.983998e-02  3.370399e-01 -2.470334e-01
     vertex -2.060502e-01  3.371790e-01 -1.184468e-01
     vertex -2.083273e-01  3.371649e-01 -1.100179e-01
   endloop
 endfacet
 facet normal  2.413482e-03  9.999946e-01  2.231247e-03
   outer loop
     vertex -2.983998e-02  3.370399e-01 -2.470334e-01
     vertex -2.083273e-01  3.371649e-01 -1.100179e-01
     vertex -2.102574e-01  3.371506e-01 -1.014875e-01
   endloop
 endfacet
 facet normal -5.026829e-03  9.999821e-01  3.248564e-03
   outer loop
     vertex -1.281283e-01  3.370764e-01  1.075543e-01
     vertex -1.459607e-01  3.370265e-01  9.532185e-02
     vertex -1.402451e-01  3.370413e-01  9.963080e-02
   endloop
 endfacet
 facet normal -5.066060e-03  9.999817e-01  3.308559e-03
   outer loop
     vertex -1.281283e-01  3.370764e-01  1.075543e-01
     vertex -1.402451e-01  3.370413e-01  9.963080e-02
     vertex -1.343009e-01  3.370579e-01  1.037113e-01
   endloop
 endfacet
 facet normal -4.966209e-03  9.999827e-01  3.154360e-03
   outer loop
     vertex -1.217272e-01  3.370970e-01  1.111509e-01
     vertex -1.567069e-01  3.370025e-01  8.605420e-02
     vertex -1.514480e-01  3.370136e-01  9.079334e-02
   endloop
 endfacet
 facet normal -5.008500e-03  9.999823e-01  3.216104e-03
   outer loop
     vertex -1.217272e-01  3.370970e-01  1.111509e-01
     vertex -1.514480e-01  3.370136e-01  9.079334e-02
     vertex -1.459607e-01  3.370265e-01  9.532185e-02
   endloop
 endfacet
 facet normal -5.086958e-03  9.999815e-01  3.336222e-03
   outer loop
     vertex -1.217272e-01  3.370970e-01  1.111509e-01
     vertex -1.459607e-01  3.370265e-01  9.532185e-02
     vertex -1.281283e-01  3.370764e-01  1.075543e-01
   endloop
 endfacet
 facet normal -4.948093e-03  9.999829e-01  3.119077e-03
   outer loop
     vertex -1.150976e-01  3.371196e-01  1.144923e-01
     vertex -1.617374e-01  3.369930e-01  8.111336e-02
     vertex -1.567069e-01  3.370025e-01  8.605420e-02
   endloop
 endfacet
 facet normal -5.092742e-03  9.999815e-01  3.330725e-03
   outer loop
     vertex -1.150976e-01  3.371196e-01  1.144923e-01
     vertex -1.567069e-01  3.370025e-01  8.605420e-02
     vertex -1.217272e-01  3.370970e-01  1.111509e-01
   endloop
 endfacet
 facet normal -4.930839e-03  9.999831e-01  3.081915e-03
   outer loop
     vertex -1.082395e-01  3.371444e-01  1.175695e-01
     vertex -1.665395e-01  3.369851e-01  7.597974e-02
     vertex -1.617374e-01  3.369930e-01  8.111336e-02
   endloop
 endfacet
 facet normal -5.116798e-03  9.999813e-01  3.354811e-03
   outer loop
     vertex -1.082395e-01  3.371444e-01  1.175695e-01
     vertex -1.617374e-01  3.369930e-01  8.111336e-02
     vertex -1.150976e-01  3.371196e-01  1.144923e-01
   endloop
 endfacet
 facet normal -4.914452e-03  9.999833e-01  3.042787e-03
   outer loop
     vertex -1.011528e-01  3.371714e-01  1.203735e-01
     vertex -1.711134e-01  3.369788e-01  7.066229e-02
     vertex -1.665395e-01  3.369851e-01  7.597974e-02
   endloop
 endfacet
 facet normal -5.141710e-03  9.999811e-01  3.377520e-03
   outer loop
     vertex -1.011528e-01  3.371714e-01  1.203735e-01
     vertex -1.665395e-01  3.369851e-01  7.597974e-02
     vertex -1.082395e-01  3.371444e-01  1.175695e-01
   endloop
 endfacet
 facet normal -4.896403e-03  9.999835e-01  2.997838e-03
   outer loop
     vertex -9.383750e-02  3.372006e-01  1.228954e-01
     vertex -1.759277e-01  3.369736e-01  6.454926e-02
     vertex -1.711134e-01  3.369788e-01  7.066229e-02
   endloop
 endfacet
 facet normal -5.167483e-03  9.999809e-01  3.398896e-03
   outer loop
     vertex -9.383750e-02  3.372006e-01  1.228954e-01
     vertex -1.711134e-01  3.369788e-01  7.066229e-02
     vertex -1.011528e-01  3.371714e-01  1.203735e-01
   endloop
 endfacet
 facet normal -4.873595e-03  9.999838e-01  2.942520e-03
   outer loop
     vertex -8.629359e-02  3.372322e-01  1.251263e-01
     vertex -1.809463e-01  3.369698e-01  5.751865e-02
     vertex -1.759277e-01  3.369736e-01  6.454926e-02
   endloop
 endfacet
 facet normal -5.192983e-03  9.999807e-01  3.415122e-03
   outer loop
     vertex -8.629359e-02  3.372322e-01  1.251263e-01
     vertex -1.759277e-01  3.369736e-01  6.454926e-02
     vertex -9.383750e-02  3.372006e-01  1.228954e-01
   endloop
 endfacet
 facet normal -4.848282e-03  9.999841e-01  2.880083e-03
   outer loop
     vertex -7.852105e-02  3.372661e-01  1.270572e-01
     vertex -1.856172e-01  3.369681e-01  5.025339e-02
     vertex -1.809463e-01  3.369698e-01  5.751865e-02
   endloop
 endfacet
 facet normal -5.218593e-03  9.999805e-01  3.425541e-03
   outer loop
     vertex -7.852105e-02  3.372661e-01  1.270572e-01
     vertex -1.809463e-01  3.369698e-01  5.751865e-02
     vertex -8.629359e-02  3.372322e-01  1.251263e-01
   endloop
 endfacet
 facet normal -4.823364e-03  9.999844e-01  2.814422e-03
   outer loop
     vertex -7.051985e-02  3.373025e-01  1.286793e-01
     vertex -1.899401e-01  3.369683e-01  4.277029e-02
     vertex -1.856172e-01  3.369681e-01  5.025339e-02
   endloop
 endfacet
 facet normal -5.245777e-03  9.999803e-01  3.434370e-03
   outer loop
     vertex -7.051985e-02  3.373025e-01  1.286793e-01
     vertex -1.856172e-01  3.369681e-01  5.025339e-02
     vertex -7.852105e-02  3.372661e-01  1.270572e-01
   endloop
 endfacet
 facet normal -4.798836e-03  9.999847e-01  2.745322e-03
   outer loop
     vertex -6.228995e-02  3.373414e-01  1.299835e-01
     vertex -1.939153e-01  3.369703e-01  3.508614e-02
     vertex -1.899401e-01  3.369683e-01  4.277029e-02
   endloop
 endfacet
 facet normal -5.274558e-03  9.999802e-01  3.441634e-03
   outer loop
     vertex -6.228995e-02  3.373414e-01  1.299835e-01
     vertex -1.899401e-01  3.369683e-01  4.277029e-02
     vertex -7.051985e-02  3.373025e-01  1.286793e-01
   endloop
 endfacet
 facet normal -4.732271e-03  9.999853e-01  2.652992e-03
   outer loop
     vertex -6.228995e-02  3.373414e-01  1.299835e-01
     vertex -1.975428e-01  3.369740e-01  2.721777e-02
     vertex -1.939153e-01  3.369703e-01  3.508614e-02
   endloop
 endfacet
 facet normal -5.299428e-03  9.999802e-01  3.399460e-03
   outer loop
     vertex -5.383135e-02  3.373829e-01  1.309610e-01
     vertex -1.975428e-01  3.369740e-01  2.721777e-02
     vertex -6.228995e-02  3.373414e-01  1.299835e-01
   endloop
 endfacet
 facet normal -4.706126e-03  9.999856e-01  2.577561e-03
   outer loop
     vertex -5.383135e-02  3.373829e-01  1.309610e-01
     vertex -2.008226e-01  3.369793e-01  1.918196e-02
     vertex -1.975428e-01  3.369740e-01  2.721777e-02
   endloop
 endfacet
 facet normal -5.333390e-03  9.999800e-01  3.402444e-03
   outer loop
     vertex -4.514402e-02  3.374271e-01  1.316029e-01
     vertex -2.008226e-01  3.369793e-01  1.918196e-02
     vertex -5.383135e-02  3.373829e-01  1.309610e-01
   endloop
 endfacet
 facet normal -4.680283e-03  9.999859e-01  2.498009e-03
   outer loop
     vertex -4.514402e-02  3.374271e-01  1.316029e-01
     vertex -2.037547e-01  3.369860e-01  1.099554e-02
     vertex -2.008226e-01  3.369793e-01  1.918196e-02
   endloop
 endfacet
 facet normal -5.365678e-03  9.999798e-01  3.399393e-03
   outer loop
     vertex -3.780324e-02  3.374656e-01  1.318734e-01
     vertex -2.037547e-01  3.369860e-01  1.099554e-02
     vertex -4.514402e-02  3.374271e-01  1.316029e-01
   endloop
 endfacet
 facet normal -4.645991e-03  9.999863e-01  2.411320e-03
   outer loop
     vertex -3.780324e-02  3.374656e-01  1.318734e-01
     vertex -2.063392e-01  3.369941e-01  2.675300e-03
     vertex -2.037547e-01  3.369860e-01  1.099554e-02
   endloop
 endfacet
 facet normal -5.396437e-03  9.999797e-01  3.390283e-03
   outer loop
     vertex -3.030669e-02  3.375059e-01  1.319042e-01
     vertex -2.063392e-01  3.369941e-01  2.675300e-03
     vertex -3.780324e-02  3.374656e-01  1.318734e-01
   endloop
 endfacet
 facet normal -4.349506e-03  9.999885e-01  1.998471e-03
   outer loop
     vertex -3.030669e-02  3.375059e-01  1.319042e-01
     vertex -2.132022e-01  3.370372e-01 -3.160766e-02
     vertex -2.120077e-01  3.370250e-01 -2.292023e-02
   endloop
 endfacet
 facet normal -4.442445e-03  9.999879e-01  2.107545e-03
   outer loop
     vertex -3.030669e-02  3.375059e-01  1.319042e-01
     vertex -2.120077e-01  3.370250e-01 -2.292023e-02
     vertex -2.104657e-01  3.370137e-01 -1.429939e-02
   endloop
 endfacet
 facet normal -4.529555e-03  9.999873e-01  2.214888e-03
   outer loop
     vertex -3.030669e-02  3.375059e-01  1.319042e-01
     vertex -2.104657e-01  3.370137e-01 -1.429939e-02
     vertex -2.085762e-01  3.370033e-01 -5.761945e-03
   endloop
 endfacet
 facet normal -4.611056e-03  9.999867e-01  2.320430e-03
   outer loop
     vertex -3.030669e-02  3.375059e-01  1.319042e-01
     vertex -2.085762e-01  3.370033e-01 -5.761945e-03
     vertex -2.063392e-01  3.369941e-01  2.675300e-03
   endloop
 endfacet
 facet normal  1.709153e-03  9.999896e-01 -4.222950e-03
   outer loop
     vertex  8.240861e-02  3.369745e-01 -2.147326e-01
     vertex  7.604362e-02  3.369668e-01 -2.191264e-01
     vertex  6.941443e-02  3.369608e-01 -2.232436e-01
   endloop
 endfacet
 facet normal  1.723901e-03  9.999895e-01 -4.242215e-03
   outer loop
     vertex  8.850945e-02  3.369837e-01 -2.100735e-01
     vertex  6.941443e-02  3.369608e-01 -2.232436e-01
     vertex  6.252101e-02  3.369564e-01 -2.270731e-01
   endloop
 endfacet
 facet normal  1.681609e-03  9.999898e-01 -4.180897e-03
   outer loop
     vertex  8.850945e-02  3.369837e-01 -2.100735e-01
     vertex  8.240861e-02  3.369745e-01 -2.147326e-01
     vertex  6.941443e-02  3.369608e-01 -2.232436e-01
   endloop
 endfacet
 facet normal  1.739298e-03  9.999894e-01 -4.260368e-03
   outer loop
     vertex  9.434618e-02  3.369944e-01 -2.051603e-01
     vertex  6.252101e-02  3.369564e-01 -2.270731e-01
     vertex  5.536330e-02  3.369538e-01 -2.306037e-01
   endloop
 endfacet
 facet normal  1.668817e-03  9.999900e-01 -4.158005e-03
   outer loop
     vertex  9.434618e-02  3.369944e-01 -2.051603e-01
     vertex  8.850945e-02  3.369837e-01 -2.100735e-01
     vertex  6.252101e-02  3.369564e-01 -2.270731e-01
   endloop
 endfacet
 facet normal  1.656685e-03  9.999901e-01 -4.133794e-03
   outer loop
     vertex  9.991886e-02  3.370065e-01 -2.000041e-01
     vertex  9.434618e-02  3.369944e-01 -2.051603e-01
     vertex  5.536330e-02  3.369538e-01 -2.306037e-01
   endloop
 endfacet
 facet normal  1.755346e-03  9.999893e-01 -4.277451e-03
   outer loop
     vertex  9.991886e-02  3.370065e-01 -2.000041e-01
     vertex  5.536330e-02  3.369538e-01 -2.306037e-01
     vertex  4.794125e-02  3.369531e-01 -2.338242e-01
   endloop
 endfacet
 facet normal  1.772047e-03  9.999892e-01 -4.293504e-03
   outer loop
     vertex  1.052275e-01  3.370199e-01 -1.946161e-01
     vertex  4.794125e-02  3.369531e-01 -2.338242e-01
     vertex  4.025483e-02  3.369542e-01 -2.367234e-01
   endloop
 endfacet
 facet normal  1.645219e-03  9.999902e-01 -4.108200e-03
   outer loop
     vertex  1.052275e-01  3.370199e-01 -1.946161e-01
     vertex  9.991886e-02  3.370065e-01 -2.000041e-01
     vertex  4.794125e-02  3.369531e-01 -2.338242e-01
   endloop
 endfacet
 facet normal  1.634426e-03  9.999903e-01 -4.081153e-03
   outer loop
     vertex  1.102722e-01  3.370345e-01 -1.890075e-01
     vertex  1.052275e-01  3.370199e-01 -1.946161e-01
     vertex  4.025483e-02  3.369542e-01 -2.367234e-01
   endloop
 endfacet
 facet normal  1.789403e-03  9.999891e-01 -4.308562e-03
   outer loop
     vertex  1.102722e-01  3.370345e-01 -1.890075e-01
     vertex  4.025483e-02  3.369542e-01 -2.367234e-01
     vertex  3.230398e-02  3.369574e-01 -2.392902e-01
   endloop
 endfacet
 facet normal  1.624315e-03  9.999905e-01 -4.052579e-03
   outer loop
     vertex  1.150530e-01  3.370503e-01 -1.831895e-01
     vertex  1.102722e-01  3.370345e-01 -1.890075e-01
     vertex  3.230398e-02  3.369574e-01 -2.392902e-01
   endloop
 endfacet
 facet normal  1.800836e-03  9.999891e-01 -4.298326e-03
   outer loop
     vertex  1.195699e-01  3.370672e-01 -1.771733e-01
     vertex  3.230398e-02  3.369574e-01 -2.392902e-01
     vertex  2.408866e-02  3.369626e-01 -2.415133e-01
   endloop
 endfacet
 facet normal  1.592401e-03  9.999907e-01 -4.005505e-03
   outer loop
     vertex  1.195699e-01  3.370672e-01 -1.771733e-01
     vertex  1.150530e-01  3.370503e-01 -1.831895e-01
     vertex  3.230398e-02  3.369574e-01 -2.392902e-01
   endloop
 endfacet
 facet normal  5.256378e-02  9.957180e-01 -7.604443e-02
   outer loop
     vertex  1.238230e-01  3.370852e-01 -1.709700e-01
     vertex  2.408866e-02  3.369626e-01 -2.415133e-01
     vertex  1.559233e-02  3.372681e-01 -2.433869e-01
   endloop
 endfacet
 facet normal  1.582448e-03  9.999909e-01 -3.974238e-03
   outer loop
     vertex  1.238230e-01  3.370852e-01 -1.709700e-01
     vertex  1.195699e-01  3.370672e-01 -1.771733e-01
     vertex  2.408866e-02  3.369626e-01 -2.415133e-01
   endloop
 endfacet
 facet normal -5.288379e-02  9.955974e-01  7.738899e-02
   outer loop
     vertex  1.278123e-01  3.371040e-01 -1.645910e-01
     vertex  1.559233e-02  3.372681e-01 -2.433869e-01
     vertex  8.247627e-03  3.369780e-01 -2.446738e-01
   endloop
 endfacet
 facet normal  6.308091e-03  9.999563e-01 -6.902175e-03
   outer loop
     vertex  1.278123e-01  3.371040e-01 -1.645910e-01
     vertex  1.238230e-01  3.370852e-01 -1.709700e-01
     vertex  1.559233e-02  3.372681e-01 -2.433869e-01
   endloop
 endfacet
 facet normal  1.560508e-03  9.999912e-01 -3.903932e-03
   outer loop
     vertex  1.315379e-01  3.371238e-01 -1.580472e-01
     vertex  1.278123e-01  3.371040e-01 -1.645910e-01
     vertex  8.247627e-03  3.369780e-01 -2.446738e-01
   endloop
 endfacet
 facet normal  1.852791e-03  9.999890e-01 -4.298565e-03
   outer loop
     vertex  1.349998e-01  3.371443e-01 -1.513500e-01
     vertex  8.247627e-03  3.369780e-01 -2.446738e-01
     vertex  6.980269e-04  3.369876e-01 -2.456987e-01
   endloop
 endfacet
 facet normal  1.524493e-03  9.999914e-01 -3.852675e-03
   outer loop
     vertex  1.349998e-01  3.371443e-01 -1.513500e-01
     vertex  1.315379e-01  3.371238e-01 -1.580472e-01
     vertex  8.247627e-03  3.369780e-01 -2.446738e-01
   endloop
 endfacet
 facet normal  1.874891e-03  9.999890e-01 -4.306527e-03
   outer loop
     vertex  1.381981e-01  3.371655e-01 -1.445105e-01
     vertex  6.980269e-04  3.369876e-01 -2.456987e-01
     vertex -9.176412e-03  3.370022e-01 -2.466054e-01
   endloop
 endfacet
 facet normal  1.511226e-03  9.999916e-01 -3.812364e-03
   outer loop
     vertex  1.381981e-01  3.371655e-01 -1.445105e-01
     vertex  1.349998e-01  3.371443e-01 -1.513500e-01
     vertex  6.980269e-04  3.369876e-01 -2.456987e-01
   endloop
 endfacet
 facet normal  1.505341e-03  9.999917e-01 -3.773084e-03
   outer loop
     vertex  1.411327e-01  3.371874e-01 -1.375399e-01
     vertex  1.381981e-01  3.371655e-01 -1.445105e-01
     vertex -9.176412e-03  3.370022e-01 -2.466054e-01
   endloop
 endfacet
 facet normal  1.899383e-03  9.999890e-01 -4.289607e-03
   outer loop
     vertex  1.438038e-01  3.372099e-01 -1.304493e-01
     vertex -9.176412e-03  3.370022e-01 -2.466054e-01
     vertex -1.935573e-02  3.370196e-01 -2.470549e-01
   endloop
 endfacet
 facet normal  1.465520e-03  9.999920e-01 -3.718205e-03
   outer loop
     vertex  1.438038e-01  3.372099e-01 -1.304493e-01
     vertex  1.411327e-01  3.371874e-01 -1.375399e-01
     vertex -9.176412e-03  3.370022e-01 -2.466054e-01
   endloop
 endfacet
 facet normal  1.459986e-03  9.999922e-01 -3.674790e-03
   outer loop
     vertex  1.462114e-01  3.372328e-01 -1.232501e-01
     vertex  1.438038e-01  3.372099e-01 -1.304493e-01
     vertex -1.935573e-02  3.370196e-01 -2.470549e-01
   endloop
 endfacet
 facet normal  1.927153e-03  9.999890e-01 -4.269910e-03
   outer loop
     vertex  1.483555e-01  3.372562e-01 -1.159533e-01
     vertex -1.935573e-02  3.370196e-01 -2.470549e-01
     vertex -2.983998e-02  3.370399e-01 -2.470334e-01
   endloop
 endfacet
 facet normal  1.417028e-03  9.999925e-01 -3.617341e-03
   outer loop
     vertex  1.483555e-01  3.372562e-01 -1.159533e-01
     vertex  1.462114e-01  3.372328e-01 -1.232501e-01
     vertex -1.935573e-02  3.370196e-01 -2.470549e-01
   endloop
 endfacet
 facet normal -3.519655e-03  9.999849e-01 -4.211404e-03
   outer loop
     vertex  8.440052e-02  3.377762e-01  9.759040e-02
     vertex  7.161427e-02  3.377681e-01  1.063415e-01
     vertex  7.813836e-02  3.377732e-01  1.021017e-01
   endloop
 endfacet
 facet normal -3.547784e-03  9.999847e-01 -4.252504e-03
   outer loop
     vertex  8.440052e-02  3.377762e-01  9.759040e-02
     vertex  6.482828e-02  3.377608e-01  1.102984e-01
     vertex  7.161427e-02  3.377681e-01  1.063415e-01
   endloop
 endfacet
 facet normal  1.411780e-03  9.999926e-01 -3.569298e-03
   outer loop
     vertex  1.502363e-01  3.372799e-01 -1.085702e-01
     vertex  1.483555e-01  3.372562e-01 -1.159533e-01
     vertex -2.983998e-02  3.370399e-01 -2.470334e-01
   endloop
 endfacet
 facet normal -3.562830e-03  9.999845e-01 -4.271335e-03
   outer loop
     vertex  9.040070e-02  3.377773e-01  9.281862e-02
     vertex  5.778045e-02  3.377514e-01  1.139613e-01
     vertex  6.482828e-02  3.377608e-01  1.102984e-01
   endloop
 endfacet
 facet normal -3.506575e-03  9.999851e-01 -4.189035e-03
   outer loop
     vertex  9.040070e-02  3.377773e-01  9.281862e-02
     vertex  6.482828e-02  3.377608e-01  1.102984e-01
     vertex  8.440052e-02  3.377762e-01  9.759040e-02
   endloop
 endfacet
 facet normal  1.365442e-03  9.999929e-01 -3.509034e-03
   outer loop
     vertex  1.518536e-01  3.373038e-01 -1.011119e-01
     vertex  1.502363e-01  3.372799e-01 -1.085702e-01
     vertex -2.983998e-02  3.370399e-01 -2.470334e-01
   endloop
 endfacet
 facet normal  1.316308e-03  9.999932e-01 -3.447855e-03
   outer loop
     vertex  1.532077e-01  3.373280e-01 -9.358960e-02
     vertex  1.518536e-01  3.373038e-01 -1.011119e-01
     vertex -2.983998e-02  3.370399e-01 -2.470334e-01
   endloop
 endfacet
 facet normal -3.578529e-03  9.999844e-01 -4.289080e-03
   outer loop
     vertex  9.613885e-02  3.377764e-01  8.779758e-02
     vertex  5.047082e-02  3.377396e-01  1.173190e-01
     vertex  5.778045e-02  3.377514e-01  1.139613e-01
   endloop
 endfacet
 facet normal -3.494157e-03  9.999852e-01 -4.165381e-03
   outer loop
     vertex  9.613885e-02  3.377764e-01  8.779758e-02
     vertex  5.778045e-02  3.377514e-01  1.139613e-01
     vertex  9.040070e-02  3.377773e-01  9.281862e-02
   endloop
 endfacet
 facet normal -4.949304e-04  9.999989e-01 -1.373998e-03
   outer loop
     vertex  1.542985e-01  3.373522e-01 -8.601454e-02
     vertex -2.983998e-02  3.370399e-01 -2.470334e-01
     vertex -2.102574e-01  3.371506e-01 -1.014875e-01
   endloop
 endfacet
 facet normal  1.264280e-03  9.999935e-01 -3.385790e-03
   outer loop
     vertex  1.542985e-01  3.373522e-01 -8.601454e-02
     vertex  1.532077e-01  3.373280e-01 -9.358960e-02
     vertex -2.983998e-02  3.370399e-01 -2.470334e-01
   endloop
 endfacet
 facet normal -3.482405e-03  9.999854e-01 -4.140380e-03
   outer loop
     vertex  1.016149e-01  3.377737e-01  8.253847e-02
     vertex  5.047082e-02  3.377396e-01  1.173190e-01
     vertex  9.613885e-02  3.377764e-01  8.779758e-02
   endloop
 endfacet
 facet normal -3.594884e-03  9.999843e-01 -4.305779e-03
   outer loop
     vertex  1.016149e-01  3.377737e-01  8.253847e-02
     vertex  4.289944e-02  3.377255e-01  1.203603e-01
     vertex  5.047082e-02  3.377396e-01  1.173190e-01
   endloop
 endfacet
 facet normal -7.173672e-04  9.999985e-01  1.564166e-03
   outer loop
     vertex  1.551260e-01  3.373766e-01 -7.839786e-02
     vertex -2.102574e-01  3.371506e-01 -1.014875e-01
     vertex -2.118405e-01  3.371359e-01 -9.287237e-02
   endloop
 endfacet
 facet normal -4.197235e-04  9.999950e-01 -3.145887e-03
   outer loop
     vertex  1.551260e-01  3.373766e-01 -7.839786e-02
     vertex  1.542985e-01  3.373522e-01 -8.601454e-02
     vertex -2.102574e-01  3.371506e-01 -1.014875e-01
   endloop
 endfacet
 facet normal -3.611897e-03  9.999841e-01 -4.321471e-03
   outer loop
     vertex  1.068289e-01  3.377692e-01  7.705249e-02
     vertex  3.506635e-02  3.377089e-01  1.230741e-01
     vertex  4.289944e-02  3.377255e-01  1.203603e-01
   endloop
 endfacet
 facet normal -3.471328e-03  9.999855e-01 -4.113966e-03
   outer loop
     vertex  1.068289e-01  3.377692e-01  7.705249e-02
     vertex  4.289944e-02  3.377255e-01  1.203603e-01
     vertex  1.016149e-01  3.377737e-01  8.253847e-02
   endloop
 endfacet
 facet normal -5.320156e-04  9.999949e-01 -3.134921e-03
   outer loop
     vertex  1.556904e-01  3.374008e-01 -7.075078e-02
     vertex  1.551260e-01  3.373766e-01 -7.839786e-02
     vertex -2.118405e-01  3.371359e-01 -9.287237e-02
   endloop
 endfacet
 facet normal -8.158023e-04  9.999984e-01  1.579904e-03
   outer loop
     vertex  1.556904e-01  3.374008e-01 -7.075078e-02
     vertex -2.118405e-01  3.371359e-01 -9.287237e-02
     vertex -2.130766e-01  3.371212e-01 -8.418940e-02
   endloop
 endfacet
 facet normal -3.460933e-03  9.999857e-01 -4.086067e-03
   outer loop
     vertex  1.117807e-01  3.377631e-01  7.135081e-02
     vertex  3.506635e-02  3.377089e-01  1.230741e-01
     vertex  1.068289e-01  3.377692e-01  7.705249e-02
   endloop
 endfacet
 facet normal -3.629572e-03  9.999840e-01 -4.336188e-03
   outer loop
     vertex  1.117807e-01  3.377631e-01  7.135081e-02
     vertex  2.697161e-02  3.376898e-01  1.254491e-01
     vertex  3.506635e-02  3.377089e-01  1.230741e-01
   endloop
 endfacet
 facet normal -6.442886e-04  9.999949e-01 -3.126497e-03
   outer loop
     vertex  1.559916e-01  3.374250e-01 -6.308446e-02
     vertex  1.556904e-01  3.374008e-01 -7.075078e-02
     vertex -2.130766e-01  3.371212e-01 -8.418940e-02
   endloop
 endfacet
 facet normal -9.141461e-04  9.999983e-01  1.592527e-03
   outer loop
     vertex  1.559916e-01  3.374250e-01 -6.308446e-02
     vertex -2.130766e-01  3.371212e-01 -8.418940e-02
     vertex -2.139655e-01  3.371065e-01 -7.545539e-02
   endloop
 endfacet
 facet normal -3.451232e-03  9.999858e-01 -4.056605e-03
   outer loop
     vertex  1.164702e-01  3.377553e-01  6.544462e-02
     vertex  2.697161e-02  3.376898e-01  1.254491e-01
     vertex  1.117807e-01  3.377631e-01  7.135081e-02
   endloop
 endfacet
 facet normal -7.565432e-04  9.999948e-01 -3.120555e-03
   outer loop
     vertex  1.560297e-01  3.374490e-01 -5.541009e-02
     vertex  1.559916e-01  3.374250e-01 -6.308446e-02
     vertex -2.139655e-01  3.371065e-01 -7.545539e-02
   endloop
 endfacet
 facet normal -1.012409e-03  9.999982e-01  1.602152e-03
   outer loop
     vertex  1.560297e-01  3.374490e-01 -5.541009e-02
     vertex -2.139655e-01  3.371065e-01 -7.545539e-02
     vertex -2.145073e-01  3.370919e-01 -6.668712e-02
   endloop
 endfacet
 facet normal -3.419131e-03  9.999861e-01 -4.008724e-03
   outer loop
     vertex  1.208975e-01  3.377460e-01  5.934511e-02
     vertex  2.697161e-02  3.376898e-01  1.254491e-01
     vertex  1.164702e-01  3.377553e-01  6.544462e-02
   endloop
 endfacet
 facet normal -3.641940e-03  9.999840e-01 -4.325312e-03
   outer loop
     vertex  1.208975e-01  3.377460e-01  5.934511e-02
     vertex  1.861525e-02  3.376682e-01  1.274742e-01
     vertex  2.697161e-02  3.376898e-01  1.254491e-01
   endloop
 endfacet
 facet normal -1.110601e-03  9.999981e-01  1.608861e-03
   outer loop
     vertex  1.558048e-01  3.374727e-01 -4.773888e-02
     vertex -2.145073e-01  3.370919e-01 -6.668712e-02
     vertex -2.147020e-01  3.370776e-01 -5.790140e-02
   endloop
 endfacet
 facet normal -8.687802e-04  9.999948e-01 -3.117057e-03
   outer loop
     vertex  1.558048e-01  3.374727e-01 -4.773888e-02
     vertex  1.560297e-01  3.374490e-01 -5.541009e-02
     vertex -2.145073e-01  3.370919e-01 -6.668712e-02
   endloop
 endfacet
 facet normal -3.662072e-03  9.999839e-01 -4.337669e-03
   outer loop
     vertex  1.250626e-01  3.377352e-01  5.306347e-02
     vertex  9.997318e-03  3.376438e-01  1.291381e-01
     vertex  1.861525e-02  3.376682e-01  1.274742e-01
   endloop
 endfacet
 facet normal -3.409595e-03  9.999863e-01 -3.976489e-03
   outer loop
     vertex  1.250626e-01  3.377352e-01  5.306347e-02
     vertex  1.861525e-02  3.376682e-01  1.274742e-01
     vertex  1.208975e-01  3.377460e-01  5.934511e-02
   endloop
 endfacet
 facet normal -9.810006e-04  9.999947e-01 -3.115988e-03
   outer loop
     vertex  1.553169e-01  3.374961e-01 -4.008199e-02
     vertex  1.558048e-01  3.374727e-01 -4.773888e-02
     vertex -2.147020e-01  3.370776e-01 -5.790140e-02
   endloop
 endfacet
 facet normal -1.208729e-03  9.999980e-01  1.612703e-03
   outer loop
     vertex  1.553169e-01  3.374961e-01 -4.008199e-02
     vertex -2.147020e-01  3.370776e-01 -5.790140e-02
     vertex -2.145493e-01  3.370636e-01 -4.911505e-02
   endloop
 endfacet
 facet normal -3.682891e-03  9.999838e-01 -4.349136e-03
   outer loop
     vertex  1.289652e-01  3.377230e-01  4.661088e-02
     vertex  1.117869e-03  3.376167e-01  1.304298e-01
     vertex  9.997318e-03  3.376438e-01  1.291381e-01
   endloop
 endfacet
 facet normal -3.400769e-03  9.999864e-01 -3.942437e-03
   outer loop
     vertex  1.289652e-01  3.377230e-01  4.661088e-02
     vertex  9.997318e-03  3.376438e-01  1.291381e-01
     vertex  1.250626e-01  3.377352e-01  5.306347e-02
   endloop
 endfacet
 facet normal -1.093205e-03  9.999945e-01 -3.117352e-03
   outer loop
     vertex  1.545661e-01  3.375190e-01 -3.245062e-02
     vertex  1.553169e-01  3.374961e-01 -4.008199e-02
     vertex -2.145493e-01  3.370636e-01 -4.911505e-02
   endloop
 endfacet
 facet normal -1.306802e-03  9.999978e-01  1.613696e-03
   outer loop
     vertex  1.545661e-01  3.375190e-01 -3.245062e-02
     vertex -2.145493e-01  3.370636e-01 -4.911505e-02
     vertex -2.140495e-01  3.370501e-01 -4.034487e-02
   endloop
 endfacet
 facet normal -3.392668e-03  9.999866e-01 -3.906460e-03
   outer loop
     vertex  1.326055e-01  3.377096e-01  3.999853e-02
     vertex  1.117869e-03  3.376167e-01  1.304298e-01
     vertex  1.289652e-01  3.377230e-01  4.661088e-02
   endloop
 endfacet
 facet normal -1.205396e-03  9.999944e-01 -3.121177e-03
   outer loop
     vertex  1.535523e-01  3.375415e-01 -2.485595e-02
     vertex  1.545661e-01  3.375190e-01 -3.245062e-02
     vertex -2.140495e-01  3.370501e-01 -4.034487e-02
   endloop
 endfacet
 facet normal -3.356684e-03  9.999869e-01 -3.854139e-03
   outer loop
     vertex  1.359833e-01  3.376948e-01  3.323761e-02
     vertex  1.117869e-03  3.376167e-01  1.304298e-01
     vertex  1.326055e-01  3.377096e-01  3.999853e-02
   endloop
 endfacet
 facet normal -3.701749e-03  9.999838e-01 -4.332959e-03
   outer loop
     vertex  1.359833e-01  3.376948e-01  3.323761e-02
     vertex -8.023057e-03  3.375868e-01  1.313379e-01
     vertex  1.117869e-03  3.376167e-01  1.304298e-01
   endloop
 endfacet
 facet normal -1.388546e-03  9.999982e-01 -1.313527e-03
   outer loop
     vertex  1.522757e-01  3.375634e-01 -1.730917e-02
     vertex -2.132022e-01  3.370372e-01 -3.160766e-02
     vertex -3.030669e-02  3.375059e-01  1.319042e-01
   endloop
 endfacet
 facet normal -1.205925e-03  9.999944e-01 -3.108626e-03
   outer loop
     vertex  1.522757e-01  3.375634e-01 -1.730917e-02
     vertex  1.535523e-01  3.375415e-01 -2.485595e-02
     vertex -2.140495e-01  3.370501e-01 -4.034487e-02
   endloop
 endfacet
 facet normal -1.503367e-03  9.999976e-01  1.621379e-03
   outer loop
     vertex  1.522757e-01  3.375634e-01 -1.730917e-02
     vertex -2.140495e-01  3.370501e-01 -4.034487e-02
     vertex -2.132022e-01  3.370372e-01 -3.160766e-02
   endloop
 endfacet
 facet normal -3.348698e-03  9.999871e-01 -3.814695e-03
   outer loop
     vertex  1.390986e-01  3.376790e-01  2.633931e-02
     vertex -8.023057e-03  3.375868e-01  1.313379e-01
     vertex  1.359833e-01  3.376948e-01  3.323761e-02
   endloop
 endfacet
 facet normal -3.725144e-03  9.999836e-01 -4.342165e-03
   outer loop
     vertex  1.390986e-01  3.376790e-01  2.633931e-02
     vertex -1.742541e-02  3.375540e-01  1.318514e-01
     vertex -8.023057e-03  3.375868e-01  1.313379e-01
   endloop
 endfacet
 facet normal -3.170812e-03  9.999889e-01 -3.494370e-03
   outer loop
     vertex  1.507363e-01  3.375847e-01 -9.821476e-03
     vertex  1.522757e-01  3.375634e-01 -1.730917e-02
     vertex -3.030669e-02  3.375059e-01  1.319042e-01
   endloop
 endfacet
 facet normal -3.341460e-03  9.999873e-01 -3.772978e-03
   outer loop
     vertex  1.419514e-01  3.376620e-01  1.931480e-02
     vertex -1.742541e-02  3.375540e-01  1.318514e-01
     vertex  1.390986e-01  3.376790e-01  2.633931e-02
   endloop
 endfacet
 facet normal -3.218587e-03  9.999885e-01 -3.555398e-03
   outer loop
     vertex  1.489341e-01  3.376053e-01 -2.404043e-03
     vertex  1.507363e-01  3.375847e-01 -9.821476e-03
     vertex -3.030669e-02  3.375059e-01  1.319042e-01
   endloop
 endfacet
 facet normal -3.301788e-03  9.999876e-01 -3.716792e-03
   outer loop
     vertex  1.445416e-01  3.376440e-01  1.217528e-02
     vertex -1.742541e-02  3.375540e-01  1.318514e-01
     vertex  1.419514e-01  3.376620e-01  1.931480e-02
   endloop
 endfacet
 facet normal -3.744488e-03  9.999837e-01 -4.315936e-03
   outer loop
     vertex  1.445416e-01  3.376440e-01  1.217528e-02
     vertex -2.380852e-02  3.375306e-01  1.319688e-01
     vertex -1.742541e-02  3.375540e-01  1.318514e-01
   endloop
 endfacet
 facet normal -3.263612e-03  9.999881e-01 -3.615487e-03
   outer loop
     vertex  1.468692e-01  3.376251e-01  4.931939e-03
     vertex  1.489341e-01  3.376053e-01 -2.404043e-03
     vertex -3.030669e-02  3.375059e-01  1.319042e-01
   endloop
 endfacet
 facet normal -3.282854e-03  9.999879e-01 -3.667181e-03
   outer loop
     vertex  1.468692e-01  3.376251e-01  4.931939e-03
     vertex -2.380852e-02  3.375306e-01  1.319688e-01
     vertex  1.445416e-01  3.376440e-01  1.217528e-02
   endloop
 endfacet
 facet normal -3.761876e-03  9.999836e-01 -4.310764e-03
   outer loop
     vertex  1.468692e-01  3.376251e-01  4.931939e-03
     vertex -3.030669e-02  3.375059e-01  1.319042e-01
     vertex -2.380852e-02  3.375306e-01  1.319688e-01
   endloop
 endfacet
endsolid
